theme,ticker,article_count_7d,source_breadth_7d,matched_item_count,sample_headlines,bucket_type,bucket_weight,rank,attention_score,theme_adjusted_confidence,theme_narrative_type,theme_article_count_7d,unique_ticker_count_7d,top_ticker_share_7d,pure_play_ratio_7d,company_name,sector,industry,price_return_5d,price_return_1m,price_return_3m,relative_return_1m_spy,price_state,article_exposure_pct,source_breadth_pct,context_relevance_pct,pure_play_fit,price_confirmation,company_narrative_score,company_narrative_role,interpretation_flag
Quantum Computing,JPM,2,1,1,"Goldman Sachs, JPMorgan sharply diverge on quantum computing | Goldman Pulls Back After 8 Million Qubit Reality Check, JPMorgan Presses On",news_linked,65.0,1,80.625,medium,derivative_mention,8,6,0.25,0.0,JP Morgan Chase & Co. Common Stock,Finance,Major Banks,1.3591548131560494,6.3271452055249755,2.6738784609633415,-3.655461954378491,neutral,96.66666666666667,80.0,100.0,65.0,48.9737739981547,82.17939943305655,derivative_news_linked,news_linked_but_derivative_theme
Quantum Computing,GOOG,2,2,0,Quantum Computing: Moving Out Of The Lab | Marvell’s AI Data Center Push Meets Early Quantum Computing Exposure,news_linked,65.0,1,80.625,medium,derivative_mention,8,6,0.25,0.0,Alphabet Inc. Class C Capital Stock,Technology,Computer Software: Programming Data Processing,11.947882981244252,29.94913840358395,13.280939477365283,19.966531243680485,extended,96.66666666666667,100.0,50.0,65.0,64.95796651601957,76.57702831073627,derivative_news_linked,news_linked_but_derivative_theme;price_risk
Quantum Computing,GOOGL,1,1,0,"This Investment Gives You Access to All the Hottest Market Trends: Generative AI, SpaceX, Quantum Computing, Robotaxis, and More",news_linked,65.0,1,80.625,medium,derivative_mention,8,6,0.25,0.0,Alphabet Inc. Class A Common Stock,Technology,Computer Software: Programming Data Processing,11.98896901180908,29.691645127141687,14.18979375562952,19.70903796723822,extended,76.66666666666667,80.0,50.0,65.0,64.67472391193309,67.53454192012329,derivative_news_linked,news_linked_but_derivative_theme;price_risk
Quantum Computing,MU,1,1,0,"Quantum Computing Stocks Are Next Big Play After AI, Says Defiance ETF Executive",news_linked,65.0,1,80.625,medium,derivative_mention,8,6,0.25,0.0,Micron Technology Inc. Common Stock,Technology,Semiconductors,9.158081140312468,47.39975886260404,30.745711317154026,37.41715170270057,overheated,76.66666666666667,80.0,50.0,65.0,61.0,66.98333333333332,derivative_news_linked,news_linked_but_derivative_theme;price_risk
Quantum Computing,NVDA,1,1,0,Nvidia Is Using AI to Fix Quantum Computing's Biggest Problem,news_linked,65.0,1,80.625,medium,derivative_mention,8,6,0.25,0.0,NVIDIA Corporation Common Stock,Technology,Semiconductors,-4.715036790114102,12.916072232285746,3.835470169062116,2.9334650723822797,neutral,76.66666666666667,80.0,50.0,65.0,56.22159372759155,66.26657239247206,derivative_news_linked,news_linked_but_derivative_theme
Quantum Computing,INTC,1,1,0,Intel CEO Lip-Bu Tan Has A New Role In Nvidia-Backed 'Fault-Tolerant' Quantum Computing Firm,news_linked,65.0,1,80.625,medium,derivative_mention,8,6,0.25,0.0,,,,,,,,,76.66666666666667,80.0,50.0,65.0,50.0,65.33333333333333,derivative_news_linked,news_linked_but_derivative_theme
Quantum Computing,RGTI,0,0,0,,pure_play,100.0,1,80.625,medium,derivative_mention,8,6,0.25,0.0,Rigetti Computing Inc. Common Stock,Technology,EDP Services,5.358214069503275,29.629629629629623,-3.6873972123317778,19.64702246972616,confirming,33.33333333333333,33.33333333333333,50.0,100.0,84.60650686466981,52.890976029700475,mapped_pure_play_watch,mapped_only_needs_news_confirmation
Quantum Computing,IONQ,0,0,0,,pure_play,100.0,1,80.625,medium,derivative_mention,8,6,0.25,0.0,IonQ Inc. Common Stock,Technology,EDP Services,8.222071326173431,66.24684865384705,15.55778212086294,56.26424149394359,overheated,33.33333333333333,33.33333333333333,50.0,100.0,61.0,49.35,mapped_pure_play_watch,mapped_only_needs_news_confirmation;price_risk
Quantum Computing,QBTS,0,0,0,,pure_play,100.0,1,80.625,medium,derivative_mention,8,6,0.25,0.0,D-Wave Quantum Inc. Common Shares,Technology,EDP Services,10.816657786681262,49.56204420719068,-3.440148755221273,39.579437047287215,overheated,33.33333333333333,33.33333333333333,50.0,100.0,61.0,49.35,mapped_pure_play_watch,mapped_only_needs_news_confirmation;price_risk
Quantum Computing,QUBT,0,0,0,,pure_play,100.0,1,80.625,medium,derivative_mention,8,6,0.25,0.0,Quantum Computing Inc. Common Stock,Technology,Computer Software: Prepackaged Software,3.0201394903431877,38.70482264063089,-0.6472536855858357,28.72221548072742,overheated,33.33333333333333,33.33333333333333,50.0,100.0,59.58921917677121,49.138382876515685,mapped_pure_play_watch,mapped_only_needs_news_confirmation;price_risk
Quantum Computing,AMZN,0,0,0,,adopter,55.0,1,80.625,medium,derivative_mention,8,6,0.25,0.0,Amazon.com Inc. Common Stock,Consumer Discretionary,Catalog/Specialty Distribution,1.617492969130763,27.397065315470037,12.10196671314019,17.41445815556657,extended,33.33333333333333,33.33333333333333,50.0,55.0,62.150686119094274,40.52260291786414,mapped_watch,mapped_only_needs_news_confirmation;price_risk
Quantum Computing,MSFT,0,0,0,,adopter,55.0,1,80.625,medium,derivative_mention,8,6,0.25,0.0,Microsoft Corporation Common Stock,Technology,Computer Software: Prepackaged Software,-2.3974360116912896,12.201859360536238,-3.463723892731363,2.2192522006327717,neutral,33.33333333333333,33.33333333333333,50.0,55.0,55.435959568667094,39.51539393530007,mapped_watch,mapped_only_needs_news_confirmation
Quantum Computing,IBM,0,0,0,,enabler,80.0,1,80.625,medium,derivative_mention,8,6,0.25,0.0,International Business Machines Corporation Common Stock,Technology,Computer Manufacturing,0.0948362896607379,-4.499466344027647,-23.85918562157341,-14.482073503931112,lagging,33.33333333333333,33.33333333333333,50.0,80.0,22.06450129364682,39.50967519404703,mapped_watch,mapped_only_needs_news_confirmation
Quantum Computing,HON,0,0,0,,enabler,80.0,1,80.625,medium,derivative_mention,8,6,0.25,0.0,Honeywell International Inc. Common Stock,Industrials,Aerospace,-0.314302282075507,-6.879928640754141,-6.137922337730806,-16.862535800657607,lagging,33.33333333333333,33.33333333333333,50.0,80.0,19.445992767247674,39.116898915087155,mapped_watch,mapped_only_needs_news_confirmation
Quantum Computing,ARQQ,0,0,0,,sympathetic,35.0,1,80.625,medium,derivative_mention,8,6,0.25,0.0,Arqit Quantum Inc. Ordinary Shares,Technology,Computer Software: Prepackaged Software,-0.0688181375862573,6.843269276922603,-28.543303760668294,-3.139337882980863,neutral,33.33333333333333,33.33333333333333,50.0,35.0,49.541510476692096,34.63122657150382,mapped_watch,mapped_only_needs_news_confirmation
Robotics And Automation,META,6,3,6,Meta Buys Robotics Startup Assured Robot Intelligence To Power Humanoid Push As $5 Trillion Market Race Heats Up | Meta buys robotics startup to bolster its humanoid AI ambitions | Meta Robotics Move Meets Undervalued View On Meta Platforms Stock,news_linked,65.0,2,78.78125,medium,emerging_watch,11,6,0.5454545454545454,0.6363636363636364,Meta Platforms Inc. Class A Common Stock,Technology,Computer Software: Programming Data Processing,-9.8188267810713,5.096424654566478,-14.965640142367342,-4.886182505336988,neutral,100.0,100.0,100.0,65.0,47.61998139210036,85.14299720881505,news_linked_unmapped,normal
Robotics And Automation,GOOG,1,1,2,Google Partner NovaCore Labs and AIBotics Advance Acquisition and Expand Robot Deployment Across Jamaica,news_linked,65.0,2,78.78125,medium,emerging_watch,11,6,0.5454545454545454,0.6363636363636364,Alphabet Inc. Class C Capital Stock,Technology,Computer Software: Programming Data Processing,11.947882981244252,29.94913840358395,13.280939477365283,19.966531243680485,extended,82.35294117647058,82.35294117647058,91.17647058823529,65.0,64.95796651601957,78.03781262446175,news_linked_unmapped,normal;price_risk
Robotics And Automation,AMZN,1,1,2,"One Million Robots In, Amazon’s Automation Ambitions Are Just Heating Up",news_linked,65.0,2,78.78125,medium,emerging_watch,11,6,0.5454545454545454,0.6363636363636364,Amazon.com Inc. Common Stock,Consumer Discretionary,Catalog/Specialty Distribution,1.617492969130763,27.397065315470037,12.10196671314019,17.41445815556657,extended,82.35294117647058,82.35294117647058,91.17647058823529,65.0,62.150686119094274,77.61672056492296,news_linked_unmapped,normal;price_risk
Robotics And Automation,ORCL,1,1,1,SoftBank reportedly weighs $100 billion valuation for new AI and robotics spinout in potential U.S. IPO,news_linked,65.0,2,78.78125,medium,emerging_watch,11,6,0.5454545454545454,0.6363636363636364,Oracle Corporation Common Stock,Technology,Computer Software: Prepackaged Software,-0.8367941819349967,18.72900756557927,4.769800086059517,8.746400405675804,confirming,82.35294117647058,82.35294117647058,76.47058823529412,65.0,72.61582259421442,76.24531456560274,news_linked_unmapped,normal
Robotics And Automation,GOOGL,1,1,1,"WRITER Launches Event-Based Triggers for Enterprise AI Agents, Extending Automation Across Systems Without Human Initiation",news_linked,65.0,2,78.78125,medium,emerging_watch,11,6,0.5454545454545454,0.6363636363636364,Alphabet Inc. Class A Common Stock,Technology,Computer Software: Programming Data Processing,11.98896901180908,29.691645127141687,14.18979375562952,19.70903796723822,extended,82.35294117647058,82.35294117647058,76.47058823529412,65.0,64.67472391193309,75.05414976326054,news_linked_unmapped,normal;price_risk
Robotics And Automation,TSLA,1,1,1,"TESLA (TSLA) To Boost Investments in AI, Robotics and Chips",news_linked,65.0,2,78.78125,medium,emerging_watch,11,6,0.5454545454545454,0.6363636363636364,Tesla Inc. Common Stock,Industrials,Auto Manufacturing,3.8586287542583086,2.5074745091861805,-9.198205432272088,-7.475132650717286,neutral,82.35294117647058,82.35294117647058,76.47058823529412,65.0,44.77213623218203,72.06876161129789,news_linked_unmapped,normal
Robotics And Automation,TER,0,0,0,,pure_play,100.0,2,78.78125,medium,emerging_watch,11,6,0.5454545454545454,0.6363636363636364,Teradyne Inc. Common Stock,Industrials,Electrical Products,-17.379443043962084,10.6406149653427,43.35799529474347,0.6580078054392331,neutral,35.294117647058826,35.294117647058826,35.294117647058826,100.0,53.718590733954194,49.19896508068137,mapped_pure_play_watch,mapped_only_needs_news_confirmation
Robotics And Automation,ROK,0,0,0,,pure_play,100.0,2,78.78125,medium,emerging_watch,11,6,0.5454545454545454,0.6363636363636364,Rockwell Automation Inc. Common Stock,Industrials,Industrial Machinery/Components,1.5579042111033337,10.438571464377963,-3.036928014502338,0.4559643044744987,neutral,35.294117647058826,35.294117647058826,35.294117647058826,100.0,53.49634288289299,49.16562790302219,mapped_pure_play_watch,mapped_only_needs_news_confirmation
Robotics And Automation,ZBRA,0,0,0,,pure_play,100.0,2,78.78125,medium,emerging_watch,11,6,0.5454545454545454,0.6363636363636364,Zebra Technologies Corporation Class A Common Stock,Industrials,Industrial Machinery/Components,-0.2766698275162516,9.552297939194808,-3.361985717986171,-0.4303092207086578,neutral,35.294117647058826,35.294117647058826,35.294117647058826,100.0,52.52144200519152,49.01939277136697,mapped_pure_play_watch,mapped_only_needs_news_confirmation
Robotics And Automation,SYM,0,0,0,,pure_play,100.0,2,78.78125,medium,emerging_watch,11,6,0.5454545454545454,0.6363636363636364,Symbotic Inc. Class A Common Stock,Industrials,Industrial Machinery/Components,-0.8418925831596313,7.424297186211915,8.313409134744276,-2.558309973691552,neutral,35.294117647058826,35.294117647058826,35.294117647058826,100.0,50.180641176910335,48.668272647124795,mapped_pure_play_watch,mapped_only_needs_news_confirmation
Robotics And Automation,AVGO,0,0,0,,enabler,80.0,2,78.78125,medium,emerging_watch,11,6,0.5454545454545454,0.6363636363636364,Broadcom Inc. Common Stock,Technology,Semiconductors,-0.3500830145094946,34.38387569068304,27.426420708051168,24.401268530779575,extended,35.294117647058826,35.294117647058826,35.294117647058826,80.0,69.83617753182858,47.616603100362525,mapped_watch,mapped_only_needs_news_confirmation;price_risk
Robotics And Automation,AMD,0,0,0,,enabler,80.0,2,78.78125,medium,emerging_watch,11,6,0.5454545454545454,0.6363636363636364,Advanced Micro Devices Inc. Common Stock,Technology,Semiconductors,3.660047461454452,71.51419867260662,52.300095066904895,61.53159151270316,overheated,35.294117647058826,35.294117647058826,35.294117647058826,80.0,61.0,46.29117647058824,mapped_watch,mapped_only_needs_news_confirmation;price_risk
Robotics And Automation,NVDA,0,0,0,,enabler,80.0,2,78.78125,medium,emerging_watch,11,6,0.5454545454545454,0.6363636363636364,NVIDIA Corporation Common Stock,Technology,Semiconductors,-4.715036790114102,12.916072232285746,3.835470169062116,2.9334650723822797,neutral,35.294117647058826,35.294117647058826,35.294117647058826,80.0,56.22159372759155,45.57441552972698,mapped_watch,mapped_only_needs_news_confirmation
Robotics And Automation,ISRG,0,0,0,,pure_play,100.0,2,78.78125,medium,emerging_watch,11,6,0.5454545454545454,0.6363636363636364,Intuitive Surgical Inc. Common Stock,Health Care,Industrial Specialties,-5.06822661431261,-1.4361100769572532,-9.210265822255415,-11.41871723686072,lagging,35.294117647058826,35.294117647058826,35.294117647058826,100.0,25.43419318742425,44.956305448701876,mapped_pure_play_watch,mapped_only_needs_news_confirmation
Robotics And Automation,ABBNY,0,0,0,,sympathetic,35.0,2,78.78125,medium,emerging_watch,11,6,0.5454545454545454,0.6363636363636364,,,,1.599432933626033,21.19031010093797,18.88690448767738,11.207702941034505,extended,35.294117647058826,35.294117647058826,35.294117647058826,35.0,55.323255383109,36.43966477805459,mapped_watch,mapped_only_needs_news_confirmation;price_risk
Robotics And Automation,IRBT,0,0,0,,sympathetic,35.0,2,78.78125,medium,emerging_watch,11,6,0.5454545454545454,0.6363636363636364,,,,,,,,neutral,35.294117647058826,35.294117647058826,35.294117647058826,35.0,50.0,35.64117647058824,mapped_watch,mapped_only_needs_news_confirmation
Robotics And Automation,PATH,0,0,0,,sympathetic,35.0,2,78.78125,medium,emerging_watch,11,6,0.5454545454545454,0.6363636363636364,UiPath Inc. Class A Common Stock,Technology,Computer Software: Prepackaged Software,2.892962334094462,-3.176046886850614,-15.250198991453445,-13.15865404675408,lagging,35.294117647058826,35.294117647058826,35.294117647058826,35.0,23.52026269654155,31.669215875069472,mapped_watch,mapped_only_needs_news_confirmation
Data Center Capex,ORCL,16,3,16,Bloom Energy (BE) Is Up 25.7% After Securing Oracle AI Data Center Power Deal - Has The Bull Case Changed? | Oracle Corp. (ORCL) Inks $1.65 billion Supply Agreement with Australian Modular Data Center Manufacturer | DTE sees up to 8.4 GW data center opportunity,news_linked,65.0,3,77.3125,very_high,sustained_narrative,58,15,0.2758620689655172,0.7931034482758621,Oracle Corporation Common Stock,Technology,Computer Software: Prepackaged Software,-0.8367941819349967,18.72900756557927,4.769800086059517,8.746400405675804,confirming,100.0,96.29629629629629,100.0,65.0,72.61582259421442,88.5220030187618,news_linked_unmapped,normal
Data Center Capex,AMD,11,3,10,"How Surging AI Data Center Demand And Big-Name Deals At AMD (AMD) Has Changed Its Investment Story | Riot Platform Stock Spikes After Data Center Debut, AMD Doubles Capacity | Riot Platforms VP Calls Firm's Bitcoin Reserve 'Most Capital-Efficient Source Of Funding' For Its Data Center Business",news_linked,65.0,3,77.3125,very_high,sustained_narrative,58,15,0.2758620689655172,0.7931034482758621,Advanced Micro Devices Inc. Common Stock,Technology,Semiconductors,3.660047461454452,71.51419867260662,52.300095066904895,61.53159151270316,overheated,96.29629629629629,96.29629629629629,96.29629629629629,65.0,61.0,84.7425925925926,news_linked_unmapped,normal;price_risk
Data Center Capex,GOOG,6,1,6,"Hut 8 closes $3.25 billion in investment-grade debt for Louisiana AI data center | Marvell’s AI Data Center Push Meets Early Quantum Computing Exposure | Stock Market Today, April 30: Meta Falls as Higher AI Capex Outlook Overshadows Strong Q1 Results",news_linked,65.0,3,77.3125,very_high,sustained_narrative,58,15,0.2758620689655172,0.7931034482758621,Alphabet Inc. Class C Capital Stock,Technology,Computer Software: Programming Data Processing,11.947882981244252,29.94913840358395,13.280939477365283,19.966531243680485,extended,92.5925925925926,64.81481481481481,92.5925925925926,65.0,64.95796651601957,80.15110238481034,news_linked_unmapped,normal;price_risk
Data Center Capex,AVGO,3,3,4,"Qualcomm stock surges on data center demand, Eli Lilly lifts outlook | Why Is Broadcom Stock Surging On Thursday? | Anthropic in European AI data center push as it recruits for key dealmaker",news_linked,65.0,3,77.3125,very_high,sustained_narrative,58,15,0.2758620689655172,0.7931034482758621,Broadcom Inc. Common Stock,Technology,Semiconductors,-0.3500830145094946,34.38387569068304,27.426420708051168,24.401268530779575,extended,81.48148148148148,96.29629629629629,88.88888888888889,65.0,69.83617753182858,79.40135255570021,news_linked_unmapped,normal;price_risk
Data Center Capex,AMZN,4,2,3,Mag 7 Just Committed $710 Billion To AI Capex | JPMorgan Downgrades Meta to Neutral: Are AI CapEx Concerns Finally Catching Up? | Hyperscaler Capex Growth Reignites Semi Mania; Jobless Claims This Low Last Seen In 1969,news_linked,65.0,3,77.3125,very_high,sustained_narrative,58,15,0.2758620689655172,0.7931034482758621,Amazon.com Inc. Common Stock,Consumer Discretionary,Catalog/Specialty Distribution,1.617492969130763,27.397065315470037,12.10196671314019,17.41445815556657,extended,88.88888888888889,87.03703703703704,81.48148148148148,65.0,62.150686119094274,78.43371402897526,news_linked_unmapped,normal;price_risk
Data Center Capex,MSFT,3,2,3,"Amazon vs. Microsoft and the Great AI Capex Divergence | 'AI Investor Coatue Joins Data Center Frenzy With New Venture to Buy Land' - Wall Street Journal | VIX in Whipsaw on Sticky Inflation, Fed Dissent and Lofty AI Capex",news_linked,65.0,3,77.3125,very_high,sustained_narrative,58,15,0.2758620689655172,0.7931034482758621,Microsoft Corporation Common Stock,Technology,Computer Software: Prepackaged Software,-2.3974360116912896,12.201859360536238,-3.463723892731363,2.2192522006327717,neutral,81.48148148148148,87.03703703703704,81.48148148148148,65.0,55.435959568667094,74.83391245381858,news_linked_unmapped,normal
Data Center Capex,INTC,3,1,3,"Data Center Demand Drove Vertiv's Earnings up 83%, but Is This AI Infrastructure Play Worth its Lofy Valuation? | Here's How AI Data Center Spending Helped This Stock Pop to an All-Time High Today | 4 Stocks Primed to Benefit From the $7 Trillion Data Center Build-Out",news_linked,65.0,3,77.3125,very_high,sustained_narrative,58,15,0.2758620689655172,0.7931034482758621,,,,,,,,,81.48148148148148,64.81481481481481,81.48148148148148,65.0,50.0,71.79629629629629,news_linked_unmapped,normal
Data Center Capex,MU,2,1,2,Mag 7 Capex Explosion: AI Infrastructure Stocks Could Win Big | Seagate: The Biggest Risk Is Buying At The Top Of The Industry Capex Cycle,news_linked,65.0,3,77.3125,very_high,sustained_narrative,58,15,0.2758620689655172,0.7931034482758621,Micron Technology Inc. Common Stock,Technology,Semiconductors,9.158081140312468,47.39975886260404,30.745711317154026,37.41715170270057,overheated,68.51851851851852,64.81481481481481,70.37037037037037,65.0,61.0,66.68703703703704,news_linked_unmapped,normal;price_risk
Data Center Capex,NVDA,2,1,2,AI Data Center Growth Is Now a Power Infrastructure Problem | Is NVIDIA Corporation (NVDA) Among the Best Data Center Hardware Stocks?,news_linked,65.0,3,77.3125,very_high,sustained_narrative,58,15,0.2758620689655172,0.7931034482758621,NVIDIA Corporation Common Stock,Technology,Semiconductors,-4.715036790114102,12.916072232285746,3.835470169062116,2.9334650723822797,neutral,68.51851851851852,64.81481481481481,70.37037037037037,65.0,56.22159372759155,65.97027609617577,news_linked_unmapped,normal
Data Center Capex,JPM,2,1,2,"JPMorgan and Susquehanna Both Boost Bloom Energy Price Targets: Is the Data Center Power Play Heating Up? | JPMorganChase received millions in tax breaks to expand a data center. Meanwhile, it created just one full-time job",news_linked,65.0,3,77.3125,very_high,sustained_narrative,58,15,0.2758620689655172,0.7931034482758621,JP Morgan Chase & Co. Common Stock,Finance,Major Banks,1.3591548131560494,6.3271452055249755,2.6738784609633415,-3.655461954378491,neutral,68.51851851851852,64.81481481481481,70.37037037037037,65.0,48.9737739981547,64.88310313676024,news_linked_unmapped,normal
Data Center Capex,AAPL,2,1,1,"Stock Market Today: Nasdaq Leads, Hits New High; Data Center Play Leaps (Live Coverage) | Wall Street Lifts Qualcomm Price Target to $160 on AI Ramp: Is the Hyperscaler Catalyst Real?",news_linked,65.0,3,77.3125,very_high,sustained_narrative,58,15,0.2758620689655172,0.7931034482758621,,,,,,,,,68.51851851851852,64.81481481481481,55.55555555555556,65.0,50.0,62.074074074074076,news_linked_unmapped,normal
Data Center Capex,GOOGL,1,1,1,$1 Trillion in AI Capex Is Coming. Here Are 5 Stocks That Will Feast on the Buildout,news_linked,65.0,3,77.3125,very_high,sustained_narrative,58,15,0.2758620689655172,0.7931034482758621,Alphabet Inc. Class A Common Stock,Technology,Computer Software: Programming Data Processing,11.98896901180908,29.691645127141687,14.18979375562952,19.70903796723822,extended,53.70370370370371,64.81481481481481,55.55555555555556,65.0,64.67472391193309,59.09009747567885,news_linked_unmapped,normal;price_risk
Data Center Capex,META,1,1,1,Assessing Entergy (ETR) After Meta Data Center Deal And Expanded US$40b Capital Plan,news_linked,65.0,3,77.3125,very_high,sustained_narrative,58,15,0.2758620689655172,0.7931034482758621,Meta Platforms Inc. Class A Common Stock,Technology,Computer Software: Programming Data Processing,-9.8188267810713,5.096424654566478,-14.965640142367342,-4.886182505336988,neutral,53.70370370370371,64.81481481481481,55.55555555555556,65.0,47.61998139210036,56.531886097703946,news_linked_unmapped,normal
Data Center Capex,TSLA,1,1,1,"I fully expect Nvidia to be at the heart of the AI revolution and the data center, says Jim Cramer",news_linked,65.0,3,77.3125,very_high,sustained_narrative,58,15,0.2758620689655172,0.7931034482758621,Tesla Inc. Common Stock,Industrials,Auto Manufacturing,3.8586287542583086,2.5074745091861805,-9.198205432272088,-7.475132650717286,neutral,53.70370370370371,64.81481481481481,55.55555555555556,65.0,44.77213623218203,56.10470932371619,news_linked_unmapped,normal
Data Center Capex,LLY,1,1,1,Jim Cramer explains the market can be essentially split into the data center stocks and everything else,news_linked,65.0,3,77.3125,very_high,sustained_narrative,58,15,0.2758620689655172,0.7931034482758621,Eli Lilly and Company Common Stock,Health Care,Biotechnology: Pharmaceutical Preparations,8.978912297420916,0.922976719013202,-6.962558899980387,-9.059630440890263,neutral,53.70370370370371,64.81481481481481,55.55555555555556,65.0,43.02918866299175,55.843267188337656,news_linked_unmapped,normal
Data Center Capex,SMCI,0,0,0,,pure_play,100.0,3,77.3125,very_high,sustained_narrative,58,15,0.2758620689655172,0.7931034482758621,Super Micro Computer Inc. Common Stock,Technology,Computer Manufacturing,-6.8431904275760065,20.34651211522249,-6.939197579560874,10.363904955319024,confirming,24.074074074074073,24.074074074074073,24.074074074074073,100.0,74.39507759882197,45.00740978797144,mapped_pure_play_watch,mapped_only_needs_news_confirmation
Data Center Capex,VRT,0,0,0,,pure_play,100.0,3,77.3125,very_high,sustained_narrative,58,15,0.2758620689655172,0.7931034482758621,Vertiv Holdings LLC Class A Common Stock,Technology,Industrial Machinery/Components,1.4994145278054205,26.57979093158329,76.38207172977135,16.597183771679823,extended,24.074074074074073,24.074074074074073,24.074074074074073,100.0,61.25168429681884,43.03590079267097,mapped_pure_play_watch,mapped_only_needs_news_confirmation;price_risk
Data Center Capex,ANET,0,0,0,,pure_play,100.0,3,77.3125,very_high,sustained_narrative,58,15,0.2758620689655172,0.7931034482758621,Arista Networks Inc. Common Stock,Telecommunications,Computer Communications Equipment,-2.379744857112842,38.32599043566625,21.842803905190532,28.343383275762783,overheated,24.074074074074073,24.074074074074073,24.074074074074073,100.0,59.1725037513101,42.72402371084466,mapped_pure_play_watch,mapped_only_needs_news_confirmation;price_risk
Data Center Capex,DELL,0,0,0,,pure_play,100.0,3,77.3125,very_high,sustained_narrative,58,15,0.2758620689655172,0.7931034482758621,Dell Technologies Inc. Class C Common Stock ,Technology,Computer Manufacturing,-2.7395984401279105,24.465873570326057,84.21906253947624,14.48326641042259,extended,24.074074074074073,24.074074074074073,24.074074074074073,100.0,58.926375199435896,42.687104428063535,mapped_pure_play_watch,mapped_only_needs_news_confirmation;price_risk
Data Center Capex,ARM,0,0,0,,enabler,80.0,3,77.3125,very_high,sustained_narrative,58,15,0.2758620689655172,0.7931034482758621,Arm Holdings plc American Depositary Shares,Technology,Semiconductors,-10.063457743921632,36.18364783735923,100.43659021679328,26.201040677455765,overheated,24.074074074074073,24.074074074074073,24.074074074074073,80.0,56.815926893172374,38.370537182124,mapped_watch,mapped_only_needs_news_confirmation;price_risk
Data Center Capex,TSM,0,0,0,,enabler,80.0,3,77.3125,very_high,sustained_narrative,58,15,0.2758620689655172,0.7931034482758621,Taiwan Semiconductor Manufacturing Company Ltd.,Technology,Semiconductors,-1.1901749562796993,16.45144068638771,20.64090298308898,6.468833526484243,extended,24.074074074074073,24.074074074074073,24.074074074074073,80.0,50.11049902710371,37.3647230022137,mapped_watch,mapped_only_needs_news_confirmation;price_risk
Data Center Capex,ASML,0,0,0,,enabler,80.0,3,77.3125,very_high,sustained_narrative,58,15,0.2758620689655172,0.7931034482758621,ASML Holding N.V. New York Registry Shares,Technology,Industrial Machinery/Components,-1.8908556721138223,5.175684805148983,0.6340987052196878,-4.806922354754483,neutral,24.074074074074073,24.074074074074073,24.074074074074073,80.0,47.70716755774111,37.00422328180932,mapped_watch,mapped_only_needs_news_confirmation
Data Center Capex,GEV,0,0,0,,sympathetic,35.0,3,77.3125,very_high,sustained_narrative,58,15,0.2758620689655172,0.7931034482758621,GE Vernova Inc. Common Stock,,,-7.504415686831035,18.79455468034408,46.42574939543389,8.811947520440611,confirming,24.074074074074073,24.074074074074073,24.074074074074073,35.0,72.68792442045572,31.7513368112165,mapped_watch,mapped_only_needs_news_confirmation
Data Center Capex,BE,0,0,0,,sympathetic,35.0,3,77.3125,very_high,sustained_narrative,58,15,0.2758620689655172,0.7931034482758621,Bloom Energy Corporation Class A Common Stock,Energy,Industrial Machinery/Components,25.67374283636581,119.34314511702031,91.92706506250288,109.36053795711686,overheated,24.074074074074073,24.074074074074073,24.074074074074073,35.0,61.0,29.998148148148147,mapped_watch,mapped_only_needs_news_confirmation;price_risk
Data Center Capex,CEG,0,0,0,,sympathetic,35.0,3,77.3125,very_high,sustained_narrative,58,15,0.2758620689655172,0.7931034482758621,Constellation Energy Corporation Common Stock ,Utilities,Electric Utilities: Central,-1.8243872174826925,10.144567011508254,9.812778708097646,0.1619598516047879,neutral,24.074074074074073,24.074074074074073,24.074074074074073,35.0,53.17293798473631,28.824088845858594,mapped_watch,mapped_only_needs_news_confirmation
Data Center Capex,ETN,0,0,0,,sympathetic,35.0,3,77.3125,very_high,sustained_narrative,58,15,0.2758620689655172,0.7931034482758621,Eaton Corporation PLC Ordinary Shares,Technology,Industrial Machinery/Components,0.3845004514070327,16.410436217042456,21.47200026203149,6.4278290571389896,extended,24.074074074074073,24.074074074074073,24.074074074074073,35.0,50.06539411082393,28.357957264771738,mapped_watch,mapped_only_needs_news_confirmation;price_risk
Data Center Capex,VST,0,0,0,,sympathetic,35.0,3,77.3125,very_high,sustained_narrative,58,15,0.2758620689655172,0.7931034482758621,Vistra Corp. Common Stock,Utilities,Electric Utilities: Central,-5.51871432149873,0.8573603584487222,-1.8049809287200456,-9.125246801454743,neutral,24.074074074074073,24.074074074074073,24.074074074074073,35.0,42.95701066637082,27.29169974810377,mapped_watch,mapped_only_needs_news_confirmation
Grid And Power Equipment,GOOGL,1,1,1,First Solar CEO on solar energy's role amid increasing AI power demand,news_linked,65.0,4,72.25,low,noise_possible,4,3,0.5,0.0,Alphabet Inc. Class A Common Stock,Technology,Computer Software: Programming Data Processing,11.98896901180908,29.691645127141687,14.18979375562952,19.70903796723822,extended,92.10526315789474,94.73684210526315,100.0,65.0,64.67472391193309,84.41173490257943,news_linked_unmapped,normal;price_risk
Grid And Power Equipment,ORCL,2,1,0,Bloom Energy (BE) Is Up 25.7% After Securing Oracle AI Data Center Power Deal - Has The Bull Case Changed? | Oracle Taps Bloom Energy for 2.45 GW AI Data Center Power,news_linked,65.0,4,72.25,low,noise_possible,4,3,0.5,0.0,Oracle Corporation Common Stock,Technology,Computer Software: Prepackaged Software,-0.8367941819349967,18.72900756557927,4.769800086059517,8.746400405675804,confirming,100.0,94.73684210526315,50.0,65.0,72.61582259421442,78.36605759965848,news_linked_unmapped,normal
Grid And Power Equipment,JPM,1,1,0,JPMorgan and Susquehanna Both Boost Bloom Energy Price Targets: Is the Data Center Power Play Heating Up?,news_linked,65.0,4,72.25,low,noise_possible,4,3,0.5,0.0,JP Morgan Chase & Co. Common Stock,Finance,Major Banks,1.3591548131560494,6.3271452055249755,2.6738784609633415,-3.655461954378491,neutral,92.10526315789474,94.73684210526315,50.0,65.0,48.9737739981547,72.05659241551268,news_linked_unmapped,normal
Grid And Power Equipment,GEV,0,0,0,,pure_play,100.0,4,72.25,low,noise_possible,4,3,0.5,0.0,GE Vernova Inc. Common Stock,,,-7.504415686831035,18.79455468034408,46.42574939543389,8.811947520440611,confirming,44.73684210526316,44.73684210526316,50.0,100.0,72.68792442045572,59.234767610436776,mapped_pure_play_watch,mapped_only_needs_news_confirmation
Grid And Power Equipment,VRT,0,0,0,,pure_play,100.0,4,72.25,low,noise_possible,4,3,0.5,0.0,Vertiv Holdings LLC Class A Common Stock,Technology,Industrial Machinery/Components,1.4994145278054205,26.57979093158329,76.38207172977135,16.597183771679823,extended,44.73684210526316,44.73684210526316,50.0,100.0,61.25168429681884,57.519331591891245,mapped_pure_play_watch,mapped_only_needs_news_confirmation;price_risk
Grid And Power Equipment,BE,0,0,0,,pure_play,100.0,4,72.25,low,noise_possible,4,3,0.5,0.0,Bloom Energy Corporation Class A Common Stock,Energy,Industrial Machinery/Components,25.67374283636581,119.34314511702031,91.92706506250288,109.36053795711686,overheated,44.73684210526316,44.73684210526316,50.0,100.0,61.0,57.48157894736842,mapped_pure_play_watch,mapped_only_needs_news_confirmation;price_risk
Grid And Power Equipment,ETN,0,0,0,,pure_play,100.0,4,72.25,low,noise_possible,4,3,0.5,0.0,Eaton Corporation PLC Ordinary Shares,Technology,Industrial Machinery/Components,0.3845004514070327,16.410436217042456,21.47200026203149,6.4278290571389896,extended,44.73684210526316,44.73684210526316,50.0,100.0,50.06539411082393,55.841388063992014,mapped_pure_play_watch,mapped_only_needs_news_confirmation;price_risk
Grid And Power Equipment,CEG,0,0,0,,enabler,80.0,4,72.25,low,noise_possible,4,3,0.5,0.0,Constellation Energy Corporation Common Stock ,Utilities,Electric Utilities: Central,-1.8243872174826925,10.144567011508254,9.812778708097646,0.1619598516047879,neutral,44.73684210526316,44.73684210526316,50.0,80.0,53.17293798473631,52.30751964507887,mapped_watch,mapped_only_needs_news_confirmation
Grid And Power Equipment,FSLR,0,0,0,,enabler,80.0,4,72.25,low,noise_possible,4,3,0.5,0.0,First Solar Inc. Common Stock,Technology,Semiconductors,9.264044547853237,6.162876671230322,-6.123624200498535,-3.819730488673145,neutral,44.73684210526316,44.73684210526316,50.0,80.0,48.793078610430584,51.65054073893301,mapped_watch,mapped_only_needs_news_confirmation
Grid And Power Equipment,FLNC,0,0,0,,pure_play,100.0,4,72.25,low,noise_possible,4,3,0.5,0.0,Fluence Energy Inc. Class A Common Stock,Miscellaneous,Industrial Machinery/Components,-8.893875365316772,-6.374814502294823,-60.38349236583256,-16.35742166219829,lagging,44.73684210526316,44.73684210526316,50.0,100.0,20.001618319552918,51.33182169530136,mapped_pure_play_watch,mapped_only_needs_news_confirmation
Grid And Power Equipment,VST,0,0,0,,enabler,80.0,4,72.25,low,noise_possible,4,3,0.5,0.0,Vistra Corp. Common Stock,Utilities,Electric Utilities: Central,-5.51871432149873,0.8573603584487222,-1.8049809287200456,-9.125246801454743,neutral,44.73684210526316,44.73684210526316,50.0,80.0,42.95701066637082,50.775130547324046,mapped_watch,mapped_only_needs_news_confirmation
Grid And Power Equipment,GOOG,0,0,0,,adopter,55.0,4,72.25,low,noise_possible,4,3,0.5,0.0,Alphabet Inc. Class C Capital Stock,Technology,Computer Software: Programming Data Processing,11.947882981244252,29.94913840358395,13.280939477365283,19.966531243680485,extended,44.73684210526316,44.73684210526316,50.0,55.0,64.95796651601957,49.07527392477135,mapped_watch,mapped_only_needs_news_confirmation;price_risk
Grid And Power Equipment,AMZN,0,0,0,,adopter,55.0,4,72.25,low,noise_possible,4,3,0.5,0.0,Amazon.com Inc. Common Stock,Consumer Discretionary,Catalog/Specialty Distribution,1.617492969130763,27.397065315470037,12.10196671314019,17.41445815556657,extended,44.73684210526316,44.73684210526316,50.0,55.0,62.150686119094274,48.65418186523256,mapped_watch,mapped_only_needs_news_confirmation;price_risk
Grid And Power Equipment,MSFT,0,0,0,,adopter,55.0,4,72.25,low,noise_possible,4,3,0.5,0.0,Microsoft Corporation Common Stock,Technology,Computer Software: Prepackaged Software,-2.3974360116912896,12.201859360536238,-3.463723892731363,2.2192522006327717,neutral,44.73684210526316,44.73684210526316,50.0,55.0,55.435959568667094,47.646972882668486,mapped_watch,mapped_only_needs_news_confirmation
Grid And Power Equipment,META,0,0,0,,adopter,55.0,4,72.25,low,noise_possible,4,3,0.5,0.0,Meta Platforms Inc. Class A Common Stock,Technology,Computer Software: Programming Data Processing,-9.8188267810713,5.096424654566478,-14.965640142367342,-4.886182505336988,neutral,44.73684210526316,44.73684210526316,50.0,55.0,47.61998139210036,46.474576156183474,mapped_watch,mapped_only_needs_news_confirmation
Grid And Power Equipment,ENPH,0,0,0,,enabler,80.0,4,72.25,low,noise_possible,4,3,0.5,0.0,Enphase Energy Inc. Common Stock,Technology,Semiconductors,-5.367631979512188,-11.572623945776284,-8.464037606437325,-21.555231105679752,lagging,44.73684210526316,44.73684210526316,50.0,80.0,14.284027931723315,46.474183137126914,mapped_watch,mapped_only_needs_news_confirmation
Grid And Power Equipment,NEE,0,0,0,,sympathetic,35.0,4,72.25,low,noise_possible,4,3,0.5,0.0,NextEra Energy Inc. Common Stock,Technology,EDP Services,1.7527269000219503,4.4157227156700785,11.047851816301058,-5.566884444233388,neutral,44.73684210526316,44.73684210526316,50.0,35.0,46.87120925931431,42.362260336265564,mapped_watch,mapped_only_needs_news_confirmation
Grid And Power Equipment,SO,0,0,0,,sympathetic,35.0,4,72.25,low,noise_possible,4,3,0.5,0.0,Southern Company (The) Common Stock,Utilities,Electric Utilities: Central,3.444220017413202,-0.2372636178471499,9.13631116416216,-10.219870777750616,lagging,44.73684210526316,44.73684210526316,50.0,35.0,26.752924292445357,39.344517591235224,mapped_watch,mapped_only_needs_news_confirmation
Grid And Power Equipment,DUK,0,0,0,,sympathetic,35.0,4,72.25,low,noise_possible,4,3,0.5,0.0,Duke Energy Corporation (Holding Company) Common Stock,Utilities,Power Generation,1.045029854270596,-1.757057219412539,6.877039151712894,-11.739664379316006,lagging,44.73684210526316,44.73684210526316,50.0,35.0,25.081151330723436,39.09375164697693,mapped_watch,mapped_only_needs_news_confirmation
Reshoring And Manufacturing,JNJ,1,1,1,‘American industry is winning’: White House touts factory boom — how investors can ride the reshoring wave,news_linked,65.0,5,66.1875,low,noise_possible,1,1,1.0,0.0,,,,,,,,,100.0,100.0,100.0,65.0,50.0,85.5,news_linked_unmapped,normal
Earnings And Buybacks,AAPL,59,6,65,"Cardinal Health Among 9 Companies To Announce Dividend Increases In The First Half Of May | S&P 500, Nasdaq end higher, notch weekly gains | S&P 500, Nasdaq end at fresh records on tech earnings strength",news_linked,65.0,6,65.875,very_high,sustained_narrative,497,24,0.1187122736418511,0.5,,,,,,,,,100.0,95.83333333333334,100.0,65.0,50.0,85.08333333333333,news_linked_unmapped,normal
Earnings And Buybacks,XOM,55,5,55,Imperial Oil Q1 Earnings Call Highlights | ExxonMobil Q1 Earnings Call Highlights | Exxon Mobil Corp (XOM) Q1 2026 Earnings Call Highlights: Record Production and Strategic ...,news_linked,65.0,6,65.875,very_high,sustained_narrative,497,24,0.1187122736418511,0.5,,,,,,,,,95.83333333333334,87.5,95.83333333333334,65.0,50.0,81.95833333333334,news_linked_unmapped,normal
Earnings And Buybacks,LLY,43,7,49,Top 50 High-Quality Dividend Growth Stocks For May 2026 | Eli Lilly and Company Q1 Earnings Call Highlights | Eli Lilly Stock Popped on Earnings. America Can’t Get Enough of Its GLP-1s.,news_linked,65.0,6,65.875,very_high,sustained_narrative,497,24,0.1187122736418511,0.5,Eli Lilly and Company Common Stock,Health Care,Biotechnology: Pharmaceutical Preparations,8.978912297420916,0.922976719013202,-6.962558899980387,-9.059630440890263,neutral,87.5,100.0,91.66666666666666,65.0,43.02918866299175,78.41271163278209,news_linked_unmapped,normal
Earnings And Buybacks,V,46,4,45,"5 Relatively Secure And Cheap Dividend Stocks, Yields Up To 8% (May 2026) | Top 25 High-Growth Dividend Stocks For May 2026 | Euronet Q1 Earnings Beat Estimates on EFT Processing Unit's Strength",news_linked,65.0,6,65.875,very_high,sustained_narrative,497,24,0.1187122736418511,0.5,Visa Inc.,Real Estate,Real Estate,6.014473706920986,9.889111938607842,2.136673399516509,-0.0934952212956243,neutral,91.66666666666666,70.83333333333334,87.5,65.0,52.89193740454586,77.60045727734854,news_linked_unmapped,normal
Earnings And Buybacks,META,28,5,30,Here's the Real Problem With Meta's Latest Earnings Report | USA Today Q1 Earnings Call Highlights | Here’s What Jim Cramer Had Said About Meta (META) Before Its Earnings,news_linked,65.0,6,65.875,very_high,sustained_narrative,497,24,0.1187122736418511,0.5,Meta Platforms Inc. Class A Common Stock,Technology,Computer Software: Programming Data Processing,-9.8188267810713,5.096424654566478,-14.965640142367342,-4.886182505336988,neutral,83.33333333333334,87.5,83.33333333333334,65.0,47.61998139210036,74.72633054214839,news_linked_unmapped,normal
Earnings And Buybacks,AMZN,27,4,26,"Bank of America revamps Amazon stock target after earnings | S&P 500 Marks Fifth Weekly Gain, Reaches New Records on Earnings Strength | Apple Stock Surged After Earnings. 3 Concerns Lurking Beneath the Surface.",news_linked,65.0,6,65.875,very_high,sustained_narrative,497,24,0.1187122736418511,0.5,Amazon.com Inc. Common Stock,Consumer Discretionary,Catalog/Specialty Distribution,1.617492969130763,27.397065315470037,12.10196671314019,17.41445815556657,extended,79.16666666666666,70.83333333333334,79.16666666666666,65.0,62.150686119094274,72.94760291786413,news_linked_unmapped,normal;price_risk
Earnings And Buybacks,ORCL,23,3,25,"Rimini Street (RMNI) Q1 2026 Earnings Transcript | Rimini Street, Inc. Q1 2026 Earnings Call Summary | This Nvidia Rival Gains Momentum Ahead Of Earnings Report",news_linked,65.0,6,65.875,very_high,sustained_narrative,497,24,0.1187122736418511,0.5,Oracle Corporation Common Stock,Technology,Computer Software: Prepackaged Software,-0.8367941819349967,18.72900756557927,4.769800086059517,8.746400405675804,confirming,75.0,52.083333333333336,72.91666666666666,65.0,72.61582259421442,69.93404005579882,news_linked_unmapped,normal
Earnings And Buybacks,GOOGL,22,5,22,"OGE Energy Q1 Earnings Call Highlights | Here's How to Play Trade Desk Stock Before Q1 Earnings Release | Nasdaq Composite Takes Off as Tech Bulls Retake Control on Strong Earnings, M&A",news_linked,65.0,6,65.875,very_high,sustained_narrative,497,24,0.1187122736418511,0.5,Alphabet Inc. Class A Common Stock,Technology,Computer Software: Programming Data Processing,11.98896901180908,29.691645127141687,14.18979375562952,19.70903796723822,extended,66.66666666666666,87.5,62.5,65.0,64.67472391193309,67.28454192012329,news_linked_unmapped,normal;price_risk
Earnings And Buybacks,MU,22,4,25,"IDACORP, Inc. Q1 2026 Earnings Call Summary | Sandisk Q3 Earnings: The Business Model Is Evolving, And It Changes The Story | Sandisk Earnings: Stock Up 3000% But Not Done Yet",news_linked,65.0,6,65.875,very_high,sustained_narrative,497,24,0.1187122736418511,0.5,Micron Technology Inc. Common Stock,Technology,Semiconductors,9.158081140312468,47.39975886260404,30.745711317154026,37.41715170270057,overheated,66.66666666666666,70.83333333333334,72.91666666666666,65.0,61.0,67.14999999999999,news_linked_unmapped,normal;price_risk
Earnings And Buybacks,GOOG,22,3,21,"Earnings: Google is biggest AI winner, OpenAI could be a 'surprise' loser | Sandisk Earnings Were Excellent. Why This Analyst Says the Stock Could Double. | Meet the Low-Growth Dow Dividend King That's Outperforming Every ""Magnificent Seven"" Stock in 2026",news_linked,65.0,6,65.875,very_high,sustained_narrative,497,24,0.1187122736418511,0.5,Alphabet Inc. Class C Capital Stock,Technology,Computer Software: Programming Data Processing,11.947882981244252,29.94913840358395,13.280939477365283,19.966531243680485,extended,66.66666666666666,52.083333333333336,58.333333333333336,65.0,64.95796651601957,62.952028310736274,news_linked_unmapped,normal;price_risk
Earnings And Buybacks,AMD,21,3,23,"How Much Is AMD Stock Expected to Move After Earnings? | AMD earnings, Fed commentary, April jobs report: What to Watch | Riot jumps 10% as AMD signs additional 25 MW AI deployment: Q1 Earnings",news_linked,65.0,6,65.875,very_high,sustained_narrative,497,24,0.1187122736418511,0.5,Advanced Micro Devices Inc. Common Stock,Technology,Semiconductors,3.660047461454452,71.51419867260662,52.300095066904895,61.53159151270316,overheated,58.333333333333336,52.083333333333336,66.66666666666666,65.0,61.0,61.108333333333334,news_linked_unmapped,normal;price_risk
Earnings And Buybacks,TSLA,20,4,20,Tesla's (NASDAQ:TSLA) Shareholders Have More To Worry About Than Only Soft Earnings | Matthews International Corporation Q2 2026 Earnings Call Summary | Deutsche Bank Aktiengesellschaft Q1 Earnings Call Highlights,news_linked,65.0,6,65.875,very_high,sustained_narrative,497,24,0.1187122736418511,0.5,Tesla Inc. Common Stock,Industrials,Auto Manufacturing,3.8586287542583086,2.5074745091861805,-9.198205432272088,-7.475132650717286,neutral,54.166666666666664,70.83333333333334,52.083333333333336,65.0,44.77213623218203,56.17415376816064,news_linked_unmapped,normal
Earnings And Buybacks,MSFT,19,4,20,"Microsoft Corporation 2026 Q3 - Results - Earnings Call Presentation | Amazon, Alphabet, Microsoft, Meta, and Apple Just Reported Earnings. I Think This Was the Best Report of Them All. | Stock Market Today, May 1: Apple Jumps After Record Quarter and $100 Billion Share Buyback",news_linked,65.0,6,65.875,very_high,sustained_narrative,497,24,0.1187122736418511,0.5,Microsoft Corporation Common Stock,Technology,Computer Software: Prepackaged Software,-2.3974360116912896,12.201859360536238,-3.463723892731363,2.2192522006327717,neutral,47.91666666666667,70.83333333333334,52.083333333333336,65.0,55.435959568667094,55.5862272686334,news_linked_unmapped,normal
Earnings And Buybacks,NVDA,19,1,16,Major Hyperscalers Just Reported Earnings. Nvidia Was The Winner | This Dividend ETF Is up 30% in 6 Months With a 3.7% Dividend Yield | EDIV’s 24% Rally Masks a Dividend Trap for Income Seekers,news_linked,65.0,6,65.875,very_high,sustained_narrative,497,24,0.1187122736418511,0.5,NVIDIA Corporation Common Stock,Technology,Semiconductors,-4.715036790114102,12.916072232285746,3.835470169062116,2.9334650723822797,neutral,47.91666666666667,14.583333333333334,45.83333333333333,65.0,56.22159372759155,48.829072392472064,news_linked_unmapped,normal
Earnings And Buybacks,INTC,16,2,13,"Top 3 Unstoppable Dividend Growth Stocks to Buy (and Hold) for the Next Decade | Data Center Demand Drove Vertiv's Earnings up 83%, but Is This AI Infrastructure Play Worth its Lofy Valuation? | US Equity Indexes Close Mixed as Earnings Lift Technology While Trump 'Not Happy' With Iran Peace Plan",news_linked,65.0,6,65.875,very_high,sustained_narrative,497,24,0.1187122736418511,0.5,,,,,,,,,41.66666666666667,35.41666666666667,41.66666666666667,65.0,50.0,46.958333333333336,news_linked_unmapped,normal
Earnings And Buybacks,WMT,13,3,8,"Dividend Champion, Contender, And Challenger Highlights: Week Of May 3 | This Unstoppable Dividend Stock Could Be the Only Retailer I'd Hold Through the Next Market Crash. | CVS Earnings Are Coming. Why the Stock Is No Longer a Value Trap.",news_linked,65.0,6,65.875,very_high,sustained_narrative,497,24,0.1187122736418511,0.5,,,,,,,,,37.5,52.083333333333336,31.25,65.0,50.0,45.083333333333336,news_linked_unmapped,normal
Earnings And Buybacks,AVGO,11,1,11,Buy AMD Stock Before Q1 Earnings: Here's What You Should Know | Avnet's Q3 Earnings Beat Estimates on Record Components Sales | PC Connection Inc (CNXN) Q1 2026 Earnings Call Highlights: Strong Profit Growth Amid Supply ...,news_linked,65.0,6,65.875,very_high,sustained_narrative,497,24,0.1187122736418511,0.5,Broadcom Inc. Common Stock,Technology,Semiconductors,-0.3500830145094946,34.38387569068304,27.426420708051168,24.401268530779575,extended,33.33333333333333,14.583333333333334,37.5,65.0,69.83617753182858,44.10042662977428,news_linked_unmapped,normal;price_risk
Earnings And Buybacks,JPM,7,2,8,Should FactSet’s Whole Portfolio Distribution Launch and Guidance Hike Require Action From FactSet Research Systems (FDS) Investors? | Jamie Dimon says the next credit crisis will be 'worse than people expect' — here's what big bank earnings have revealed | JP Morgan retains 'underweight' on GSK with £17 price target as earnings upgrade potential seen as limited,news_linked,65.0,6,65.875,very_high,sustained_narrative,497,24,0.1187122736418511,0.5,JP Morgan Chase & Co. Common Stock,Finance,Major Banks,1.3591548131560494,6.3271452055249755,2.6738784609633415,-3.655461954378491,neutral,25.0,35.41666666666667,31.25,65.0,48.9737739981547,38.88773276638987,news_linked_unmapped,normal
Earnings And Buybacks,JNJ,8,1,6,"Why Johnson & Johnson (JNJ) is a Top Dividend Stock for Your Portfolio | ABBV Beats on Q1 Earnings & Sales, Raises '26 EPS View | GSK Q1 Earnings Beat Estimates, Specialty Medicines Drive Sales Growth",news_linked,65.0,6,65.875,very_high,sustained_narrative,497,24,0.1187122736418511,0.5,,,,,,,,,29.166666666666668,14.583333333333334,25.0,65.0,50.0,37.16666666666667,news_linked_unmapped,normal
Earnings And Buybacks,BRK-A,5,2,5,"Berkshire Hathaway Inc. Reports Earnings Results for the First Quarter Ended March 31, 2026 | Berkshire Hathaway net earnings more than double in first quarter | Berkshire Hathaway says net earnings per average equivalent class A share is $7,027",news_linked,65.0,6,65.875,very_high,sustained_narrative,497,24,0.1187122736418511,0.5,,,,,,,,,20.833333333333336,35.41666666666667,20.833333333333336,65.0,50.0,35.5,news_linked_unmapped,normal
Earnings And Buybacks,AZN,4,2,4,AstraZeneca PLC (AZN) Q1 2026 Earnings Call Transcript | AstraZeneca: Q1 Earnings Analysis: An Excellent Long-Term Buy And Hold | AstraZeneca PLC 2026 Q1 - Results - Earnings Call Presentation,news_linked,65.0,6,65.875,very_high,sustained_narrative,497,24,0.1187122736418511,0.5,,,,,,,,,16.666666666666664,35.41666666666667,16.666666666666664,65.0,50.0,33.20833333333333,news_linked_unmapped,normal
Earnings And Buybacks,ASML,3,1,3,ASML Guidance Climbs As AI And Memory Orders Reshape Growth Outlook | Prediction: AI Stocks Will Soar After This Earnings Season and Here's Why | ASML reports transactions under its current share buyback program,news_linked,65.0,6,65.875,very_high,sustained_narrative,497,24,0.1187122736418511,0.5,ASML Holding N.V. New York Registry Shares,Technology,Industrial Machinery/Components,-1.8908556721138223,5.175684805148983,0.6340987052196878,-4.806922354754483,neutral,12.5,14.583333333333334,12.5,65.0,47.70716755774111,28.489408466994497,news_linked_unmapped,normal
Earnings And Buybacks,BRK-B,2,1,2,"Jim Cramer says the market powered through a tough earnings week but 'that doesn't mean we're out of the woods yet' | Big Tech earnings, Powell's decision, Pershing Square IPO and more in Morning Squawk",news_linked,65.0,6,65.875,very_high,sustained_narrative,497,24,0.1187122736418511,0.5,,,,,,,,,6.25,14.583333333333334,6.25,65.0,50.0,25.395833333333332,news_linked_unmapped,normal
Earnings And Buybacks,COST,2,1,2,Purple Innovation Q1 Earnings Call Highlights | Here's What to Expect From Costco Wholesale’s Next Earnings Report,news_linked,65.0,6,65.875,very_high,sustained_narrative,497,24,0.1187122736418511,0.5,,,,,,,,,6.25,14.583333333333334,6.25,65.0,50.0,25.395833333333332,news_linked_unmapped,normal
Stablecoin And Crypto Policy,V,14,4,15,Visa Expands Crypto Role With Lightspark Stablecoin And Bitcoin Debit Cards | Stablecoin Transactions Will Soon Overtake Visa and Mastercard. Here's How to Invest. | Visa Adds Polygon to Stablecoin Settlement as Card Payments Go 24/7,news_linked,65.0,7,63.625,very_high,sustained_narrative,28,7,0.5,0.5,Visa Inc.,Real Estate,Real Estate,6.014473706920986,9.889111938607842,2.136673399516509,-0.0934952212956243,neutral,100.0,100.0,100.0,65.0,52.89193740454586,85.93379061068188,news_linked_unmapped,normal
Stablecoin And Crypto Policy,INTC,4,1,4,"Is Bitcoin a Great Investment for Retirement Savings? | Trump Crypto Adviser Teases 'Big' U.S. Bitcoin Reserve Announcement | Ethereum To Reach $250K, Wall Street Booster Says, Citing Criteria Laid Out By Warren Buffett",news_linked,65.0,7,63.625,very_high,sustained_narrative,28,7,0.5,0.5,,,,,,,,,92.5,80.0,95.0,65.0,50.0,79.875,news_linked_unmapped,normal
Stablecoin And Crypto Policy,TSLA,4,1,3,"Bitcoin, ETH, XRP, DOGE, MSTR Cashtags Go Live on X Web, Musk Says Most Crypto Are Scams | Western Union Unveils Timeline For Stablecoin Launch And Plans For A Linked Consumer Card | Kevin O'Leary Once Explained Exactly When You Should Sell Bitcoin Or Stocks: 'My Mother Taught Me This Game….'",news_linked,65.0,7,63.625,very_high,sustained_narrative,28,7,0.5,0.5,Tesla Inc. Common Stock,Industrials,Auto Manufacturing,3.8586287542583086,2.5074745091861805,-9.198205432272088,-7.475132650717286,neutral,92.5,80.0,90.0,65.0,44.77213623218203,78.09082043482731,news_linked_unmapped,normal
Stablecoin And Crypto Policy,AMD,2,2,2,Riot Platforms VP Calls Firm's Bitcoin Reserve 'Most Capital-Efficient Source Of Funding' For Its Data Center Business | Riot Platforms (RIOT) Beyond Bitcoin: You Want to Watch This Space,news_linked,65.0,7,63.625,very_high,sustained_narrative,28,7,0.5,0.5,Advanced Micro Devices Inc. Common Stock,Technology,Semiconductors,3.660047461454452,71.51419867260662,52.300095066904895,61.53159151270316,overheated,82.5,95.0,82.5,65.0,61.0,77.025,news_linked_unmapped,normal;price_risk
Stablecoin And Crypto Policy,META,2,1,2,Ex-PayPal president unveils bullish Bitcoin target | Meta Faces EU Youth Safety Charges While Testing Stablecoin Creator Payouts,news_linked,65.0,7,63.625,very_high,sustained_narrative,28,7,0.5,0.5,Meta Platforms Inc. Class A Common Stock,Technology,Computer Software: Programming Data Processing,-9.8188267810713,5.096424654566478,-14.965640142367342,-4.886182505336988,neutral,82.5,80.0,82.5,65.0,47.61998139210036,73.51799720881505,news_linked_unmapped,normal
Stablecoin And Crypto Policy,GOOG,1,1,1,Cipher Digital Shifts From Bitcoin Mining To AI Infrastructure With Tech Giants,news_linked,65.0,7,63.625,very_high,sustained_narrative,28,7,0.5,0.5,Alphabet Inc. Class C Capital Stock,Technology,Computer Software: Programming Data Processing,11.947882981244252,29.94913840358395,13.280939477365283,19.966531243680485,extended,72.5,80.0,72.5,65.0,64.95796651601957,70.61869497740294,news_linked_unmapped,normal;price_risk
Stablecoin And Crypto Policy,JPM,1,1,1,Is Crypto 'Irrelevant'? Here's Who Says Bitcoin Replacing The Dollar Is 'Laughable',news_linked,65.0,7,63.625,very_high,sustained_narrative,28,7,0.5,0.5,JP Morgan Chase & Co. Common Stock,Finance,Major Banks,1.3591548131560494,6.3271452055249755,2.6738784609633415,-3.655461954378491,neutral,72.5,80.0,72.5,65.0,48.9737739981547,68.2210660997232,news_linked_unmapped,normal
Stablecoin And Crypto Policy,CLSK,0,0,0,,pure_play,100.0,7,63.625,very_high,sustained_narrative,28,7,0.5,0.5,CleanSpark Inc. Common Stock,Finance,Finance: Consumer Services,-4.623825564300887,41.18329742303257,2.7871614818681056,31.200690263129104,overheated,35.0,35.0,35.0,100.0,61.0,50.1,mapped_pure_play_watch,mapped_only_needs_news_confirmation;price_risk
Stablecoin And Crypto Policy,MARA,0,0,0,,pure_play,100.0,7,63.625,very_high,sustained_narrative,28,7,0.5,0.5,MARA Holdings Inc. Common Stock,Technology,EDP Services,-1.5463943287513549,42.53731458359009,20.63157934891551,32.55470742368662,overheated,35.0,35.0,35.0,100.0,61.0,50.1,mapped_pure_play_watch,mapped_only_needs_news_confirmation;price_risk
Stablecoin And Crypto Policy,MSTR,0,0,0,,pure_play,100.0,7,63.625,very_high,sustained_narrative,28,7,0.5,0.5,Strategy Inc Common Stock Class A,Technology,Computer Software: Prepackaged Software,3.5960669762857167,44.29874566737628,18.342121584137637,34.316138507472814,overheated,35.0,35.0,35.0,100.0,61.0,50.1,mapped_pure_play_watch,mapped_only_needs_news_confirmation;price_risk
Stablecoin And Crypto Policy,RIOT,0,0,0,,pure_play,100.0,7,63.625,very_high,sustained_narrative,28,7,0.5,0.5,Riot Platforms Inc. Common Stock ,Finance,Finance: Consumer Services,-0.5910833247924518,47.4103563253949,19.58629399269647,37.427749165491434,overheated,35.0,35.0,35.0,100.0,61.0,50.1,mapped_pure_play_watch,mapped_only_needs_news_confirmation;price_risk
Stablecoin And Crypto Policy,COIN,0,0,0,,pure_play,100.0,7,63.625,very_high,sustained_narrative,28,7,0.5,0.5,Coinbase Global Inc. Class A Common Stock,Finance,Finance: Consumer Services,-4.26490668781322,10.555519930056011,-1.7921358707605473,0.5729127701525449,neutral,35.0,35.0,35.0,100.0,53.62498619513884,48.993747929270825,mapped_pure_play_watch,mapped_only_needs_news_confirmation
Stablecoin And Crypto Policy,PYPL,0,0,0,,enabler,80.0,7,63.625,very_high,sustained_narrative,28,7,0.5,0.5,PayPal Holdings Inc. Common Stock,Industrials,Diversified Commercial Services,-0.0792411170564166,13.018143445092932,-3.9804224542676736,3.035536285189467,neutral,35.0,35.0,35.0,80.0,56.33387206167946,45.40008080925192,mapped_watch,mapped_only_needs_news_confirmation
Stablecoin And Crypto Policy,SQ,0,0,0,,enabler,80.0,7,63.625,very_high,sustained_narrative,28,7,0.5,0.5,,,,,,,,neutral,35.0,35.0,35.0,80.0,50.0,44.45,mapped_watch,mapped_only_needs_news_confirmation
Stablecoin And Crypto Policy,HOOD,0,0,0,,enabler,80.0,7,63.625,very_high,sustained_narrative,28,7,0.5,0.5,Robinhood Markets Inc. Class A Common Stock,Finance,Investment Bankers/Brokers/Service,-13.044499518107944,5.06347599608159,-25.954964639659515,-4.919131163821876,neutral,35.0,35.0,35.0,80.0,47.58373786776698,44.08756068016505,mapped_watch,mapped_only_needs_news_confirmation
Stablecoin And Crypto Policy,MA,0,0,0,,enabler,80.0,7,63.625,very_high,sustained_narrative,28,7,0.5,0.5,Mastercard Incorporated Common Stock,Real Estate,Real Estate,-1.7275961958623576,0.94812149340886,-7.884063473806369,-9.034485666494607,neutral,35.0,35.0,35.0,80.0,43.056847914826974,43.40852718722405,mapped_watch,mapped_only_needs_news_confirmation
Stablecoin And Crypto Policy,GS,0,0,0,,adopter,55.0,7,63.625,very_high,sustained_narrative,28,7,0.5,0.5,Goldman Sachs Group Inc. (The) Common Stock,Finance,Investment Bankers/Brokers/Service,-0.3452278284393872,7.381918180211411,-0.7310932703920137,-2.6006889796920554,neutral,35.0,35.0,35.0,55.0,50.13402427030978,39.47010364054647,mapped_watch,mapped_only_needs_news_confirmation
Stablecoin And Crypto Policy,MS,0,0,0,,adopter,55.0,7,63.625,very_high,sustained_narrative,28,7,0.5,0.5,Morgan Stanley Common Stock,Finance,Investment Bankers/Brokers/Service,1.6600061030355828,15.058060880513558,4.59078990378019,5.075453720610092,extended,35.0,35.0,35.0,55.0,48.57778124064214,39.23666718609633,mapped_watch,mapped_only_needs_news_confirmation;price_risk
Stablecoin And Crypto Policy,IBIT,0,0,0,,sympathetic,35.0,7,63.625,very_high,sustained_narrative,28,7,0.5,0.5,,,,1.022264330440481,15.087996695508576,-6.359234262004709,5.105389535605109,confirming,35.0,35.0,35.0,35.0,68.61071063713666,38.2416065955705,mapped_watch,mapped_only_needs_news_confirmation
Stablecoin And Crypto Policy,BITO,0,0,0,,sympathetic,35.0,7,63.625,very_high,sustained_narrative,28,7,0.5,0.5,,,,0.9994199242565394,14.91921362266002,-6.988507057189686,4.936606462756554,neutral,35.0,35.0,35.0,35.0,58.42504925700325,36.71375738855049,mapped_watch,mapped_only_needs_news_confirmation
Smartphone And Devices,AAPL,31,4,29,"AAPL Q1 Deep Dive: Leadership Transition and Broad-Based Growth Drive Outperformance | S&P 500, Nasdaq end higher, notch weekly gains | Apple Q2 Earnings Beat Estimates, iPhone Drives Top-Line Growth",news_linked,65.0,8,59.75,medium,emerging_watch,39,7,0.7948717948717948,0.8205128205128205,,,,,,,,,100.0,100.0,100.0,65.0,50.0,85.5,news_linked_unmapped,normal
Smartphone And Devices,GOOG,2,2,3,"Why OpenAI's Smartphone Will Disrupt Apple, But Alphabet Will Ultimately Win | Qualcomm CEO Cristiano Amon on expected China smartphone sales 'bottom' this current quarter",news_linked,65.0,8,59.75,medium,emerging_watch,39,7,0.7948717948717948,0.8205128205128205,Alphabet Inc. Class C Capital Stock,Technology,Computer Software: Programming Data Processing,11.947882981244252,29.94913840358395,13.280939477365283,19.966531243680485,extended,78.57142857142857,85.71428571428571,85.71428571428571,65.0,64.95796651601957,75.95798069168865,news_linked_unmapped,normal;price_risk
Smartphone And Devices,GOOGL,2,1,2,"Apple's iPhone Supercycle, Strong Outlook Drive Momentum, Wedbush Says | Apple Pops 5% on Q2 Beat: Has the iPhone Maker Found Its Growth Story Again?",news_linked,65.0,8,59.75,medium,emerging_watch,39,7,0.7948717948717948,0.8205128205128205,Alphabet Inc. Class A Common Stock,Technology,Computer Software: Programming Data Processing,11.98896901180908,29.691645127141687,14.18979375562952,19.70903796723822,extended,78.57142857142857,42.857142857142854,71.42857142857143,65.0,64.67472391193309,68.77263715821854,news_linked_unmapped,normal;price_risk
Smartphone And Devices,AVGO,1,1,1,"Stock Market Today, April 27: Qualcomm Rises on Reported OpenAI Smartphone Chip Collaboration",news_linked,65.0,8,59.75,medium,emerging_watch,39,7,0.7948717948717948,0.8205128205128205,Broadcom Inc. Common Stock,Technology,Semiconductors,-0.3500830145094946,34.38387569068304,27.426420708051168,24.401268530779575,extended,35.714285714285715,42.857142857142854,35.714285714285715,65.0,69.83617753182858,47.403998058345714,news_linked_unmapped,normal;price_risk
Smartphone And Devices,META,1,1,1,Blowout Earnings From SanDisk And Western Digital But Stock Reaction Is A Tell; 'Most Popular Ever' iPhone,news_linked,65.0,8,59.75,medium,emerging_watch,39,7,0.7948717948717948,0.8205128205128205,Meta Platforms Inc. Class A Common Stock,Technology,Computer Software: Programming Data Processing,-9.8188267810713,5.096424654566478,-14.965640142367342,-4.886182505336988,neutral,35.714285714285715,42.857142857142854,35.714285714285715,65.0,47.61998139210036,44.07156863738648,news_linked_unmapped,normal
Smartphone And Devices,TSLA,1,1,1,Semi Mania; OpenAI May Recruit Qualcomm To Challenge Apple's Smartphone; Two Major Market Triggers Ahead,news_linked,65.0,8,59.75,medium,emerging_watch,39,7,0.7948717948717948,0.8205128205128205,Tesla Inc. Common Stock,Industrials,Auto Manufacturing,3.8586287542583086,2.5074745091861805,-9.198205432272088,-7.475132650717286,neutral,35.714285714285715,42.857142857142854,35.714285714285715,65.0,44.77213623218203,43.64439186339873,news_linked_unmapped,normal
Smartphone And Devices,LLY,1,1,1,"Top Midday Stories: Microsoft, OpenAI Amend Agreement; Qualcomm Reportedly Collaborating With OpenAI on Smartphone AI Chip",news_linked,65.0,8,59.75,medium,emerging_watch,39,7,0.7948717948717948,0.8205128205128205,Eli Lilly and Company Common Stock,Health Care,Biotechnology: Pharmaceutical Preparations,8.978912297420916,0.922976719013202,-6.962558899980387,-9.059630440890263,neutral,35.714285714285715,42.857142857142854,35.714285714285715,65.0,43.02918866299175,43.382949728020186,news_linked_unmapped,normal
Nuclear Renaissance,NVDA,1,1,1,1 Overlooked Detail to Watch as NuScale's SMR Project Moves Forward,news_linked,65.0,9,59.6875,low,noise_possible,1,1,1.0,0.0,NVIDIA Corporation Common Stock,Technology,Semiconductors,-4.715036790114102,12.916072232285746,3.835470169062116,2.9334650723822797,neutral,100.0,100.0,100.0,65.0,56.22159372759155,86.43323905913873,news_linked_unmapped,normal
Tariffs And Supply Chain,AAPL,6,2,5,"Tim Cook Says Apple Is Pursuing Tariff Refunds, Will Reinvest Any Windfall Into New US Innovation, Manufacturing Projects | Trump raises tariffs on EU vehicles | Wall Street Splits on Apple After Q2 Beat: Is the Growth Story Real or Just a Tariff Bounce?",news_linked,65.0,10,46.875,high,emerging_watch,13,7,0.4615384615384615,0.5,,,,,,,,,100.0,92.85714285714286,100.0,65.0,50.0,84.78571428571429,news_linked_unmapped,normal
Tariffs And Supply Chain,NVDA,2,2,0,Nvidia’s pivot to physical AI ignites rally across Asian supply chain | Nvidia's China Exposure Back In Focus As Senator Coons Probes H200 Export Claims,news_linked,65.0,10,46.875,high,emerging_watch,13,7,0.4615384615384615,0.5,NVIDIA Corporation Common Stock,Technology,Semiconductors,-4.715036790114102,12.916072232285746,3.835470169062116,2.9334650723822797,neutral,85.71428571428571,92.85714285714286,35.714285714285715,65.0,56.22159372759155,67.86181048771016,news_linked_unmapped,normal
Tariffs And Supply Chain,AMZN,1,1,1,"Tim Cook Says Apple Is Pursuing Tariff Refunds, Will Reinvest Any Windfall Into New US Innovation, Manufacturing Projects",news_linked,65.0,10,46.875,high,emerging_watch,13,7,0.4615384615384615,0.5,Amazon.com Inc. Common Stock,Consumer Discretionary,Catalog/Specialty Distribution,1.617492969130763,27.397065315470037,12.10196671314019,17.41445815556657,extended,42.857142857142854,42.857142857142854,78.57142857142857,65.0,62.150686119094274,57.32260291786414,news_linked_unmapped,normal;price_risk
Tariffs And Supply Chain,COST,1,1,1,US Rejects 15% Of Tariff Refund Claims As Companies Navigate New CAPE Portal,news_linked,65.0,10,46.875,high,emerging_watch,13,7,0.4615384615384615,0.5,,,,,,,,,42.857142857142854,42.857142857142854,78.57142857142857,65.0,50.0,55.5,news_linked_unmapped,normal
Tariffs And Supply Chain,MSFT,1,1,0,Forget Tariffs — These 3 Threats Could Trigger the First Major Trump-Era Market Crash,news_linked,65.0,10,46.875,high,emerging_watch,13,7,0.4615384615384615,0.5,Microsoft Corporation Common Stock,Technology,Computer Software: Prepackaged Software,-2.3974360116912896,12.201859360536238,-3.463723892731363,2.2192522006327717,neutral,42.857142857142854,42.857142857142854,35.714285714285715,65.0,55.435959568667094,47.74396536387149,news_linked_unmapped,normal
Tariffs And Supply Chain,JPM,1,1,0,Jamie Dimon Warns Trump: 'Economic Relations Are Not Just Tariffs...',news_linked,65.0,10,46.875,high,emerging_watch,13,7,0.4615384615384615,0.5,JP Morgan Chase & Co. Common Stock,Finance,Major Banks,1.3591548131560494,6.3271452055249755,2.6738784609633415,-3.655461954378491,neutral,42.857142857142854,42.857142857142854,35.714285714285715,65.0,48.9737739981547,46.774637528294626,news_linked_unmapped,normal
Tariffs And Supply Chain,TSLA,1,1,0,The Reason GM Stock Is Beating Ford and Tesla. (It Has Nothing to Do With Cars or Tariffs.),news_linked,65.0,10,46.875,high,emerging_watch,13,7,0.4615384615384615,0.5,Tesla Inc. Common Stock,Industrials,Auto Manufacturing,3.8586287542583086,2.5074745091861805,-9.198205432272088,-7.475132650717286,neutral,42.857142857142854,42.857142857142854,35.714285714285715,65.0,44.77213623218203,46.14439186339873,news_linked_unmapped,normal
Regulatory And Legal Risk,INTC,3,2,3,'U.S. Antitrust Authorities Clear Intel's SambaNova Systems Transaction' - Reuters Citing Filing | Intel's SambaNova deal gets U.S. antitrust clearance | U.S. antitrust authorities clear Intel's SambaNova Systems transaction - filing,news_linked,65.0,11,46.84375,medium,emerging_watch,9,6,0.3333333333333333,0.5,,,,,,,,,100.0,91.66666666666666,100.0,65.0,50.0,84.66666666666667,news_linked_unmapped,normal
Regulatory And Legal Risk,AAPL,2,2,2,"Apple says India antitrust body overstepping judicial authority as spat intensifies | Apple accuses India watchdog of exceeding powers, seeks to stall antitrust case: filing",news_linked,65.0,11,46.84375,medium,emerging_watch,9,6,0.3333333333333333,0.5,,,,,,,,,83.33333333333334,91.66666666666666,83.33333333333334,65.0,50.0,75.50000000000001,news_linked_unmapped,normal
Regulatory And Legal Risk,XOM,1,1,1,Exxon Mobil Lawsuit Tests Orphaned Well Accounting And ESG Risk Perceptions,news_linked,65.0,11,46.84375,medium,emerging_watch,9,6,0.3333333333333333,0.5,,,,,,,,,41.66666666666667,41.66666666666667,50.0,65.0,50.0,49.25,news_linked_unmapped,normal
Regulatory And Legal Risk,TSLA,1,1,1,Elon Musk Admits xAI 'Partly Distilled' OpenAI Models: What Do Prediction Markets Say About The Lawsuit?,news_linked,65.0,11,46.84375,medium,emerging_watch,9,6,0.3333333333333333,0.5,Tesla Inc. Common Stock,Industrials,Auto Manufacturing,3.8586287542583086,2.5074745091861805,-9.198205432272088,-7.475132650717286,neutral,41.66666666666667,41.66666666666667,50.0,65.0,44.77213623218203,48.4658204348273,news_linked_unmapped,normal
Regulatory And Legal Risk,LLY,1,1,1,"WHCD shooting, DOJ ends Powell probe, Musk vs. Altman and more in Morning Squawk",news_linked,65.0,11,46.84375,medium,emerging_watch,9,6,0.3333333333333333,0.5,Eli Lilly and Company Common Stock,Health Care,Biotechnology: Pharmaceutical Preparations,8.978912297420916,0.922976719013202,-6.962558899980387,-9.059630440890263,neutral,41.66666666666667,41.66666666666667,50.0,65.0,43.02918866299175,48.20437829944876,news_linked_unmapped,normal
Regulatory And Legal Risk,JPM,1,1,0,Why The Narrative Around iRhythm Holdings (IRTC) Is Shifting After Valuation And DOJ Updates,news_linked,65.0,11,46.84375,medium,emerging_watch,9,6,0.3333333333333333,0.5,JP Morgan Chase & Co. Common Stock,Finance,Major Banks,1.3591548131560494,6.3271452055249755,2.6738784609633415,-3.655461954378491,neutral,41.66666666666667,41.66666666666667,16.666666666666664,65.0,48.9737739981547,42.42939943305654,news_linked_unmapped,normal
GLP-1 And Obesity Drugs,LLY,21,5,13,"Novo Launches Ozempic Pills Across 70,000 US Pharmacies | Hims & Hers, Novo Nordisk: FDA GLP-1 Compounding Ruling May Actually Favor Hims | Eli Lilly Sales Surge 56% as Booming GLP-1 Demand Eclipses Lower Prices",news_linked,65.0,12,43.0,medium,emerging_watch,22,2,0.9545454545454546,0.9545454545454546,Eli Lilly and Company Common Stock,Health Care,Biotechnology: Pharmaceutical Preparations,8.978912297420916,0.922976719013202,-6.962558899980387,-9.059630440890263,neutral,100.0,100.0,100.0,65.0,43.02918866299175,84.45437829944876,news_linked_unmapped,normal
GLP-1 And Obesity Drugs,INTC,1,1,1,"Apple earnings, DHS shutdown, 'Ozempic breath' and more in Morning Squawk",news_linked,65.0,12,43.0,medium,emerging_watch,22,2,0.9545454545454546,0.9545454545454546,,,,,,,,,90.0,90.0,90.0,65.0,50.0,79.0,news_linked_unmapped,normal
GLP-1 And Obesity Drugs,NVO,0,0,0,,pure_play,100.0,12,43.0,medium,emerging_watch,22,2,0.9545454545454546,0.9545454545454546,Novo Nordisk A/S Common Stock,Health Care,Biotechnology: Pharmaceutical Preparations,6.5824702931711165,20.285092156624707,-23.45735638903902,10.30248499672124,confirming,45.0,45.0,45.0,100.0,74.32751564436441,58.59912734665466,mapped_pure_play_watch,mapped_only_needs_news_confirmation
GLP-1 And Obesity Drugs,VKTX,0,0,0,,pure_play,100.0,12,43.0,medium,emerging_watch,22,2,0.9545454545454546,0.9545454545454546,Viking Therapeutics Inc. Common Stock,Health Care,Biotechnology: Pharmaceutical Preparations,-8.3969465648855,-8.980579996032533,3.3057818671050843,-18.963187155936,lagging,45.0,45.0,45.0,100.0,17.135276276441438,50.02029144146622,mapped_pure_play_watch,mapped_only_needs_news_confirmation
GLP-1 And Obesity Drugs,HIMS,0,0,0,,adopter,55.0,12,43.0,medium,emerging_watch,22,2,0.9545454545454546,0.9545454545454546,Hims & Hers Health Inc. Class A Common Stock,Health Care,Medical/Nursing Services,-10.307590554904278,38.15524010385052,1.1812465596964916,28.17263294394705,overheated,45.0,45.0,45.0,55.0,58.984678386312794,47.297701757946925,mapped_watch,mapped_only_needs_news_confirmation;price_risk
GLP-1 And Obesity Drugs,AMGN,0,0,0,,enabler,80.0,12,43.0,medium,emerging_watch,22,2,0.9545454545454546,0.9545454545454546,Amgen Inc. Common Stock,Health Care,Biotechnology: Biological Products (No Diagnostic Substances),-4.2751359717362325,-6.640622604206414,-2.859082265251789,-16.62322976410988,lagging,45.0,45.0,45.0,80.0,19.709229407450174,46.40638441111753,mapped_watch,mapped_only_needs_news_confirmation
GLP-1 And Obesity Drugs,MRK,0,0,0,,enabler,80.0,12,43.0,medium,emerging_watch,22,2,0.9545454545454546,0.9545454545454546,Merck & Company Inc. Common Stock (new),Health Care,Biotechnology: Pharmaceutical Preparations,0.2323522186640447,-7.183046126143877,2.4673514627821636,-17.165653286047345,lagging,45.0,45.0,45.0,80.0,19.112563533318962,46.31688452999785,mapped_watch,mapped_only_needs_news_confirmation
GLP-1 And Obesity Drugs,PFE,0,0,0,,enabler,80.0,12,43.0,medium,emerging_watch,22,2,0.9545454545454546,0.9545454545454546,Pfizer Inc. Common Stock,Health Care,Biotechnology: Pharmaceutical Preparations,-2.481481764051652,-7.775829676635249,-0.4160386086598966,-17.758436836538714,lagging,45.0,45.0,45.0,80.0,18.460501627778456,46.219075244166774,mapped_watch,mapped_only_needs_news_confirmation
GLP-1 And Obesity Drugs,TNDM,0,0,0,,sympathetic,35.0,12,43.0,medium,emerging_watch,22,2,0.9545454545454546,0.9545454545454546,Tandem Diabetes Care Inc. Common Stock,Health Care,Medical/Dental Instruments,-4.616898358930777,3.242959211434515,-2.362993100940458,-6.739647948468951,neutral,45.0,45.0,45.0,35.0,45.58116940465519,41.28717541069828,mapped_watch,mapped_only_needs_news_confirmation
GLP-1 And Obesity Drugs,DXCM,0,0,0,,sympathetic,35.0,12,43.0,medium,emerging_watch,22,2,0.9545454545454546,0.9545454545454546,DexCom Inc. Common Stock,Health Care,Medical/Dental Instruments,-0.3573188594990673,-1.635402397357144,-16.00493194807875,-11.61800955726061,lagging,45.0,45.0,45.0,35.0,25.214971634984366,38.23224574524766,mapped_watch,mapped_only_needs_news_confirmation
Ecommerce And Ads,WMT,2,1,1,"Saudi Arabia E-commerce Apparel Market Forecast Report 2026-2034, Competitive Analysis of Alibaba, Amazon, ASOS, Best Buy, Ebay, Flipkart, Groupon, JD.com, Shopify, Walmart | Restart Life Sciences' Wholly Owned Subsidiary Holy Crap Foods Launches on Walmart Canada's Digital Marketplace",news_linked,65.0,13,36.9375,medium,emerging_watch,7,5,0.2857142857142857,0.5714285714285714,,,,,,,,,90.0,60.0,100.0,65.0,50.0,78.0,news_linked_unmapped,normal
Ecommerce And Ads,AMZN,2,1,0,"E-Commerce and DTC Accounting and Fractional CFO Services Surge in the U.S. - Northstar Financial Reports Rising Demand for Accurate COGS, Multi-Channel Visibility and Financial Control | E-Commerce Today - CoastalPay Resolve Partnership Enhances B2B Payment Flexibility",news_linked,65.0,13,36.9375,medium,emerging_watch,7,5,0.2857142857142857,0.5714285714285714,Amazon.com Inc. Common Stock,Consumer Discretionary,Catalog/Specialty Distribution,1.617492969130763,27.397065315470037,12.10196671314019,17.41445815556657,extended,90.0,60.0,50.0,65.0,62.150686119094274,69.82260291786415,news_linked_unmapped,normal;price_risk
Ecommerce And Ads,GOOG,1,1,0,"Coastal Pay Launches SignUp Link—Two-Minute, Friction-Free Merchant Onboarding for Retail and E-Commerce",news_linked,65.0,13,36.9375,medium,emerging_watch,7,5,0.2857142857142857,0.5714285714285714,Alphabet Inc. Class C Capital Stock,Technology,Computer Software: Programming Data Processing,11.947882981244252,29.94913840358395,13.280939477365283,19.966531243680485,extended,40.0,60.0,50.0,65.0,64.95796651601957,52.74369497740294,news_linked_unmapped,normal;price_risk
Ecommerce And Ads,V,1,1,0,Digital Payment Update - AI's Double Role: Fueling and Fighting E-Commerce Fraud,news_linked,65.0,13,36.9375,medium,emerging_watch,7,5,0.2857142857142857,0.5714285714285714,Visa Inc.,Real Estate,Real Estate,6.014473706920986,9.889111938607842,2.136673399516509,-0.0934952212956243,neutral,40.0,60.0,50.0,65.0,52.89193740454586,50.93379061068188,news_linked_unmapped,normal
Ecommerce And Ads,META,1,1,0,Reddit stock surges after ad revenue jumps 74% in Q1,news_linked,65.0,13,36.9375,medium,emerging_watch,7,5,0.2857142857142857,0.5714285714285714,Meta Platforms Inc. Class A Common Stock,Technology,Computer Software: Programming Data Processing,-9.8188267810713,5.096424654566478,-14.965640142367342,-4.886182505336988,neutral,40.0,60.0,50.0,65.0,47.61998139210036,50.14299720881505,news_linked_unmapped,normal
AI Infrastructure,NVDA,8,3,6,"Silicon Valley 101 and Power HF Host AI Infrastructure Forum, Spotlighting Power as the Next Battleground | Dell, Super Micro, or HPE: Which AI Server Stock Crushed It in April? | ARM, Marvell, or Vertiv: Which AI Infrastructure Stock Crushed It in April?",news_linked,65.0,14,36.375,very_high,sustained_narrative,33,11,0.2424242424242424,0.6060606060606061,NVIDIA Corporation Common Stock,Technology,Semiconductors,-4.715036790114102,12.916072232285746,3.835470169062116,2.9334650723822797,neutral,100.0,100.0,100.0,65.0,56.22159372759155,86.43323905913873,news_linked_unmapped,normal
AI Infrastructure,AVGO,5,1,5,"Is Broadcom (AVGO) The Best AI Chip Stock in Billionaire Philippe Laffont’s Portfolio? | Broadcom Just Reached a 3-Year AI Chip Deal with Meta. Does That Make AVGO Stock a Buy? | Nvidia, AI Chip Stocks Fall On OpenAI Funding Concerns",news_linked,65.0,14,36.375,very_high,sustained_narrative,33,11,0.2424242424242424,0.6060606060606061,Broadcom Inc. Common Stock,Technology,Semiconductors,-0.3500830145094946,34.38387569068304,27.426420708051168,24.401268530779575,extended,95.45454545454545,70.45454545454545,95.45454545454545,65.0,69.83617753182858,83.02088117522884,news_linked_unmapped,normal;price_risk
AI Infrastructure,AMD,4,2,3,"AI Chip Shortage Warning: TSM Ramps Up Production | Stock Market Today, April 29: Advanced Micro Devices Rises After Analyst Upgrade Points to Data Center GPU Demand Ahead of Earnings | Analysts Project 23% Upside On Super Micro Computer (SMCI) Amid Growing Presence In Edge AI Infrastructure",news_linked,65.0,14,36.375,very_high,sustained_narrative,33,11,0.2424242424242424,0.6060606060606061,Advanced Micro Devices Inc. Common Stock,Technology,Semiconductors,3.660047461454452,71.51419867260662,52.300095066904895,61.53159151270316,overheated,88.63636363636364,93.18181818181817,90.9090909090909,65.0,61.0,80.67272727272727,news_linked_unmapped,normal;price_risk
AI Infrastructure,GOOGL,4,1,2,"This Investment Gives You Access to All the Hottest Market Trends: Generative AI, SpaceX, Quantum Computing, Robotaxis, and More | Amazon Stock Ekes Out Gain After Q1 Results Highlight AI Chip Demand | Forget STX’s 13% Pop — Alphabet Is Where AI Infrastructure Investors Should Actually Be",news_linked,65.0,14,36.375,very_high,sustained_narrative,33,11,0.2424242424242424,0.6060606060606061,Alphabet Inc. Class A Common Stock,Technology,Computer Software: Programming Data Processing,11.98896901180908,29.691645127141687,14.18979375562952,19.70903796723822,extended,88.63636363636364,70.45454545454545,86.36363636363636,65.0,64.67472391193309,78.04211767769905,news_linked_unmapped,normal;price_risk
AI Infrastructure,MU,3,2,1,Mag 7 Capex Explosion: AI Infrastructure Stocks Could Win Big | Are Semiconductor Stocks The Market's 'North Star'? AI Chip Demand Powers Record Tech Share | Energy Crisis Blows Softer In U.S.: AI Infrastructure Trade Appears Intact,news_linked,65.0,14,36.375,very_high,sustained_narrative,33,11,0.2424242424242424,0.6060606060606061,Micron Technology Inc. Common Stock,Technology,Semiconductors,9.158081140312468,47.39975886260404,30.745711317154026,37.41715170270057,overheated,79.54545454545455,93.18181818181817,77.27272727272727,65.0,61.0,74.76363636363637,news_linked_unmapped,normal;price_risk
AI Infrastructure,ORCL,3,1,1,"Cloud AI Today - Generative AI Revolutionizing Chemical Industry Growth | Bloom Energy Fueling Transition to Critical AI Infrastructure Provider | Nvidia Stock Drops. What’s Hitting AMD, Broadcom, and the AI Chip Players.",news_linked,65.0,14,36.375,very_high,sustained_narrative,33,11,0.2424242424242424,0.6060606060606061,Oracle Corporation Common Stock,Technology,Computer Software: Prepackaged Software,-0.8367941819349967,18.72900756557927,4.769800086059517,8.746400405675804,confirming,79.54545454545455,70.45454545454545,77.27272727272727,65.0,72.61582259421442,74.23328248004125,news_linked_unmapped,normal
AI Infrastructure,LLY,1,1,1,"Top Midday Stories: Microsoft, OpenAI Amend Agreement; Qualcomm Reportedly Collaborating With OpenAI on Smartphone AI Chip",news_linked,65.0,14,36.375,very_high,sustained_narrative,33,11,0.2424242424242424,0.6060606060606061,Eli Lilly and Company Common Stock,Health Care,Biotechnology: Pharmaceutical Preparations,8.978912297420916,0.922976719013202,-6.962558899980387,-9.059630440890263,neutral,61.36363636363637,70.45454545454545,77.27272727272727,65.0,43.02918866299175,63.43165102672149,news_linked_unmapped,normal
AI Infrastructure,GOOG,2,1,0,Cipher Digital Shifts From Bitcoin Mining To AI Infrastructure With Tech Giants | Alphabet Goes All-In on AI Infrastructure With TPU Push,news_linked,65.0,14,36.375,very_high,sustained_narrative,33,11,0.2424242424242424,0.6060606060606061,Alphabet Inc. Class C Capital Stock,Technology,Computer Software: Programming Data Processing,11.947882981244252,29.94913840358395,13.280939477365283,19.966531243680485,extended,72.72727272727273,70.45454545454545,36.36363636363637,65.0,64.95796651601957,62.51642225013022,news_linked_unmapped,normal;price_risk
AI Infrastructure,MSFT,1,1,0,Should Microsoft’s US$190 Billion AI Infrastructure Bet Reshape the Risk‑Reward Balance for MSFT Investors?,news_linked,65.0,14,36.375,very_high,sustained_narrative,33,11,0.2424242424242424,0.6060606060606061,Microsoft Corporation Common Stock,Technology,Computer Software: Prepackaged Software,-2.3974360116912896,12.201859360536238,-3.463723892731363,2.2192522006327717,neutral,61.36363636363637,70.45454545454545,36.36363636363637,65.0,55.435959568667094,57.11084848075461,news_linked_unmapped,normal
AI Infrastructure,INTC,1,1,0,"Data Center Demand Drove Vertiv's Earnings up 83%, but Is This AI Infrastructure Play Worth its Lofy Valuation?",news_linked,65.0,14,36.375,very_high,sustained_narrative,33,11,0.2424242424242424,0.6060606060606061,,,,,,,,,61.36363636363637,70.45454545454545,36.36363636363637,65.0,50.0,56.29545454545455,news_linked_unmapped,normal
AI Infrastructure,META,1,1,0,Wall Street Floods Amazon With Price Target Hikes After Q1 Beat: Is AWS Truly the AI Infrastructure Winner?,news_linked,65.0,14,36.375,very_high,sustained_narrative,33,11,0.2424242424242424,0.6060606060606061,Meta Platforms Inc. Class A Common Stock,Technology,Computer Software: Programming Data Processing,-9.8188267810713,5.096424654566478,-14.965640142367342,-4.886182505336988,neutral,61.36363636363637,70.45454545454545,36.36363636363637,65.0,47.61998139210036,55.9384517542696,news_linked_unmapped,normal
AI Infrastructure,ARM,0,0,0,,pure_play,100.0,14,36.375,very_high,sustained_narrative,33,11,0.2424242424242424,0.6060606060606061,Arm Holdings plc American Depositary Shares,Technology,Semiconductors,-10.063457743921632,36.18364783735923,100.43659021679328,26.201040677455765,overheated,27.27272727272727,27.27272727272727,36.36363636363637,100.0,56.815926893172374,46.2678435794304,mapped_pure_play_watch,mapped_only_needs_news_confirmation;price_risk
AI Infrastructure,TSM,0,0,0,,pure_play,100.0,14,36.375,very_high,sustained_narrative,33,11,0.2424242424242424,0.6060606060606061,Taiwan Semiconductor Manufacturing Company Ltd.,Technology,Semiconductors,-1.1901749562796993,16.45144068638771,20.64090298308898,6.468833526484243,extended,27.27272727272727,27.27272727272727,36.36363636363637,100.0,50.11049902710371,45.262029399520095,mapped_pure_play_watch,mapped_only_needs_news_confirmation;price_risk
AI Infrastructure,SMCI,0,0,0,,enabler,80.0,14,36.375,very_high,sustained_narrative,33,11,0.2424242424242424,0.6060606060606061,Super Micro Computer Inc. Common Stock,Technology,Computer Manufacturing,-6.8431904275760065,20.34651211522249,-6.939197579560874,10.363904955319024,confirming,27.27272727272727,27.27272727272727,36.36363636363637,80.0,74.39507759882197,44.90471618527784,mapped_watch,mapped_only_needs_news_confirmation
AI Infrastructure,ASML,0,0,0,,pure_play,100.0,14,36.375,very_high,sustained_narrative,33,11,0.2424242424242424,0.6060606060606061,ASML Holding N.V. New York Registry Shares,Technology,Industrial Machinery/Components,-1.8908556721138223,5.175684805148983,0.6340987052196878,-4.806922354754483,neutral,27.27272727272727,27.27272727272727,36.36363636363637,100.0,47.70716755774111,44.90152967911571,mapped_pure_play_watch,mapped_only_needs_news_confirmation
AI Infrastructure,VRT,0,0,0,,enabler,80.0,14,36.375,very_high,sustained_narrative,33,11,0.2424242424242424,0.6060606060606061,Vertiv Holdings LLC Class A Common Stock,Technology,Industrial Machinery/Components,1.4994145278054205,26.57979093158329,76.38207172977135,16.597183771679823,extended,27.27272727272727,27.27272727272727,36.36363636363637,80.0,61.25168429681884,42.93320718997737,mapped_watch,mapped_only_needs_news_confirmation;price_risk
AI Infrastructure,MRVL,0,0,0,,enabler,80.0,14,36.375,very_high,sustained_narrative,33,11,0.2424242424242424,0.6060606060606061,Marvell Technology Inc. Common Stock,Technology,Semiconductors,0.3895072723254067,54.6552052816603,109.1137396197921,44.672598121756835,overheated,27.27272727272727,27.27272727272727,36.36363636363637,80.0,61.0,42.89545454545454,mapped_watch,mapped_only_needs_news_confirmation;price_risk
AI Infrastructure,ANET,0,0,0,,enabler,80.0,14,36.375,very_high,sustained_narrative,33,11,0.2424242424242424,0.6060606060606061,Arista Networks Inc. Common Stock,Telecommunications,Computer Communications Equipment,-2.379744857112842,38.32599043566625,21.842803905190532,28.343383275762783,overheated,27.27272727272727,27.27272727272727,36.36363636363637,80.0,59.1725037513101,42.62133010815106,mapped_watch,mapped_only_needs_news_confirmation;price_risk
AI Infrastructure,DELL,0,0,0,,enabler,80.0,14,36.375,very_high,sustained_narrative,33,11,0.2424242424242424,0.6060606060606061,Dell Technologies Inc. Class C Common Stock ,Technology,Computer Manufacturing,-2.7395984401279105,24.465873570326057,84.21906253947624,14.48326641042259,extended,27.27272727272727,27.27272727272727,36.36363636363637,80.0,58.926375199435896,42.58441082536993,mapped_watch,mapped_only_needs_news_confirmation;price_risk
AI Infrastructure,AMZN,0,0,0,,adopter,55.0,14,36.375,very_high,sustained_narrative,33,11,0.2424242424242424,0.6060606060606061,Amazon.com Inc. Common Stock,Consumer Discretionary,Catalog/Specialty Distribution,1.617492969130763,27.397065315470037,12.10196671314019,17.41445815556657,extended,27.27272727272727,27.27272727272727,36.36363636363637,55.0,62.150686119094274,38.06805746331869,mapped_watch,mapped_only_needs_news_confirmation;price_risk
AI Infrastructure,PLTR,0,0,0,,sympathetic,35.0,14,36.375,very_high,sustained_narrative,33,11,0.2424242424242424,0.6060606060606061,Palantir Technologies Inc. Class A Common Stock,Technology,Computer Software: Prepackaged Software,0.6848913351104935,-1.6519885850221017,-1.71907297675572,-11.634595744925567,lagging,27.27272727272727,27.27272727272727,36.36363636363637,35.0,25.19672682855291,28.52496356973748,mapped_watch,mapped_only_needs_news_confirmation
AI Infrastructure,SNOW,0,0,0,,sympathetic,35.0,14,36.375,very_high,sustained_narrative,33,11,0.2424242424242424,0.6060606060606061,Snowflake Inc. Common Stock,Technology,Computer Software: Prepackaged Software,0.4846013685062544,-7.91535756509899,-26.829267133890212,-17.897964725002456,lagging,27.27272727272727,27.27272727272727,36.36363636363637,35.0,18.307020950468335,27.491507688024793,mapped_watch,mapped_only_needs_news_confirmation
Banking And Credit,V,1,1,1,GBank Financial Q1 Earnings Call Highlights,news_linked,65.0,15,33.6875,low,noise_possible,1,1,1.0,0.0,Visa Inc.,Real Estate,Real Estate,6.014473706920986,9.889111938607842,2.136673399516509,-0.0934952212956243,neutral,100.0,100.0,100.0,65.0,52.89193740454586,85.93379061068188,news_linked_unmapped,normal
Memory And HBM,MU,4,2,2,"There Is Optimism Around Micron Technology’s HBM Business, Here Is What You Should Know? | Why Micron Stock Is Surging Wednesday? | GM Earnings Survived the Oil Shock. The Memory Chip Problem Is Another Thing.",news_linked,65.0,16,24.6875,low,noise_possible,7,3,0.5714285714285714,0.5714285714285714,Micron Technology Inc. Common Stock,Technology,Semiconductors,9.158081140312468,47.39975886260404,30.745711317154026,37.41715170270057,overheated,100.0,100.0,97.05882352941177,65.0,61.0,86.56176470588235,news_linked_unmapped,normal;price_risk
Memory And HBM,AAPL,2,1,2,"Apple Warns the Memory Shortage Is Getting Worse. Experts Say It Could Drive Up Prices | Apple's iPhone sales lift stock, but global memory shortage and supply constraints to hit margins",news_linked,65.0,16,24.6875,low,noise_possible,7,3,0.5714285714285714,0.5714285714285714,,,,,,,,,94.11764705882352,91.17647058823529,97.05882352941177,65.0,50.0,81.97058823529412,news_linked_unmapped,normal
Memory And HBM,NVDA,1,1,1,The Memory Supercycle Is Back in Motion — and Samsung and SK Hynix May Be the Stocks With the Most Torque,news_linked,65.0,16,24.6875,low,noise_possible,7,3,0.5714285714285714,0.5714285714285714,NVIDIA Corporation Common Stock,Technology,Semiconductors,-4.715036790114102,12.916072232285746,3.835470169062116,2.9334650723822797,neutral,88.23529411764706,91.17647058823529,88.23529411764706,65.0,56.22159372759155,79.08029788266813,news_linked_unmapped,normal
Memory And HBM,STX,0,0,0,,pure_play,100.0,16,24.6875,low,noise_possible,7,3,0.5714285714285714,0.5714285714285714,,,,,,,,,44.11764705882353,44.11764705882353,44.11764705882353,100.0,50.0,54.3764705882353,mapped_pure_play_watch,mapped_only_needs_news_confirmation
Memory And HBM,WDC,0,0,0,,pure_play,100.0,16,24.6875,low,noise_possible,7,3,0.5714285714285714,0.5714285714285714,,,,,,,,,44.11764705882353,44.11764705882353,44.11764705882353,100.0,50.0,54.3764705882353,mapped_pure_play_watch,mapped_only_needs_news_confirmation
Memory And HBM,AVGO,0,0,0,,enabler,80.0,16,24.6875,low,noise_possible,7,3,0.5714285714285714,0.5714285714285714,Broadcom Inc. Common Stock,Technology,Semiconductors,-0.3500830145094946,34.38387569068304,27.426420708051168,24.401268530779575,extended,44.11764705882353,44.11764705882353,44.11764705882353,80.0,69.83617753182858,53.35189721800959,mapped_watch,mapped_only_needs_news_confirmation;price_risk
Memory And HBM,AMD,0,0,0,,enabler,80.0,16,24.6875,low,noise_possible,7,3,0.5714285714285714,0.5714285714285714,Advanced Micro Devices Inc. Common Stock,Technology,Semiconductors,3.660047461454452,71.51419867260662,52.300095066904895,61.53159151270316,overheated,44.11764705882353,44.11764705882353,44.11764705882353,80.0,61.0,52.0264705882353,mapped_watch,mapped_only_needs_news_confirmation;price_risk
Memory And HBM,TSM,0,0,0,,enabler,80.0,16,24.6875,low,noise_possible,7,3,0.5714285714285714,0.5714285714285714,Taiwan Semiconductor Manufacturing Company Ltd.,Technology,Semiconductors,-1.1901749562796993,16.45144068638771,20.64090298308898,6.468833526484243,extended,44.11764705882353,44.11764705882353,44.11764705882353,80.0,50.11049902710371,50.39304544230085,mapped_watch,mapped_only_needs_news_confirmation;price_risk
Memory And HBM,ASML,0,0,0,,enabler,80.0,16,24.6875,low,noise_possible,7,3,0.5714285714285714,0.5714285714285714,ASML Holding N.V. New York Registry Shares,Technology,Industrial Machinery/Components,-1.8908556721138223,5.175684805148983,0.6340987052196878,-4.806922354754483,neutral,44.11764705882353,44.11764705882353,44.11764705882353,80.0,47.70716755774111,50.03254572189647,mapped_watch,mapped_only_needs_news_confirmation
Memory And HBM,GOOG,0,0,0,,adopter,55.0,16,24.6875,low,noise_possible,7,3,0.5714285714285714,0.5714285714285714,Alphabet Inc. Class C Capital Stock,Technology,Computer Software: Programming Data Processing,11.947882981244252,29.94913840358395,13.280939477365283,19.966531243680485,extended,44.11764705882353,44.11764705882353,44.11764705882353,55.0,64.95796651601957,47.62016556563824,mapped_watch,mapped_only_needs_news_confirmation;price_risk
Memory And HBM,GOOGL,0,0,0,,adopter,55.0,16,24.6875,low,noise_possible,7,3,0.5714285714285714,0.5714285714285714,Alphabet Inc. Class A Common Stock,Technology,Computer Software: Programming Data Processing,11.98896901180908,29.691645127141687,14.18979375562952,19.70903796723822,extended,44.11764705882353,44.11764705882353,44.11764705882353,55.0,64.67472391193309,47.57767917502526,mapped_watch,mapped_only_needs_news_confirmation;price_risk
Memory And HBM,AMZN,0,0,0,,adopter,55.0,16,24.6875,low,noise_possible,7,3,0.5714285714285714,0.5714285714285714,Amazon.com Inc. Common Stock,Consumer Discretionary,Catalog/Specialty Distribution,1.617492969130763,27.397065315470037,12.10196671314019,17.41445815556657,extended,44.11764705882353,44.11764705882353,44.11764705882353,55.0,62.150686119094274,47.19907350609944,mapped_watch,mapped_only_needs_news_confirmation;price_risk
Memory And HBM,MSFT,0,0,0,,adopter,55.0,16,24.6875,low,noise_possible,7,3,0.5714285714285714,0.5714285714285714,Microsoft Corporation Common Stock,Technology,Computer Software: Prepackaged Software,-2.3974360116912896,12.201859360536238,-3.463723892731363,2.2192522006327717,neutral,44.11764705882353,44.11764705882353,44.11764705882353,55.0,55.435959568667094,46.191864523535365,mapped_watch,mapped_only_needs_news_confirmation
Memory And HBM,META,0,0,0,,adopter,55.0,16,24.6875,low,noise_possible,7,3,0.5714285714285714,0.5714285714285714,Meta Platforms Inc. Class A Common Stock,Technology,Computer Software: Programming Data Processing,-9.8188267810713,5.096424654566478,-14.965640142367342,-4.886182505336988,neutral,44.11764705882353,44.11764705882353,44.11764705882353,55.0,47.61998139210036,45.01946779705035,mapped_watch,mapped_only_needs_news_confirmation
Memory And HBM,AMAT,0,0,0,,sympathetic,35.0,16,24.6875,low,noise_possible,7,3,0.5714285714285714,0.5714285714285714,,,,,,,,,44.11764705882353,44.11764705882353,44.11764705882353,35.0,50.0,41.3764705882353,mapped_watch,mapped_only_needs_news_confirmation
Memory And HBM,KLAC,0,0,0,,sympathetic,35.0,16,24.6875,low,noise_possible,7,3,0.5714285714285714,0.5714285714285714,,,,,,,,,44.11764705882353,44.11764705882353,44.11764705882353,35.0,50.0,41.3764705882353,mapped_watch,mapped_only_needs_news_confirmation
Memory And HBM,LRCX,0,0,0,,sympathetic,35.0,16,24.6875,low,noise_possible,7,3,0.5714285714285714,0.5714285714285714,,,,,,,,,44.11764705882353,44.11764705882353,44.11764705882353,35.0,50.0,41.3764705882353,mapped_watch,mapped_only_needs_news_confirmation
