as_of_date,rank,sector_group,theme,top_items,log_share_change_7d_30d,finnhub_company_log_change_7d_30d,gdelt_log_change_7d_30d,reddit_log_change_7d_30d,z_score_7d_90d,article_count_7d,weighted_article_count_7d,baseline_article_count_30d,unique_source_count_7d,reddit_engagement_7d,last7_share,prev30_share,source_mix,direction,confidence,unique_ticker_count_7d,top_ticker_share_7d,daily_active_days_7d,top_headline_cluster_share_7d,pure_play_ratio_7d,event_concentration_score,confidence_score_v2,adjusted_confidence,narrative_type,sample_headlines,log_change_pct,finnhub_company_log_change_pct,gdelt_log_change_pct,reddit_log_change_pct,reddit_engagement_pct,z_score_pct,breadth_pct,count_pct,news_attention,retail_attention,attention_score
2026-05-03,1,Emerging Tech,Quantum Computing,qubit,3.4592092843988174,3.4592092843988174,0.0,0.0,0.0,8,7.0,0.0,6,0.0,0.0030791828278816592,0.0,news_led,new,medium,6,0.25,4,0.125,0.0,0.25,48.035714285714285,medium,derivative_mention,"Quantum Computing: Moving Out Of The Lab | Nvidia Is Using AI to Fix Quantum Computing's Biggest Problem | This Investment Gives You Access to All the Hottest Market Trends: Generative AI, SpaceX, Quantum Computing, Robotaxis, and More",100.0,100.0,53.125,53.125,53.125,71.875,43.75,43.75,90.625,53.125,80.625
2026-05-03,2,Automation,Robotics And Automation,robotics;automation;humanoid robot,2.315595630780876,2.315595630780876,0.0,0.0,0.0,11,11.0,0.03333333333333333,7,0.0,0.0027286789536411773,0.0001792114695340502,news_led,rising,high,6,0.5454545454545454,4,0.18181818181818182,0.6363636363636364,0.5454545454545454,59.46753246753247,medium,emerging_watch,Meta Buys Robotics Startup Assured Robot Intelligence To Power Humanoid Push As $5 Trillion Market Race Heats Up | Meta buys robotics startup to bolster its humanoid AI ambitions | Meta Robotics Move Meets Undervalued View On Meta Platforms Stock,93.75,93.75,53.125,53.125,53.125,71.875,53.125,56.25,85.625,53.125,78.78125
2026-05-03,3,Cloud Infrastructure,Data Center Capex,data center;AI capex,1.4975477293805206,1.4975477293805206,0.0,0.0,0.44077429184836514,58,52.166666666666664,0.5,17,0.0,0.014533010436148816,0.003173082612882174,news_led,rising,high,15,0.27586206896551724,6,0.05172413793103448,0.7931034482758621,0.27586206896551724,90.22167487684729,very_high,sustained_narrative,"How Surging AI Data Center Demand And Big-Name Deals At AMD (AMD) Has Changed Its Investment Story | Mag 7 Just Committed $710 Billion To AI Capex | Data Center Demand Drove Vertiv's Earnings up 83%, but Is This AI Infrastructure Play Worth its Lofy Valuation?",75.0,75.0,53.125,53.125,53.125,93.75,93.75,93.75,70.625,53.125,77.3125
2026-05-03,4,Power Infrastructure,Grid And Power Equipment,power demand,2.0423814143017536,2.0423814143017536,0.0,0.0,0.0,4,2.5,0.0,4,0.0,0.0006708945550173354,0.0,news_led,new,medium,3,0.5,3,0.5,0.0,0.5,27.714285714285715,low,noise_possible,Bloom Energy (BE) Is Up 25.7% After Securing Oracle AI Data Center Power Deal - Has The Bull Case Changed? | First Solar CEO on solar energy's role amid increasing AI power demand | JPMorgan and Susquehanna Both Boost Bloom Energy Price Targets: Is the Data Center Power Play Heating Up?,87.5,87.5,53.125,53.125,53.125,71.875,31.25,25.0,80.625,53.125,72.25
2026-05-03,5,Industrials,Reshoring And Manufacturing,reshoring,1.5769654995487055,1.5769654995487055,0.0,0.0,0.0,1,1.0,0.0,1,0.0,0.0003840245775729647,0.0,news_led,new,low,1,1.0,1,1.0,0.0,1.0,0.0,low,noise_possible,‘American industry is winning’: White House touts factory boom — how investors can ride the reshoring wave,81.25,81.25,53.125,53.125,53.125,71.875,12.5,12.5,75.625,53.125,66.1875
2026-05-03,6,Event,Earnings And Buybacks,earnings;guidance;buyback,0.39653446041976653,0.39653446041976653,0.0,0.0,0.5404736974178226,497,485.16666666666663,7.466666666666667,33,0.0,0.14751454437842743,0.09919249469216021,news_led,stable,high,24,0.11871227364185111,7,0.09054325955734406,0.5,0.11871227364185111,93.21931589537223,very_high,sustained_narrative,"Berkshire Hathaway Inc. Reports Earnings Results for the First Quarter Ended March 31, 2026 | Cardinal Health Among 9 Companies To Announce Dividend Increases In The First Half Of May | Top 50 High-Quality Dividend Growth Stocks For May 2026",50.0,50.0,53.125,53.125,53.125,100.0,100.0,100.0,50.625,53.125,65.875
2026-05-03,7,Digital Assets,Stablecoin And Crypto Policy,stablecoin;Bitcoin,0.791781174164194,0.791781174164194,0.0,0.0,-0.3419654685737801,28,26.5,0.5,11,0.0,0.011463181714065967,0.00513855075177575,news_led,rising,high,7,0.5,7,0.07142857142857142,0.5,0.5,81.5,very_high,sustained_narrative,Cipher Digital Shifts From Bitcoin Mining To AI Infrastructure With Tech Giants | Visa Expands Crypto Role With Lightspark Stablecoin And Bitcoin Debit Cards | Stablecoin Transactions Will Soon Overtake Visa and Mastercard. Here's How to Invest.,62.5,62.5,53.125,53.125,53.125,50.0,75.0,75.0,60.625,53.125,63.625
2026-05-03,8,Consumer Hardware,Smartphone And Devices,iPhone;smartphone;wearables,0.6325075342849785,0.6325075342849785,0.0,0.0,-1.1083759225825378,39,33.5,0.1,12,0.0,0.013737123399306345,0.00725108225108225,news_led,rising,high,7,0.7948717948717948,4,0.05128205128205128,0.8205128205128205,0.7948717948717948,58.54853479853481,medium,emerging_watch,"AAPL Q1 Deep Dive: Leadership Transition and Broad-Based Growth Drive Outperformance | S&P 500, Nasdaq end higher, notch weekly gains | Apple Q2 Earnings Beat Estimates, iPhone Drives Top-Line Growth",56.25,56.25,53.125,53.125,53.125,25.0,87.5,87.5,55.625,53.125,59.75
2026-05-03,9,Power Infrastructure,Nuclear Renaissance,SMR,1.0725103003709469,1.0725103003709469,0.0,0.0,0.0,1,1.0,0.0,1,0.0,0.00019227071716977504,0.0,news_led,new,low,1,1.0,1,1.0,0.0,1.0,0.0,low,noise_possible,1 Overlooked Detail to Watch as NuScale's SMR Project Moves Forward,68.75,68.75,53.125,53.125,53.125,71.875,12.5,12.5,65.625,53.125,59.6875
2026-05-03,10,Macro Policy,Tariffs And Supply Chain,tariff,-0.1555305171881899,-0.1555305171881899,0.0,0.0,-0.9572287054541658,13,13.0,0.7,9,0.0,0.010449836026846047,0.012225136987980466,news_led,stable,high,7,0.46153846153846156,5,0.23076923076923078,0.5,0.46153846153846156,66.93406593406594,high,emerging_watch,"Nvidia’s pivot to physical AI ignites rally across Asian supply chain | Tim Cook Says Apple Is Pursuing Tariff Refunds, Will Reinvest Any Windfall Into New US Innovation, Manufacturing Projects | Nvidia's China Exposure Back In Focus As Senator Coons Probes H200 Export Claims",37.5,37.5,53.125,53.125,53.125,31.25,62.5,62.5,40.625,53.125,46.875
2026-05-03,11,Risk,Regulatory And Legal Risk,antitrust;lawsuit;probe,0.24346969503362778,0.24346969503362778,0.0,0.0,-2.0076134000950585,9,9.0,0.13333333333333333,7,0.0,0.0019098418204313017,0.0014755214985100041,news_led,stable,medium,6,0.3333333333333333,3,0.2222222222222222,0.5,0.3333333333333333,50.21428571428571,medium,emerging_watch,'U.S. Antitrust Authorities Clear Intel's SambaNova Systems Transaction' - Reuters Citing Filing | Intel's SambaNova deal gets U.S. antitrust clearance | U.S. antitrust authorities clear Intel's SambaNova Systems transaction - filing,43.75,43.75,53.125,53.125,53.125,12.5,53.125,50.0,45.625,53.125,46.84375
2026-05-03,12,Healthcare,GLP-1 And Obesity Drugs,Zepbound;Ozempic;Wegovy,-0.16629070901381024,-0.16629070901381024,0.0,0.0,-2.290257314069596,22,20.0,0.8,11,0.0,0.004931716436857044,0.0058420362332841595,news_led,stable,high,2,0.9545454545454546,5,0.045454545454545456,0.9545454545454546,0.9545454545454546,53.47077922077922,medium,emerging_watch,"Novo Launches Ozempic Pills Across 70,000 US Pharmacies | Hims & Hers, Novo Nordisk: FDA GLP-1 Compounding Ruling May Actually Favor Hims | Apple earnings, DHS shutdown, 'Ozempic breath' and more in Morning Squawk",31.25,31.25,53.125,53.125,53.125,6.25,75.0,68.75,35.625,53.125,43.0
2026-05-03,13,Consumer Internet,Ecommerce And Ads,marketplace,-0.2764043454258966,-0.2764043454258966,0.0,0.0,-0.7531979002859571,7,7.0,0.13333333333333333,4,0.0,0.0019147867096954104,0.0025562561897697024,news_led,stable,medium,5,0.2857142857142857,4,0.14285714285714285,0.5714285714285714,0.2857142857142857,49.214285714285715,medium,emerging_watch,"Reddit stock surges after ad revenue jumps 74% in Q1 | Coastal Pay Launches SignUp Link—Two-Minute, Friction-Free Merchant Onboarding for Retail and E-Commerce | E-Commerce and DTC Accounting and Fractional CFO Services Surge in the U.S. - Northstar Financial Reports Rising Demand for Accurate COGS, Multi-Channel Visibility and Financial Control",25.0,25.0,53.125,53.125,53.125,43.75,31.25,34.375,30.625,53.125,36.9375
2026-05-03,14,Semiconductors,AI Infrastructure,AI chip;GPU;accelerator,-0.531536435145829,-0.531536435145829,0.0,0.0,-0.8134342941420158,33,28.66666666666667,1.1333333333333333,11,0.0,0.011160131945722023,0.01905961686779721,news_led,falling,high,11,0.24242424242424243,7,0.06060606060606061,0.6060606060606061,0.24242424242424243,86.42424242424242,very_high,sustained_narrative,"Cipher Digital Shifts From Bitcoin Mining To AI Infrastructure With Tech Giants | Silicon Valley 101 and Power HF Host AI Infrastructure Forum, Spotlighting Power as the Next Battleground | This Investment Gives You Access to All the Hottest Market Trends: Generative AI, SpaceX, Quantum Computing, Robotaxis, and More",12.5,12.5,53.125,53.125,53.125,37.5,75.0,81.25,20.625,53.125,36.375
2026-05-03,15,Financials,Banking And Credit,loan growth,-0.3360435204247641,-0.3360435204247641,0.0,0.0,0.0,1,0.5,0.03333333333333333,1,0.0,0.00019201228878648236,0.00030864197530864197,news_led,stable,low,1,1.0,1,1.0,0.0,1.0,0.0,low,noise_possible,GBank Financial Q1 Earnings Call Highlights,18.75,18.75,53.125,53.125,53.125,71.875,12.5,12.5,25.625,53.125,33.6875
2026-05-03,16,Semiconductors,Memory And HBM,DRAM;memory shortage;HBM,-1.1381666314594268,-1.1381666314594268,0.0,0.0,-1.3244013701149095,7,6.0,0.4,4,0.0,0.0016162776630573013,0.005256573122207116,news_led,falling,medium,3,0.5714285714285714,4,0.14285714285714285,0.5714285714285714,0.5714285714285714,41.39285714285715,low,noise_possible,"The Memory Supercycle Is Back in Motion — and Samsung and SK Hynix May Be the Stocks With the Most Torque | Apple Warns the Memory Shortage Is Getting Worse. Experts Say It Could Drive Up Prices | Apple's iPhone sales lift stock, but global memory shortage and supply constraints to hit margins",6.25,6.25,53.125,53.125,53.125,18.75,31.25,34.375,15.625,53.125,24.6875
