theme,ticker,article_count_7d,source_breadth_7d,matched_item_count,sample_headlines,explicit_mention_count_7d,bucket_type,bucket_weight,rank,attention_score,theme_adjusted_confidence,theme_narrative_type,theme_article_count_7d,unique_ticker_count_7d,top_ticker_share_7d,pure_play_ratio_7d,company_name,sector,industry,price_return_5d,price_return_1m,price_return_3m,relative_return_1m_spy,price_state,article_exposure_pct,source_breadth_pct,context_relevance_pct,article_exposure_effective,source_breadth_effective,context_relevance_effective,pure_play_fit,price_confirmation,company_narrative_score,company_narrative_role,interpretation_flag
Quantum Computing,INTC,2,2,0,Intel CEO Lip-Bu Tan Has A New Role In Nvidia-Backed 'Fault-Tolerant' Quantum Computing Firm,2,explicit_news_linked,85.0,1,82.84375,high,emerging_watch,24,3,0.5,0.0,,,,28.924992812463746,114.5872434356856,121.25360324298065,104.85631665592118,overheated,100.0,100.0,53.84615384615385,100.0,100.0,53.84615384615385,85.0,61.0,81.91923076923078,explicit_news_linked,normal;price_risk
Quantum Computing,NVDA,1,1,0,Nvidia Is Using AI to Fix Quantum Computing's Biggest Problem,1,explicit_news_linked,85.0,1,82.84375,high,emerging_watch,24,3,0.5,0.0,NVIDIA Corporation Common Stock,Technology,Semiconductors,-7.369700985139271,11.157401144065604,9.499115003212854,1.353641219820224,neutral,88.46153846153845,88.46153846153845,53.84615384615385,88.46153846153845,88.46153846153845,53.84615384615385,85.0,54.430133319075864,75.74144307478444,explicit_news_linked,normal
Quantum Computing,RGTI,0,0,0,,0,pure_play,100.0,1,82.84375,high,emerging_watch,24,3,0.5,0.0,Rigetti Computing Inc. Common Stock,Technology,EDP Services,9.304463591634192,26.161979972973405,-1.6199790432546046,16.358220048728025,confirming,42.30769230769231,42.30769230769231,53.84615384615385,42.30769230769231,42.30769230769231,53.84615384615385,100.0,80.93517003087445,60.14796781232348,mapped_pure_play_watch,mapped_only_needs_news_confirmation
Quantum Computing,IONQ,0,0,0,,0,pure_play,100.0,1,82.84375,high,emerging_watch,24,3,0.5,0.0,IonQ Inc. Common Stock,Technology,EDP Services,8.611882374151293,60.02052421951183,21.62724052721554,50.21676429526645,overheated,42.30769230769231,42.30769230769231,53.84615384615385,42.30769230769231,42.30769230769231,53.84615384615385,100.0,61.0,57.157692307692315,mapped_pure_play_watch,mapped_only_needs_news_confirmation;price_risk
Quantum Computing,QBTS,0,0,0,,0,pure_play,100.0,1,82.84375,high,emerging_watch,24,3,0.5,0.0,D-Wave Quantum Inc. Common Shares,Technology,EDP Services,17.780227525304237,50.84865209199651,-0.3271013835140723,41.04489216775113,overheated,42.30769230769231,42.30769230769231,53.84615384615385,42.30769230769231,42.30769230769231,53.84615384615385,100.0,61.0,57.157692307692315,mapped_pure_play_watch,mapped_only_needs_news_confirmation;price_risk
Quantum Computing,QUBT,0,0,0,,0,pure_play,100.0,1,82.84375,high,emerging_watch,24,3,0.5,0.0,Quantum Computing Inc. Common Stock,Technology,Computer Software: Prepackaged Software,9.919492970184818,37.31924240169386,-2.3823773629135125,27.515482477448483,overheated,42.30769230769231,42.30769230769231,53.84615384615385,42.30769230769231,42.30769230769231,53.84615384615385,100.0,58.208158702466946,56.73891611306236,mapped_pure_play_watch,mapped_only_needs_news_confirmation;price_risk
Quantum Computing,GOOGL,0,0,0,,0,enabler,80.0,1,82.84375,high,emerging_watch,24,3,0.5,0.0,Alphabet Inc. Class A Common Stock,Technology,Computer Software: Programming Data Processing,10.801074650107466,29.190976424180825,14.16586043636583,19.387216499935445,extended,42.30769230769231,42.30769230769231,53.84615384615385,42.30769230769231,42.30769230769231,53.84615384615385,80.0,64.2670661272026,53.6477522267727,mapped_watch,mapped_only_needs_news_confirmation;price_risk
Quantum Computing,AMZN,0,0,0,,0,adopter,55.0,1,82.84375,high,emerging_watch,24,3,0.5,0.0,Amazon.com Inc. Common Stock,Consumer Discretionary,Catalog/Specialty Distribution,5.987673108221658,29.352887205498867,15.3507692701206,19.549127281253487,extended,42.30769230769231,42.30769230769231,53.84615384615385,42.30769230769231,42.30769230769231,53.84615384615385,55.0,64.44516798665245,48.67446750569018,mapped_watch,mapped_only_needs_news_confirmation;price_risk
Quantum Computing,MSFT,0,0,0,,0,adopter,55.0,1,82.84375,high,emerging_watch,24,3,0.5,0.0,Microsoft Corporation Common Stock,Technology,Computer Software: Prepackaged Software,-4.591727770548193,9.831582059121336,-0.1787955885236392,0.0278221348759544,neutral,42.30769230769231,42.30769230769231,53.84615384615385,42.30769230769231,42.30769230769231,53.84615384615385,55.0,52.97173232563716,46.95345215653789,mapped_watch,mapped_only_needs_news_confirmation
Quantum Computing,IBM,0,0,0,,0,enabler,80.0,1,82.84375,high,emerging_watch,24,3,0.5,0.0,International Business Machines Corporation Common Stock,Technology,Computer Manufacturing,-2.0425655011890975,-7.481562090821392,-21.9932952192329,-17.28532201506677,lagging,42.30769230769231,42.30769230769231,53.84615384615385,42.30769230769231,42.30769230769231,53.84615384615385,80.0,18.92727376070016,46.84678337179734,mapped_watch,mapped_only_needs_news_confirmation
Quantum Computing,HON,0,0,0,,0,enabler,80.0,1,82.84375,high,emerging_watch,24,3,0.5,0.0,Honeywell International Inc. Common Stock,Industrials,Aerospace,-1.0238072374804563,-7.650850620130245,-8.277546297495352,-17.454610544375626,lagging,42.30769230769231,42.30769230769231,53.84615384615385,42.30769230769231,42.30769230769231,53.84615384615385,80.0,18.741056378460428,46.81885076446138,mapped_watch,mapped_only_needs_news_confirmation
Quantum Computing,ARQQ,0,0,0,,0,sympathetic,35.0,1,82.84375,high,emerging_watch,24,3,0.5,0.0,Arqit Quantum Inc. Ordinary Shares,Technology,Computer Software: Prepackaged Software,1.4194450468363096,7.282284453848176,-27.791817580761126,-2.5214754703972044,neutral,42.30769230769231,42.30769230769231,53.84615384615385,42.30769230769231,42.30769230769231,53.84615384615385,35.0,50.16750495983669,42.53281805166782,mapped_watch,mapped_only_needs_news_confirmation
Quantum Computing,GOOG,1,1,0,Marvell’s AI Data Center Push Meets Early Quantum Computing Exposure,0,api_related_news,35.0,1,82.84375,high,emerging_watch,24,3,0.5,0.0,Alphabet Inc. Class C Capital Stock,Technology,Computer Software: Programming Data Processing,10.443167926596232,28.93569973229708,12.72684361403018,19.1319398080517,extended,88.46153846153845,88.46153846153845,53.84615384615385,22.115384615384613,22.115384615384613,13.461538461538462,35.0,63.98626176613048,29.24217003415034,api_related_indirect,normal;price_risk
Robotics And Automation,META,5,3,5,Meta Buys Robotics Startup Assured Robot Intelligence To Power Humanoid Push As $5 Trillion Market Race Heats Up | Meta buys robotics startup to bolster its humanoid AI ambitions | Meta Robotics Move Meets Undervalued View On Meta Platforms Stock,5,explicit_news_linked,85.0,2,77.34375,high,sustained_narrative,24,6,0.3846153846153846,0.5384615384615384,Meta Platforms Inc. Class A Common Stock,Technology,Computer Software: Programming Data Processing,-10.308489635870131,5.080972608634515,-12.873998133729591,-4.722787315610865,neutral,100.0,100.0,97.22222222222221,100.0,100.0,97.22222222222221,85.0,47.74606193010166,88.6063537339597,explicit_news_linked,normal
Robotics And Automation,TER,0,0,0,,0,pure_play,100.0,2,77.34375,high,sustained_narrative,24,6,0.3846153846153846,0.5384615384615384,Teradyne Inc. Common Stock,Industrials,Electrical Products,-4.068344024213033,15.60885680257662,28.919870438655913,5.805096878331241,confirming,36.11111111111111,36.11111111111111,36.11111111111111,36.11111111111111,36.11111111111111,36.11111111111111,100.0,69.32673454343798,52.07123240373792,mapped_pure_play_watch,mapped_only_needs_news_confirmation
Robotics And Automation,ROK,0,0,0,,0,pure_play,100.0,2,77.34375,high,sustained_narrative,24,6,0.3846153846153846,0.5384615384615384,Rockwell Automation Inc. Common Stock,Industrials,Industrial Machinery/Components,10.917290893299048,21.221203492026184,3.7962427634596008,11.417443567780804,extended,36.11111111111111,36.11111111111111,36.11111111111111,36.11111111111111,36.11111111111111,36.11111111111111,100.0,55.500315901832494,49.99726960749709,mapped_pure_play_watch,mapped_only_needs_news_confirmation;price_risk
Robotics And Automation,SYM,0,0,0,,0,pure_play,100.0,2,77.34375,high,sustained_narrative,24,6,0.3846153846153846,0.5384615384615384,Symbotic Inc. Class A Common Stock,Industrials,Industrial Machinery/Components,1.2613829413266495,8.442776856310076,2.9935857753933037,-1.3609830679353043,neutral,36.11111111111111,36.11111111111111,36.11111111111111,36.11111111111111,36.11111111111111,36.11111111111111,100.0,51.44404660254478,49.38882921260394,mapped_pure_play_watch,mapped_only_needs_news_confirmation
Robotics And Automation,ZBRA,0,0,0,,0,pure_play,100.0,2,77.34375,high,sustained_narrative,24,6,0.3846153846153846,0.5384615384615384,Zebra Technologies Corporation Class A Common Stock,Industrials,Industrial Machinery/Components,3.2475802494036587,7.2186461944093505,-2.916453484711823,-2.5851137298360296,neutral,36.11111111111111,36.11111111111111,36.11111111111111,36.11111111111111,36.11111111111111,36.11111111111111,100.0,50.09750287445399,49.186847653390316,mapped_pure_play_watch,mapped_only_needs_news_confirmation
Robotics And Automation,AMD,0,0,0,,0,enabler,80.0,2,77.34375,high,sustained_narrative,24,6,0.3846153846153846,0.5384615384615384,Advanced Micro Devices Inc. Common Stock,Technology,Semiconductors,9.56034612586507,60.827503465764664,46.25995805991596,51.02374354151928,overheated,36.11111111111111,36.11111111111111,36.11111111111111,36.11111111111111,36.11111111111111,36.11111111111111,80.0,61.0,46.82222222222222,mapped_watch,mapped_only_needs_news_confirmation;price_risk
Robotics And Automation,AVGO,0,0,0,,0,enabler,80.0,2,77.34375,high,sustained_narrative,24,6,0.3846153846153846,0.5384615384615384,Broadcom Inc. Common Stock,Technology,Semiconductors,7.0967663639384115,36.18452327917756,33.95662841540488,26.38076335493218,overheated,36.11111111111111,36.11111111111111,36.11111111111111,36.11111111111111,36.11111111111111,36.11111111111111,80.0,56.95996766769902,46.21621737237707,mapped_watch,mapped_only_needs_news_confirmation;price_risk
Robotics And Automation,TSLA,0,0,0,,0,enabler,80.0,2,77.34375,high,sustained_narrative,24,6,0.3846153846153846,0.5384615384615384,Tesla Inc. Common Stock,Industrials,Auto Manufacturing,4.713846769159691,11.5993954263941,-6.686652030822781,1.7956355021487198,neutral,36.11111111111111,36.11111111111111,36.11111111111111,36.11111111111111,36.11111111111111,36.11111111111111,80.0,54.9163270296372,45.90967127666781,mapped_watch,mapped_only_needs_news_confirmation
Robotics And Automation,ISRG,0,0,0,,0,pure_play,100.0,2,77.34375,high,sustained_narrative,24,6,0.3846153846153846,0.5384615384615384,Intuitive Surgical Inc. Common Stock,Health Care,Industrial Specialties,-3.6216406402255985,-0.6275125772573609,-6.085034737578654,-10.43127250150274,lagging,36.11111111111111,36.11111111111111,36.11111111111111,36.11111111111111,36.11111111111111,36.11111111111111,100.0,26.4667282256206,45.64223145606532,mapped_pure_play_watch,mapped_only_needs_news_confirmation
Robotics And Automation,GOOGL,0,0,0,,0,adopter,55.0,2,77.34375,high,sustained_narrative,24,6,0.3846153846153846,0.5384615384615384,Alphabet Inc. Class A Common Stock,Technology,Computer Software: Programming Data Processing,10.801074650107466,29.190976424180825,14.16586043636583,19.387216499935445,extended,36.11111111111111,36.11111111111111,36.11111111111111,36.11111111111111,36.11111111111111,36.11111111111111,55.0,64.2670661272026,42.31228214130262,mapped_watch,mapped_only_needs_news_confirmation;price_risk
Robotics And Automation,ABBNY,0,0,0,,0,sympathetic,35.0,2,77.34375,high,sustained_narrative,24,6,0.3846153846153846,0.5384615384615384,,,,6.954087711708978,24.54742479853371,19.671934044955663,14.743664874288331,extended,36.11111111111111,36.11111111111111,36.11111111111111,36.11111111111111,36.11111111111111,36.11111111111111,35.0,59.159159338990776,37.54609612307084,mapped_watch,mapped_only_needs_news_confirmation;price_risk
Robotics And Automation,IRBT,0,0,0,,0,sympathetic,35.0,2,77.34375,high,sustained_narrative,24,6,0.3846153846153846,0.5384615384615384,,,,,,,,neutral,36.11111111111111,36.11111111111111,36.11111111111111,36.11111111111111,36.11111111111111,36.11111111111111,35.0,50.0,36.17222222222222,mapped_watch,mapped_only_needs_news_confirmation
Robotics And Automation,AMZN,3,1,5,"Tech Weekly: Amazon challenges logistics giants, robotic bag handlers | Enopoly Management Calls for Operational Standards in E-Commerce Automation | One Million Robots In, Amazon’s Automation Ambitions Are Just Heating Up",0,api_related_news,35.0,2,77.34375,high,sustained_narrative,24,6,0.3846153846153846,0.5384615384615384,Amazon.com Inc. Common Stock,Consumer Discretionary,Catalog/Specialty Distribution,5.987673108221658,29.352887205498867,15.3507692701206,19.549127281253487,extended,94.44444444444444,83.33333333333334,97.22222222222221,23.61111111111111,20.833333333333336,24.305555555555554,35.0,64.44516798665245,31.875108531331197,api_related_indirect,normal;price_risk
Robotics And Automation,PATH,0,0,0,,0,sympathetic,35.0,2,77.34375,high,sustained_narrative,24,6,0.3846153846153846,0.5384615384615384,UiPath Inc. Class A Common Stock,Technology,Computer Software: Prepackaged Software,-0.2367478334389772,-5.5156932032185075,-13.292179603488108,-15.319453127463888,lagging,36.11111111111111,36.11111111111111,36.11111111111111,36.11111111111111,36.11111111111111,36.11111111111111,35.0,21.089729537063334,31.835681652781712,mapped_watch,mapped_only_needs_news_confirmation
Robotics And Automation,GOOG,1,1,2,Google Partner NovaCore Labs and AIBotics Advance Acquisition and Expand Robot Deployment Across Jamaica,0,api_related_news,35.0,2,77.34375,high,sustained_narrative,24,6,0.3846153846153846,0.5384615384615384,Alphabet Inc. Class C Capital Stock,Technology,Computer Software: Programming Data Processing,10.443167926596232,28.93569973229708,12.72684361403018,19.1319398080517,extended,77.77777777777779,83.33333333333334,86.11111111111111,19.444444444444446,20.833333333333336,21.52777777777778,35.0,63.98626176613048,29.79238370936402,api_related_indirect,normal;price_risk
Robotics And Automation,NVDA,2,1,2,Ouster Brings Support for REV8 Digital Lidar to Robotics and Edge AI Ecosystem | NVIDIA Broadens AI Reach Into Quantum Nuclear Power And Healthcare Robotics,0,api_related_news,35.0,2,77.34375,high,sustained_narrative,24,6,0.3846153846153846,0.5384615384615384,NVIDIA Corporation Common Stock,Technology,Semiconductors,-7.369700985139271,11.157401144065604,9.499115003212854,1.353641219820224,neutral,88.88888888888889,83.33333333333334,86.11111111111111,22.22222222222222,20.833333333333336,21.52777777777778,35.0,54.430133319075864,29.331186664528044,api_related_indirect,normal
Robotics And Automation,MSFT,1,1,1,"Market Chatter: OpenAI Discussed Spinoff of Robotics, Consumer-Hardware Divisions",0,api_related_news,35.0,2,77.34375,high,sustained_narrative,24,6,0.3846153846153846,0.5384615384615384,Microsoft Corporation Common Stock,Technology,Computer Software: Prepackaged Software,-4.591727770548193,9.831582059121336,-0.1787955885236392,0.0278221348759544,neutral,77.77777777777779,83.33333333333334,75.0,19.444444444444446,20.833333333333336,18.75,35.0,52.97173232563716,27.584648737734465,api_related_indirect,normal
Robotics And Automation,OKLO,1,1,1,NVIDIA Broadens AI Reach Into Quantum Nuclear Power And Healthcare Robotics,0,api_related_news,35.0,2,77.34375,high,sustained_narrative,24,6,0.3846153846153846,0.5384615384615384,,,,,,,,,77.77777777777779,83.33333333333334,75.0,19.444444444444446,20.833333333333336,18.75,35.0,50.0,27.13888888888889,api_related_indirect,normal
Data Center Capex,META,13,3,14,"Meta Seeks $13B Financing for Texas AI Data Center | Core AI Appoints Sonali Garg, Former Meta Data Center Leader and COO of Allianca Group, to Advisory Board | CoreWeave Meta Deal Deepens AI Hyperscaler Ties And Capacity Commitments",10,explicit_news_linked,85.0,3,75.84375,very_high,sustained_narrative,106,10,0.3714285714285714,0.4571428571428571,Meta Platforms Inc. Class A Common Stock,Technology,Computer Software: Programming Data Processing,-10.308489635870131,5.080972608634515,-12.873998133729591,-4.722787315610865,neutral,100.0,100.0,100.0,100.0,100.0,100.0,85.0,47.74606193010166,89.16190928951525,explicit_news_linked,normal
Data Center Capex,ORCL,5,1,5,Oracle (ORCL) Secures Financing for Data Center in Michigan | Bloom Energy (BE) Is Up 25.7% After Securing Oracle AI Data Center Power Deal - Has The Bull Case Changed? | Oracle Corp. (ORCL) Inks $1.65 billion Supply Agreement with Australian Modular Data Center Manufacturer,2,explicit_news_linked,85.0,3,75.84375,very_high,sustained_narrative,106,10,0.3714285714285714,0.4571428571428571,Oracle Corporation Common Stock,Technology,Computer Software: Prepackaged Software,10.406114916256405,26.336372183140668,18.87886497153697,16.532612258895288,confirming,92.0,78.0,92.0,92.0,78.0,92.0,85.0,81.12700146205843,87.56905021930875,explicit_news_linked,normal
Data Center Capex,AMD,6,1,6,Can Strong Data Center Revenues Boost AMD's Topline in Q1 Earnings? | How Riot’s AI Data Center Pivot and Wider AMD Deal May Reshape Riot Platforms (RIOT) Investors | How Surging AI Data Center Demand And Big-Name Deals At AMD (AMD) Has Changed Its Investment Story,6,explicit_news_linked,85.0,3,75.84375,very_high,sustained_narrative,106,10,0.3714285714285714,0.4571428571428571,Advanced Micro Devices Inc. Common Stock,Technology,Semiconductors,9.56034612586507,60.827503465764664,46.25995805991596,51.02374354151928,overheated,96.0,78.0,96.0,96.0,78.0,96.0,85.0,61.0,86.75,explicit_news_linked,normal;price_risk
Data Center Capex,NVDA,1,1,1,Is NVIDIA Corporation (NVDA) Among the Best Data Center Hardware Stocks?,1,explicit_news_linked,85.0,3,75.84375,very_high,sustained_narrative,106,10,0.3714285714285714,0.4571428571428571,NVIDIA Corporation Common Stock,Technology,Semiconductors,-7.369700985139271,11.157401144065604,9.499115003212854,1.353641219820224,neutral,70.0,78.0,70.0,70.0,78.0,70.0,85.0,54.430133319075864,71.46451999786137,explicit_news_linked,normal
Data Center Capex,SMCI,0,0,0,,0,pure_play,100.0,3,75.84375,very_high,sustained_narrative,106,10,0.3714285714285714,0.4571428571428571,Super Micro Computer Inc. Common Stock,Technology,Computer Manufacturing,2.000000279977776,26.05442647624896,-6.319514645023904,16.25066655200358,confirming,32.0,32.0,32.0,32.0,32.0,32.0,100.0,80.81686118447756,51.12252917767164,mapped_pure_play_watch,mapped_only_needs_news_confirmation
Data Center Capex,VRT,0,0,0,,0,pure_play,100.0,3,75.84375,very_high,sustained_narrative,106,10,0.3714285714285714,0.4571428571428571,Vertiv Holdings LLC Class A Common Stock,Technology,Industrial Machinery/Components,10.461267347411862,30.228418866805097,77.23912718055368,20.424658942559716,extended,32.0,32.0,32.0,32.0,32.0,32.0,100.0,65.40825281408931,48.811237922113406,mapped_pure_play_watch,mapped_only_needs_news_confirmation;price_risk
Data Center Capex,DELL,0,0,0,,0,pure_play,100.0,3,75.84375,very_high,sustained_narrative,106,10,0.3714285714285714,0.4571428571428571,Dell Technologies Inc. Class C Common Stock ,Technology,Computer Manufacturing,4.452976134550624,24.59035142027741,84.17887287075587,14.786591496032033,extended,32.0,32.0,32.0,32.0,32.0,32.0,100.0,59.206378622908844,47.88095679343633,mapped_pure_play_watch,mapped_only_needs_news_confirmation;price_risk
Data Center Capex,ANET,0,0,0,,0,pure_play,100.0,3,75.84375,very_high,sustained_narrative,106,10,0.3714285714285714,0.4571428571428571,Arista Networks Inc. Common Stock,Telecommunications,Computer Communications Equipment,5.2907076841839595,37.84950785117574,24.854727329193025,28.045747926930357,overheated,32.0,32.0,32.0,32.0,32.0,32.0,100.0,58.791450696897,47.818717604534555,mapped_pure_play_watch,mapped_only_needs_news_confirmation;price_risk
Data Center Capex,ARM,0,0,0,,0,enabler,80.0,3,75.84375,very_high,sustained_narrative,106,10,0.3714285714285714,0.4571428571428571,Arm Holdings plc American Depositary Shares,Technology,Semiconductors,4.354396889526679,39.34260744666218,98.27833285584246,29.5388475224168,overheated,32.0,32.0,32.0,32.0,32.0,32.0,80.0,60.4338602519321,44.06507903778982,mapped_watch,mapped_only_needs_news_confirmation;price_risk
Data Center Capex,AVGO,0,0,0,,0,enabler,80.0,3,75.84375,very_high,sustained_narrative,106,10,0.3714285714285714,0.4571428571428571,Broadcom Inc. Common Stock,Technology,Semiconductors,7.0967663639384115,36.18452327917756,33.95662841540488,26.38076335493218,overheated,32.0,32.0,32.0,32.0,32.0,32.0,80.0,56.95996766769902,43.543995150154856,mapped_watch,mapped_only_needs_news_confirmation;price_risk
Data Center Capex,ASML,0,0,0,,0,enabler,80.0,3,75.84375,very_high,sustained_narrative,106,10,0.3714285714285714,0.4571428571428571,ASML Holding N.V. New York Registry Shares,Technology,Industrial Machinery/Components,4.504679643910459,11.20240341460046,4.020623957830294,1.398643490355079,neutral,32.0,32.0,32.0,32.0,32.0,32.0,80.0,54.47963581666421,43.171945372499636,mapped_watch,mapped_only_needs_news_confirmation
Data Center Capex,TSM,0,0,0,,0,enabler,80.0,3,75.84375,very_high,sustained_narrative,106,10,0.3714285714285714,0.4571428571428571,Taiwan Semiconductor Manufacturing Company Ltd.,Technology,Semiconductors,1.2399934444066174,16.22336587731963,18.637150756972364,6.4196059530742495,extended,32.0,32.0,32.0,32.0,32.0,32.0,80.0,50.002694525655286,42.5004041788483,mapped_watch,mapped_only_needs_news_confirmation;price_risk
Data Center Capex,GOOGL,0,0,0,,0,adopter,55.0,3,75.84375,very_high,sustained_narrative,106,10,0.3714285714285714,0.4571428571428571,Alphabet Inc. Class A Common Stock,Technology,Computer Software: Programming Data Processing,10.801074650107466,29.190976424180825,14.16586043636583,19.387216499935445,extended,32.0,32.0,32.0,32.0,32.0,32.0,55.0,64.2670661272026,39.6400599190804,mapped_watch,mapped_only_needs_news_confirmation;price_risk
Data Center Capex,MSFT,0,0,0,,0,adopter,55.0,3,75.84375,very_high,sustained_narrative,106,10,0.3714285714285714,0.4571428571428571,Microsoft Corporation Common Stock,Technology,Computer Software: Prepackaged Software,-4.591727770548193,9.831582059121336,-0.1787955885236392,0.0278221348759544,neutral,32.0,32.0,32.0,32.0,32.0,32.0,55.0,52.97173232563716,37.94575984884558,mapped_watch,mapped_only_needs_news_confirmation
Data Center Capex,CEG,0,0,0,,0,sympathetic,35.0,3,75.84375,very_high,sustained_narrative,106,10,0.3714285714285714,0.4571428571428571,Constellation Energy Corporation Common Stock ,Utilities,Electric Utilities: Central,5.884668887113098,17.64064831330936,20.74269664481756,7.836888389063979,confirming,32.0,32.0,32.0,32.0,32.0,32.0,35.0,71.561705205244,36.734255780786604,mapped_watch,mapped_only_needs_news_confirmation
Data Center Capex,BE,0,0,0,,0,sympathetic,35.0,3,75.84375,very_high,sustained_narrative,106,10,0.3714285714285714,0.4571428571428571,Bloom Energy Corporation Class A Common Stock,Energy,Industrial Machinery/Components,30.799175808324208,119.3259910300926,75.31534665206048,109.52223110584724,overheated,32.0,32.0,32.0,32.0,32.0,32.0,35.0,61.0,35.150000000000006,mapped_watch,mapped_only_needs_news_confirmation;price_risk
Data Center Capex,GEV,0,0,0,,0,sympathetic,35.0,3,75.84375,very_high,sustained_narrative,106,10,0.3714285714285714,0.4571428571428571,GE Vernova Inc. Common Stock,,,1.5124911510153938,23.18356539833848,41.75821801847073,13.3798054740931,extended,32.0,32.0,32.0,32.0,32.0,32.0,35.0,57.65891399877603,34.64883709981641,mapped_watch,mapped_only_needs_news_confirmation;price_risk
Data Center Capex,ETN,0,0,0,,0,sympathetic,35.0,3,75.84375,very_high,sustained_narrative,106,10,0.3714285714285714,0.4571428571428571,Eaton Corporation PLC Ordinary Shares,Technology,Industrial Machinery/Components,-0.8279279091584324,12.575247728353055,13.349916605136649,2.771487804107675,neutral,32.0,32.0,32.0,32.0,32.0,32.0,35.0,55.98976456179206,34.398464684268816,mapped_watch,mapped_only_needs_news_confirmation
Data Center Capex,VST,0,0,0,,0,sympathetic,35.0,3,75.84375,very_high,sustained_narrative,106,10,0.3714285714285714,0.4571428571428571,Vistra Corp. Common Stock,Utilities,Electric Utilities: Central,0.6175585936760042,6.943076330586773,6.102054367624654,-2.8606835936586075,neutral,32.0,32.0,32.0,32.0,32.0,32.0,35.0,49.794376024249146,33.46915640363738,mapped_watch,mapped_only_needs_news_confirmation
Data Center Capex,AMZN,2,2,2,"Amazon vs. Microsoft and the Great AI Capex Divergence | The 'Prove It' Quarter: How Meta, Microsoft, Amazon, And Alphabet Backed AI Capex With Real Run Rates",0,api_related_news,35.0,3,75.84375,very_high,sustained_narrative,106,10,0.3714285714285714,0.4571428571428571,Amazon.com Inc. Common Stock,Consumer Discretionary,Catalog/Specialty Distribution,5.987673108221658,29.352887205498867,15.3507692701206,19.549127281253487,extended,82.0,96.0,84.0,20.5,24.0,21.0,35.0,64.44516798665245,30.441775197997863,api_related_indirect,normal;price_risk
Data Center Capex,GOOG,2,1,2,Hut 8 closes $3.25 billion in investment-grade debt for Louisiana AI data center | Marvell’s AI Data Center Push Meets Early Quantum Computing Exposure,0,api_related_news,35.0,3,75.84375,very_high,sustained_narrative,106,10,0.3714285714285714,0.4571428571428571,Alphabet Inc. Class C Capital Stock,Technology,Computer Software: Programming Data Processing,10.443167926596232,28.93569973229708,12.72684361403018,19.1319398080517,extended,82.0,78.0,84.0,20.5,19.5,21.0,35.0,63.98626176613048,29.922939264919574,api_related_indirect,normal;price_risk
Data Center Capex,JPM,3,1,2,"Meta taps Morgan Stanley, JPMorgan for El Paso data center deal, Bloomberg News reports | Wall Street Lifts Qualcomm Price Target to $160 on AI Ramp: Is the Hyperscaler Catalyst Real? | JPMorgan and Susquehanna Both Boost Bloom Energy Price Targets: Is the Data Center Power Play Heating Up?",0,api_related_news,35.0,3,75.84375,very_high,sustained_narrative,106,10,0.3714285714285714,0.4571428571428571,JP Morgan Chase & Co. Common Stock,Finance,Major Banks,-0.5747338175514316,4.809609364686951,-1.1450659819490006,-4.994150559558429,neutral,88.0,78.0,84.0,22.0,19.5,21.0,35.0,47.447562361759346,27.9671343542639,api_related_indirect,normal
Data Center Capex,INTC,1,1,1,"Is Advanced Micro Devices, Inc. (AMD) one of the Best Data Center Hardware Stocks?",0,api_related_news,35.0,3,75.84375,very_high,sustained_narrative,106,10,0.3714285714285714,0.4571428571428571,,,,28.924992812463746,114.5872434356856,121.25360324298065,104.85631665592118,overheated,70.0,78.0,70.0,17.5,19.5,17.5,35.0,61.0,27.724999999999998,api_related_indirect,normal;price_risk
Data Center Capex,MU,1,1,1,Industry-Leading 245TB Micron 6600 ION Data Center SSD Now Shipping,0,api_related_news,35.0,3,75.84375,very_high,sustained_narrative,106,10,0.3714285714285714,0.4571428571428571,Micron Technology Inc. Common Stock,Technology,Semiconductors,27.902593561407784,70.74332468388585,53.841058653024554,60.93956475964046,overheated,70.0,78.0,70.0,17.5,19.5,17.5,35.0,61.0,27.724999999999998,api_related_indirect,normal;price_risk
Data Center Capex,AAPL,1,1,1,"Stock Market Today: Nasdaq Leads, Hits New High; Data Center Play Leaps (Live Coverage)",0,api_related_news,35.0,3,75.84375,very_high,sustained_narrative,106,10,0.3714285714285714,0.4571428571428571,,,,3.416940745437902,8.151126978879851,3.986175120430979,-1.5797998008845866,neutral,70.0,78.0,70.0,17.5,19.5,17.5,35.0,51.18149825295629,26.252224737943443,api_related_indirect,normal
Stablecoin And Crypto Policy,MSTR,6,3,6,"Circle, Coinbase, Strategy Rise Again on Tuesday: How a Stablecoin Rule Tweak Reignited the Crypto Trade | Strategy Just Gobbled Up 0 . 5 % of the Bitcoin Supply in 90 Days . Here What Could Happen Next .  | Strategy Just Gobbled Up 0.5% of the Bitcoin Supply in 90 Days. Here's What Could Happen Next.",5,explicit_news_linked,85.0,4,70.15625,very_high,sustained_narrative,101,9,0.4285714285714285,0.75,Strategy Inc Common Stock Class A,Technology,Computer Software: Prepackaged Software,12.642565988435871,46.18215999154904,40.0720481438517,36.37840006730366,overheated,95.23809523809523,100.0,95.23809523809523,95.23809523809523,100.0,95.23809523809523,85.0,61.0,88.53095238095239,explicit_news_linked,normal;price_risk
Stablecoin And Crypto Policy,V,9,2,10,Visa Canada and Wealthsimple Pilot Stablecoin Settlement in Canada | Exclusive: Stablecoin startup Rain is worth $1.95 billion and plans to issue cards with Mastercard in a push to woo institutional customers | Visa Expands Crypto Role With Lightspark Stablecoin And Bitcoin Debit Cards,8,explicit_news_linked,85.0,4,70.15625,very_high,sustained_narrative,101,9,0.4285714285714285,0.75,Visa Inc.,Real Estate,Real Estate,3.543492533207715,5.581387908486901,-2.4350425680152,-4.222372015758479,neutral,100.0,92.85714285714286,100.0,100.0,92.85714285714286,100.0,85.0,48.29651875993929,88.53019209970519,explicit_news_linked,normal
Stablecoin And Crypto Policy,COIN,3,2,3,"Circle, Coinbase, Strategy Rise Again on Tuesday: How a Stablecoin Rule Tweak Reignited the Crypto Trade | Coinbase CEO Brian Armstrong Says 'Mark It Up' After Reported Compromise On Clarity Act's Stablecoin Yields Clause | Bitcoin, ETH, XRP, DOGE, MSTR Cashtags Go Live on X Web, Musk Says Most Crypto Are Scams",2,explicit_news_linked,85.0,4,70.15625,very_high,sustained_narrative,101,9,0.4285714285714285,0.75,Coinbase Global Inc. Class A Common Stock,Finance,Finance: Consumer Services,1.658939268134718,12.889761944898126,9.829680119189431,3.086002020652746,neutral,90.47619047619048,92.85714285714286,90.47619047619048,90.47619047619048,92.85714285714286,90.47619047619048,85.0,56.33573019999164,84.4979785776178,explicit_news_linked,normal
Stablecoin And Crypto Policy,CRCL,1,1,1,"Circle, Coinbase, Strategy Rise Again on Tuesday: How a Stablecoin Rule Tweak Reignited the Crypto Trade",1,explicit_news_linked,85.0,4,70.15625,very_high,sustained_narrative,101,9,0.4285714285714285,0.75,Circle Internet Group Inc. Class A Common Stock,Finance,Finance: Consumer Services,24.133550228627133,27.097125129933588,108.54701400427268,17.293365205688207,confirming,71.42857142857143,73.80952380952381,71.42857142857143,71.42857142857143,73.80952380952381,71.42857142857143,85.0,81.96382970353065,75.96124112219626,explicit_news_linked,normal
Stablecoin And Crypto Policy,META,1,1,1,Meta Faces EU Youth Safety Charges While Testing Stablecoin Creator Payouts,1,explicit_news_linked,85.0,4,70.15625,very_high,sustained_narrative,101,9,0.4285714285714285,0.75,Meta Platforms Inc. Class A Common Stock,Technology,Computer Software: Programming Data Processing,-10.308489635870131,5.080972608634515,-12.873998133729591,-4.722787315610865,neutral,71.42857142857143,73.80952380952381,71.42857142857143,71.42857142857143,73.80952380952381,71.42857142857143,85.0,47.74606193010166,70.82857595618192,explicit_news_linked,normal
Stablecoin And Crypto Policy,CLSK,0,0,0,,0,pure_play,100.0,4,70.15625,very_high,sustained_narrative,101,9,0.4285714285714285,0.75,CleanSpark Inc. Common Stock,Finance,Finance: Consumer Services,13.146736181085195,46.5934021250378,17.42958235695746,36.789642200792414,overheated,30.952380952380953,30.952380952380953,30.952380952380953,30.952380952380953,30.952380952380953,30.952380952380953,100.0,61.0,47.469047619047615,mapped_pure_play_watch,mapped_only_needs_news_confirmation;price_risk
Stablecoin And Crypto Policy,RIOT,0,0,0,,0,pure_play,100.0,4,70.15625,very_high,sustained_narrative,101,9,0.4285714285714285,0.75,Riot Platforms Inc. Common Stock ,Finance,Finance: Consumer Services,18.406766448896622,45.1183444891593,27.90091684531999,35.314584564913915,overheated,30.952380952380953,30.952380952380953,30.952380952380953,30.952380952380953,30.952380952380953,30.952380952380953,100.0,61.0,47.469047619047615,mapped_pure_play_watch,mapped_only_needs_news_confirmation;price_risk
Stablecoin And Crypto Policy,MARA,0,0,0,,0,pure_play,100.0,4,70.15625,very_high,sustained_narrative,101,9,0.4285714285714285,0.75,MARA Holdings Inc. Common Stock,Technology,EDP Services,9.02903669897852,35.76270989185441,32.76243193479018,25.958949967609033,overheated,30.952380952380953,30.952380952380953,30.952380952380953,30.952380952380953,30.952380952380953,30.952380952380953,100.0,56.49597294164356,46.79344356029415,mapped_pure_play_watch,mapped_only_needs_news_confirmation;price_risk
Stablecoin And Crypto Policy,HOOD,0,0,0,,0,enabler,80.0,4,70.15625,very_high,sustained_narrative,101,9,0.4285714285714285,0.75,Robinhood Markets Inc. Class A Common Stock,Finance,Investment Bankers/Brokers/Service,-5.385644188352623,11.278307372107598,-10.81887929477652,1.4745474478622178,neutral,30.952380952380953,30.952380952380953,30.952380952380953,30.952380952380953,30.952380952380953,30.952380952380953,80.0,54.563130169922054,42.50351714453593,mapped_watch,mapped_only_needs_news_confirmation
Stablecoin And Crypto Policy,SQ,0,0,0,,0,enabler,80.0,4,70.15625,very_high,sustained_narrative,101,9,0.4285714285714285,0.75,,,,,,,,neutral,30.952380952380953,30.952380952380953,30.952380952380953,30.952380952380953,30.952380952380953,30.952380952380953,80.0,50.0,41.819047619047616,mapped_watch,mapped_only_needs_news_confirmation
Stablecoin And Crypto Policy,PYPL,0,0,0,,0,enabler,80.0,4,70.15625,very_high,sustained_narrative,101,9,0.4285714285714285,0.75,PayPal Holdings Inc. Common Stock,Industrials,Diversified Commercial Services,-7.413377015357458,1.0554079750826784,10.549522462363312,-8.748351949162702,neutral,30.952380952380953,30.952380952380953,30.952380952380953,30.952380952380953,30.952380952380953,30.952380952380953,80.0,43.31794083319464,40.816738744026814,mapped_watch,mapped_only_needs_news_confirmation
Stablecoin And Crypto Policy,MA,0,0,0,,0,enabler,80.0,4,70.15625,very_high,sustained_narrative,101,9,0.4285714285714285,0.75,Mastercard Incorporated Common Stock,Real Estate,Real Estate,-2.5676079609986746,-1.2091221191639634,-10.038448997653848,-11.012882043409345,lagging,30.952380952380953,30.952380952380953,30.952380952380953,30.952380952380953,30.952380952380953,30.952380952380953,80.0,25.826957729523336,38.19309127847612,mapped_watch,mapped_only_needs_news_confirmation
Stablecoin And Crypto Policy,MS,0,0,0,,0,adopter,55.0,4,70.15625,very_high,sustained_narrative,101,9,0.4285714285714285,0.75,Morgan Stanley Common Stock,Finance,Investment Bankers/Brokers/Service,0.2759746591678658,14.611432208953069,4.360253172094719,4.807672284707689,neutral,30.952380952380953,30.952380952380953,30.952380952380953,30.952380952380953,30.952380952380953,30.952380952380953,55.0,58.22956749045207,38.05348274261543,mapped_watch,mapped_only_needs_news_confirmation
Stablecoin And Crypto Policy,GS,0,0,0,,0,adopter,55.0,4,70.15625,very_high,sustained_narrative,101,9,0.4285714285714285,0.75,Goldman Sachs Group Inc. (The) Common Stock,Finance,Investment Bankers/Brokers/Service,-0.7608858546058306,6.171700590082874,-1.560284874311546,-3.6320593341625065,neutral,30.952380952380953,30.952380952380953,30.952380952380953,30.952380952380953,30.952380952380953,30.952380952380953,55.0,48.94586270969486,36.66092702550185,mapped_watch,mapped_only_needs_news_confirmation
Stablecoin And Crypto Policy,JPM,0,0,0,,0,adopter,55.0,4,70.15625,very_high,sustained_narrative,101,9,0.4285714285714285,0.75,JP Morgan Chase & Co. Common Stock,Finance,Major Banks,-0.5747338175514316,4.809609364686951,-1.1450659819490006,-4.994150559558429,neutral,30.952380952380953,30.952380952380953,30.952380952380953,30.952380952380953,30.952380952380953,30.952380952380953,55.0,47.447562361759346,36.43618197331152,mapped_watch,mapped_only_needs_news_confirmation
Stablecoin And Crypto Policy,IBIT,0,0,0,,0,sympathetic,35.0,4,70.15625,very_high,sustained_narrative,101,9,0.4285714285714285,0.75,,,,6.875429726479942,17.01669634672278,6.801385096338719,7.2129364224774015,confirming,30.952380952380953,30.952380952380953,30.952380952380953,30.952380952380953,30.952380952380953,30.952380952380953,35.0,70.87535804199877,35.950351325347434,mapped_watch,mapped_only_needs_news_confirmation
Stablecoin And Crypto Policy,BITO,0,0,0,,0,sympathetic,35.0,4,70.15625,very_high,sustained_narrative,101,9,0.4285714285714285,0.75,,,,6.950242819511465,16.774484803450296,6.069403370026216,6.970724879204916,confirming,30.952380952380953,30.952380952380953,30.952380952380953,30.952380952380953,30.952380952380953,30.952380952380953,35.0,70.60892534439903,35.910386420707475,mapped_watch,mapped_only_needs_news_confirmation
Stablecoin And Crypto Policy,AAPL,2,1,2,Will Bitcoin Ever Be More Valuable Than Apple? You Might Be Surprised at What Prediction Markets Say. | Should You Dump Bitcoin for Stocks After the S&P 500 Hit a New Record on Apple’s $100 Billion Buyback?,0,api_related_news,35.0,4,70.15625,very_high,sustained_narrative,101,9,0.4285714285714285,0.75,,,,3.416940745437902,8.151126978879851,3.986175120430979,-1.5797998008845866,neutral,85.71428571428571,73.80952380952381,85.71428571428571,21.428571428571427,18.452380952380953,21.428571428571427,35.0,51.18149825295629,28.308177118895824,api_related_indirect,normal
Stablecoin And Crypto Policy,GOOG,1,1,1,Cipher Digital Shifts From Bitcoin Mining To AI Infrastructure With Tech Giants,0,api_related_news,35.0,4,70.15625,very_high,sustained_narrative,101,9,0.4285714285714285,0.75,Alphabet Inc. Class C Capital Stock,Technology,Computer Software: Programming Data Processing,10.443167926596232,28.93569973229708,12.72684361403018,19.1319398080517,extended,71.42857142857143,73.80952380952381,71.42857142857143,17.857142857142858,18.452380952380953,17.857142857142858,35.0,63.98626176613048,28.26460593158624,api_related_indirect,normal;price_risk
Stablecoin And Crypto Policy,MU,1,1,1,"Micron, IREN surge in Monday morning markets as Bitcoin fails to hold $80K",0,api_related_news,35.0,4,70.15625,very_high,sustained_narrative,101,9,0.4285714285714285,0.75,Micron Technology Inc. Common Stock,Technology,Semiconductors,27.902593561407784,70.74332468388585,53.841058653024554,60.93956475964046,overheated,71.42857142857143,73.80952380952381,71.42857142857143,17.857142857142858,18.452380952380953,17.857142857142858,35.0,61.0,27.816666666666663,api_related_indirect,normal;price_risk
Stablecoin And Crypto Policy,TSLA,1,1,1,"Bitcoin, ETH, XRP, DOGE, MSTR Cashtags Go Live on X Web, Musk Says Most Crypto Are Scams",0,api_related_news,35.0,4,70.15625,very_high,sustained_narrative,101,9,0.4285714285714285,0.75,Tesla Inc. Common Stock,Industrials,Auto Manufacturing,4.713846769159691,11.5993954263941,-6.686652030822781,1.7956355021487198,neutral,71.42857142857143,73.80952380952381,71.42857142857143,17.857142857142858,18.452380952380953,17.857142857142858,35.0,54.9163270296372,26.904115721112245,api_related_indirect,normal
Earnings And Buybacks,AAPL,53,6,61,Bank of America resets Apple stock price target after earnings | Morgan Stanley resets Apple stock price target after earnings | Why Apple’s Rumored AI Mega-Deal Could Define Tim Cook’s Successor,5,explicit_news_linked,85.0,5,70.09375,very_high,sustained_narrative,604,24,0.2086614173228346,0.5,,,,3.416940745437902,8.151126978879851,3.986175120430979,-1.5797998008845866,neutral,100.0,95.83333333333334,100.0,100.0,95.83333333333334,100.0,85.0,51.18149825295629,89.26055807127678,explicit_news_linked,normal
Earnings And Buybacks,LLY,38,7,44,Novo Nordisk Before Q1 Earnings: How Should Investors Play the Stock? | Lilly declares second-quarter 2026 dividend | Eli Lilly declares Q2 2026 dividend of $1.73 per share,8,explicit_news_linked,85.0,5,70.09375,very_high,sustained_narrative,604,24,0.2086614173228346,0.5,Eli Lilly and Company Common Stock,Health Care,Biotechnology: Pharmaceutical Preparations,12.219678237181776,5.7968190166654665,-2.0950576956059064,-4.006940907579914,neutral,91.66666666666666,100.0,95.83333333333334,91.66666666666666,100.0,95.83333333333334,85.0,48.53349297893571,85.53002394684036,explicit_news_linked,normal
Earnings And Buybacks,META,20,5,21,"Meta's Post-Q1 2026 Earnings Price Slump Might Continue | Alphabet, Meta, Microsoft and Nvidia are part of Zacks Earnings Preview | Here's the Real Problem With Meta's Latest Earnings Report",16,explicit_news_linked,85.0,5,70.09375,very_high,sustained_narrative,604,24,0.2086614173228346,0.5,Meta Platforms Inc. Class A Common Stock,Technology,Computer Software: Programming Data Processing,-10.308489635870131,5.080972608634515,-12.873998133729591,-4.722787315610865,neutral,87.5,89.58333333333334,87.5,87.5,89.58333333333334,87.5,85.0,47.74606193010166,81.24524262284858,explicit_news_linked,normal
Earnings And Buybacks,XOM,41,5,41,Exxon (XOM) Q1 Earnings: Taking a Look at Key Metrics Versus Estimates | Exxon Mobil Reports Q1 2026 Results: Full Earnings Call Transcript | ExxonMobil vs. Chevron: One of These Energy Stocks Is a Much Better Dividend Buy,6,explicit_news_linked,85.0,5,70.09375,very_high,sustained_narrative,604,24,0.2086614173228346,0.5,,,,2.4873772435670016,-5.548756021510437,8.0731250641223,-15.279682801274877,lagging,95.83333333333334,89.58333333333334,91.66666666666666,95.83333333333334,89.58333333333334,91.66666666666666,85.0,21.11162695252697,81.00007737621237,explicit_news_linked,normal
Earnings And Buybacks,AMD,19,3,20,"U.S.-Iran Ceasefire Under Pressure; AMD Earnings in Focus: Dow Jones, S&P, Nasdaq, Wall Street Futures | AMD Likely To Report Higher Q1 Earnings; These Most Accurate Analysts Revise Forecasts Ahead Of Earnings Call | Advanced Micro Devices Technical: Steep Run-Up Ahead Of Earnings, At Risk Of Mean Reversion Decline Below 380.20",17,explicit_news_linked,85.0,5,70.09375,very_high,sustained_narrative,604,24,0.2086614173228346,0.5,Advanced Micro Devices Inc. Common Stock,Technology,Semiconductors,9.56034612586507,60.827503465764664,46.25995805991596,51.02374354151928,overheated,83.33333333333334,75.0,83.33333333333334,83.33333333333334,75.0,83.33333333333334,85.0,61.0,79.48333333333333,explicit_news_linked,normal;price_risk
Earnings And Buybacks,AMZN,16,3,16,"Bank of America revamps Amazon stock target after earnings | Earnings: Google is biggest AI winner, OpenAI could be a 'surprise' loser | Amazon Has Broken Out After Q1 Earnings (Rating Upgrade)",1,explicit_news_linked,85.0,5,70.09375,very_high,sustained_narrative,604,24,0.2086614173228346,0.5,Amazon.com Inc. Common Stock,Consumer Discretionary,Catalog/Specialty Distribution,5.987673108221658,29.352887205498867,15.3507692701206,19.549127281253487,extended,79.16666666666666,75.0,79.16666666666666,79.16666666666666,75.0,79.16666666666666,85.0,64.44516798665245,77.70844186466452,explicit_news_linked,normal;price_risk
Earnings And Buybacks,MSFT,14,4,13,A Look At Gen Digital (GEN) Valuation As AI Security Launches Follow Strong Q3 FY2026 Results And Growth Guidance | Microsoft Corporation 2026 Q3 - Results - Earnings Call Presentation | Bet on These ETFs as Microsoft's Shares Slip Despite Q3 Earnings Beat,2,explicit_news_linked,85.0,5,70.09375,very_high,sustained_narrative,604,24,0.2086614173228346,0.5,Microsoft Corporation Common Stock,Technology,Computer Software: Prepackaged Software,-4.591727770548193,9.831582059121336,-0.1787955885236392,0.0278221348759544,neutral,75.0,83.33333333333334,75.0,75.0,83.33333333333334,75.0,85.0,52.97173232563716,74.5290931821789,explicit_news_linked,normal
Earnings And Buybacks,GOOG,7,3,7,Analysts See 10% Upside for Alphabet Following Q1 Earnings | Alphabet: Post-Q1 Earnings 2026 Price Boost Might Be Corrected | Alphabet Inc. 2026 Q1 - Results - Earnings Call Presentation,1,explicit_news_linked,85.0,5,70.09375,very_high,sustained_narrative,604,24,0.2086614173228346,0.5,Alphabet Inc. Class C Capital Stock,Technology,Computer Software: Programming Data Processing,10.443167926596232,28.93569973229708,12.72684361403018,19.1319398080517,extended,66.66666666666666,75.0,66.66666666666666,66.66666666666666,75.0,66.66666666666666,85.0,63.98626176613048,70.76460593158623,explicit_news_linked,normal;price_risk
Earnings And Buybacks,V,10,2,12,Electronic Arts Earnings Are Imminent; These Most Accurate Analysts Revise Forecasts Ahead Of Earnings Call | Morgan Stanley adjusts Visa stock price after earnings | A $20 Billion Reason to Buy Dividend-Paying Visa Stock Now,2,explicit_news_linked,85.0,5,70.09375,very_high,sustained_narrative,604,24,0.2086614173228346,0.5,Visa Inc.,Real Estate,Real Estate,3.543492533207715,5.581387908486901,-2.4350425680152,-4.222372015758479,neutral,70.83333333333334,64.58333333333334,70.83333333333334,70.83333333333334,64.58333333333334,70.83333333333334,85.0,48.29651875993929,69.66114448065755,explicit_news_linked,normal
Earnings And Buybacks,TSLA,2,1,2,"Tesla's (NASDAQ:TSLA) Shareholders Have More To Worry About Than Only Soft Earnings | April earnings update: Apple, Meta, Alphabet, Microsoft, Tesla, Netflix",1,explicit_news_linked,85.0,5,70.09375,very_high,sustained_narrative,604,24,0.2086614173228346,0.5,Tesla Inc. Common Stock,Industrials,Auto Manufacturing,4.713846769159691,11.5993954263941,-6.686652030822781,1.7956355021487198,neutral,45.83333333333333,31.25,45.83333333333333,45.83333333333333,31.25,45.83333333333333,85.0,54.9163270296372,53.570782387778905,explicit_news_linked,normal
Earnings And Buybacks,NVDA,2,1,2,"Palantir Stock: With a Fresh Earnings Report Showing Even Faster Growth, Is It Now a Better AI Stock to Buy Than Nvidia? | NVIDIA (NVDA) Earnings Loom: Buy Now or Stay Out?",1,explicit_news_linked,85.0,5,70.09375,very_high,sustained_narrative,604,24,0.2086614173228346,0.5,NVIDIA Corporation Common Stock,Technology,Semiconductors,-7.369700985139271,11.157401144065604,9.499115003212854,1.353641219820224,neutral,45.83333333333333,31.25,45.83333333333333,45.83333333333333,31.25,45.83333333333333,85.0,54.430133319075864,53.497853331194705,explicit_news_linked,normal
Earnings And Buybacks,ASML,1,1,1,ASML reports transactions under its current share buyback program,1,explicit_news_linked,85.0,5,70.09375,very_high,sustained_narrative,604,24,0.2086614173228346,0.5,ASML Holding N.V. New York Registry Shares,Technology,Industrial Machinery/Components,4.504679643910459,11.20240341460046,4.020623957830294,1.398643490355079,neutral,20.833333333333336,31.25,22.916666666666664,20.833333333333336,31.25,22.916666666666664,85.0,54.47963581666421,40.17194537249963,explicit_news_linked,normal
Earnings And Buybacks,AZN,1,1,1,AstraZeneca PLC (AZN) Q1 2026 Earnings Call Transcript,1,explicit_news_linked,85.0,5,70.09375,very_high,sustained_narrative,604,24,0.2086614173228346,0.5,,,,-2.903363178484031,-10.634525035495134,-0.6349413741340237,-20.365451815259572,lagging,20.833333333333336,31.25,22.916666666666664,20.833333333333336,31.25,22.916666666666664,85.0,15.517281037143803,34.327592155571566,explicit_news_linked,normal
Earnings And Buybacks,JNJ,1,1,0,Why Johnson & Johnson (JNJ) is a Top Dividend Stock for Your Portfolio,1,explicit_news_linked,85.0,5,70.09375,very_high,sustained_narrative,604,24,0.2086614173228346,0.5,,,,-0.9834045006027136,-6.399180355377743,-2.724606894336934,-16.130107135142183,lagging,20.833333333333336,31.25,6.25,20.833333333333336,31.25,6.25,85.0,20.176160185272927,31.693090694457606,explicit_news_linked,normal
Earnings And Buybacks,ORCL,2,1,2,"Bloom Energy Earnings Surge On AI Data Centers, Lifting Fuel-Cell Stocks | Bloom Energy Shares Jump After Earnings Beat and Major Oracle Data Center Deal",0,api_related_news,35.0,5,70.09375,very_high,sustained_narrative,604,24,0.2086614173228346,0.5,Oracle Corporation Common Stock,Technology,Computer Software: Prepackaged Software,10.406114916256405,26.336372183140668,18.87886497153697,16.532612258895288,confirming,45.83333333333333,31.25,45.83333333333333,11.458333333333332,7.8125,11.458333333333332,35.0,81.12700146205843,26.252383552642094,api_related_indirect,normal
Earnings And Buybacks,CRCL,1,1,1,Palantir to report Q1 earnings after Monday's close: What to expect,0,api_related_news,35.0,5,70.09375,very_high,sustained_narrative,604,24,0.2086614173228346,0.5,Circle Internet Group Inc. Class A Common Stock,Finance,Finance: Consumer Services,24.133550228627133,27.097125129933588,108.54701400427268,17.293365205688207,confirming,20.833333333333336,31.25,22.916666666666664,5.208333333333334,7.8125,5.729166666666666,35.0,81.96382970353065,23.0445744555296,api_related_indirect,normal
Earnings And Buybacks,JPM,3,1,3,How The SPIE (ENXTPA:SPIE) Investment Story Is Evolving With Fresh Targets And New Guidance | JPMorgan resets Amazon stock price target after earnings | Jamie Dimon says the next credit crisis will be 'worse than people expect' — here's what big bank earnings have revealed,0,api_related_news,35.0,5,70.09375,very_high,sustained_narrative,604,24,0.2086614173228346,0.5,JP Morgan Chase & Co. Common Stock,Finance,Major Banks,-0.5747338175514316,4.809609364686951,-1.1450659819490006,-4.994150559558429,neutral,56.25,31.25,58.333333333333336,14.0625,7.8125,14.583333333333334,35.0,47.447562361759346,22.736926020930568,api_related_indirect,normal
Earnings And Buybacks,WMT,3,1,2,"Walmart Second P&L Seen Driving Majority of Future Earnings Growth, UBS Says | This Unstoppable Dividend Stock Could Be the Only Retailer I'd Hold Through the Next Market Crash. | Walmart earnings reveal concerning shift in customer behavior",0,api_related_news,35.0,5,70.09375,very_high,sustained_narrative,604,24,0.2086614173228346,0.5,,,,2.2415555235048013,2.8866598361753093,2.355114259138724,-6.844266943589129,neutral,56.25,31.25,45.83333333333333,14.0625,7.8125,11.458333333333332,35.0,45.39058439598129,21.80337932606386,api_related_indirect,normal
Earnings And Buybacks,MU,1,1,2,Micron Rides AI Memory Boom As Tight Supply Shifts Pricing Power,0,api_related_news,35.0,5,70.09375,very_high,sustained_narrative,604,24,0.2086614173228346,0.5,Micron Technology Inc. Common Stock,Technology,Semiconductors,27.902593561407784,70.74332468388585,53.841058653024554,60.93956475964046,overheated,20.833333333333336,31.25,45.83333333333333,5.208333333333334,7.8125,11.458333333333332,35.0,61.0,21.045833333333334,api_related_indirect,normal;price_risk
Earnings And Buybacks,BRK-A,4,2,4,"Berkshire Hathaway Inc. Reports Earnings Results for the First Quarter Ended March 31, 2026 | Berkshire Hathaway net earnings more than double in first quarter | Berkshire Hathaway says net earnings per average equivalent class A share is $7,027",0,api_related_news,35.0,5,70.09375,very_high,sustained_narrative,604,24,0.2086614173228346,0.5,,,,-2.445822590760227,-2.3028611304954594,-5.424576099439305,-12.033787910259898,lagging,62.5,64.58333333333334,62.5,15.625,16.145833333333336,15.625,35.0,24.682111332643437,20.910650033229846,api_related_indirect,normal
Earnings And Buybacks,GOOGL,1,1,1,Alphabet Q1 Earnings: The Undisputed AI Winner,0,api_related_news,35.0,5,70.09375,very_high,sustained_narrative,604,24,0.2086614173228346,0.5,Alphabet Inc. Class A Common Stock,Technology,Computer Software: Programming Data Processing,10.801074650107466,29.190976424180825,14.16586043636583,19.387216499935445,extended,20.833333333333336,31.25,22.916666666666664,5.208333333333334,7.8125,5.729166666666666,35.0,64.2670661272026,20.39005991908039,api_related_indirect,normal;price_risk
Earnings And Buybacks,INTC,1,1,1,Buy AMD Stock Before Q1 Earnings: Here's What You Should Know,0,api_related_news,35.0,5,70.09375,very_high,sustained_narrative,604,24,0.2086614173228346,0.5,,,,28.924992812463746,114.5872434356856,121.25360324298065,104.85631665592118,overheated,20.833333333333336,31.25,22.916666666666664,5.208333333333334,7.8125,5.729166666666666,35.0,61.0,19.9,api_related_indirect,normal;price_risk
Earnings And Buybacks,COIN,1,1,1,"AMD earnings, Fed commentary, April jobs report: What to Watch",0,api_related_news,35.0,5,70.09375,very_high,sustained_narrative,604,24,0.2086614173228346,0.5,Coinbase Global Inc. Class A Common Stock,Finance,Finance: Consumer Services,1.658939268134718,12.889761944898126,9.829680119189431,3.086002020652746,neutral,20.833333333333336,31.25,22.916666666666664,5.208333333333334,7.8125,5.729166666666666,35.0,56.33573019999164,19.200359529998746,api_related_indirect,normal
Earnings And Buybacks,COST,1,1,0,What Dividend Investors Need to Know About Costco,0,api_related_news,35.0,5,70.09375,very_high,sustained_narrative,604,24,0.2086614173228346,0.5,,,,2.0104846244018093,-0.4482606338803929,3.687849497838181,-10.179187413644833,lagging,20.833333333333336,31.25,6.25,5.208333333333334,7.8125,1.5625,35.0,26.722171878920015,13.924992448504671,api_related_indirect,normal
Grid And Power Equipment,VRT,0,0,0,,0,pure_play,100.0,6,66.21875,low,derivative_mention,6,2,0.5,0.0,Vertiv Holdings LLC Class A Common Stock,Technology,Industrial Machinery/Components,10.461267347411862,30.228418866805097,77.23912718055368,20.424658942559716,extended,47.368421052631575,47.368421052631575,52.63157894736842,47.368421052631575,47.368421052631575,52.63157894736842,100.0,65.40825281408931,56.85334318527129,mapped_pure_play_watch,mapped_only_needs_news_confirmation;price_risk
Grid And Power Equipment,BE,0,0,0,,0,pure_play,100.0,6,66.21875,low,derivative_mention,6,2,0.5,0.0,Bloom Energy Corporation Class A Common Stock,Energy,Industrial Machinery/Components,30.799175808324208,119.3259910300926,75.31534665206048,109.52223110584724,overheated,47.368421052631575,47.368421052631575,52.63157894736842,47.368421052631575,47.368421052631575,52.63157894736842,100.0,61.0,56.1921052631579,mapped_pure_play_watch,mapped_only_needs_news_confirmation;price_risk
Grid And Power Equipment,GEV,0,0,0,,0,pure_play,100.0,6,66.21875,low,derivative_mention,6,2,0.5,0.0,GE Vernova Inc. Common Stock,,,1.5124911510153938,23.18356539833848,41.75821801847073,13.3798054740931,extended,47.368421052631575,47.368421052631575,52.63157894736842,47.368421052631575,47.368421052631575,52.63157894736842,100.0,57.65891399877603,55.690942362974305,mapped_pure_play_watch,mapped_only_needs_news_confirmation;price_risk
Grid And Power Equipment,ETN,0,0,0,,0,pure_play,100.0,6,66.21875,low,derivative_mention,6,2,0.5,0.0,Eaton Corporation PLC Ordinary Shares,Technology,Industrial Machinery/Components,-0.8279279091584324,12.575247728353055,13.349916605136649,2.771487804107675,neutral,47.368421052631575,47.368421052631575,52.63157894736842,47.368421052631575,47.368421052631575,52.63157894736842,100.0,55.98976456179206,55.44056994742671,mapped_pure_play_watch,mapped_only_needs_news_confirmation
Grid And Power Equipment,CEG,0,0,0,,0,enabler,80.0,6,66.21875,low,derivative_mention,6,2,0.5,0.0,Constellation Energy Corporation Common Stock ,Utilities,Electric Utilities: Central,5.884668887113098,17.64064831330936,20.74269664481756,7.836888389063979,confirming,47.368421052631575,47.368421052631575,52.63157894736842,47.368421052631575,47.368421052631575,52.63157894736842,80.0,71.561705205244,53.7763610439445,mapped_watch,mapped_only_needs_news_confirmation
Grid And Power Equipment,FSLR,0,0,0,,0,enabler,80.0,6,66.21875,low,derivative_mention,6,2,0.5,0.0,,,,10.26753831700371,10.431044195168935,-9.651101369390824,0.7001174154044989,neutral,47.368421052631575,47.368421052631575,52.63157894736842,47.368421052631575,47.368421052631575,52.63157894736842,80.0,53.68940719087428,51.09551634178904,mapped_watch,mapped_only_needs_news_confirmation
Grid And Power Equipment,VST,0,0,0,,0,enabler,80.0,6,66.21875,low,derivative_mention,6,2,0.5,0.0,Vistra Corp. Common Stock,Utilities,Electric Utilities: Central,0.6175585936760042,6.943076330586773,6.102054367624654,-2.8606835936586075,neutral,47.368421052631575,47.368421052631575,52.63157894736842,47.368421052631575,47.368421052631575,52.63157894736842,80.0,49.794376024249146,50.51126166679527,mapped_watch,mapped_only_needs_news_confirmation
Grid And Power Equipment,FLNC,0,0,0,,0,pure_play,100.0,6,66.21875,low,derivative_mention,6,2,0.5,0.0,,,,1.862344414024686,-4.696968897862419,-60.96804187905622,-14.427895677626855,lagging,47.368421052631575,47.368421052631575,52.63157894736842,47.368421052631575,47.368421052631575,52.63157894736842,100.0,22.048592788539786,50.34939418143887,mapped_pure_play_watch,mapped_only_needs_news_confirmation
Grid And Power Equipment,ENPH,0,0,0,,0,enabler,80.0,6,66.21875,low,derivative_mention,6,2,0.5,0.0,,,,0.9119573412293523,2.8917991264751253,-7.154501793153356,-6.839127653289313,neutral,47.368421052631575,47.368421052631575,52.63157894736842,47.368421052631575,47.368421052631575,52.63157894736842,80.0,45.39623761531109,49.85154090545456,mapped_watch,mapped_only_needs_news_confirmation
Grid And Power Equipment,AMZN,0,0,0,,0,adopter,55.0,6,66.21875,low,derivative_mention,6,2,0.5,0.0,Amazon.com Inc. Common Stock,Consumer Discretionary,Catalog/Specialty Distribution,5.987673108221658,29.352887205498867,15.3507692701206,19.549127281253487,extended,47.368421052631575,47.368421052631575,52.63157894736842,47.368421052631575,47.368421052631575,52.63157894736842,55.0,64.44516798665245,47.708880461155765,mapped_watch,mapped_only_needs_news_confirmation;price_risk
Grid And Power Equipment,GOOGL,0,0,0,,0,adopter,55.0,6,66.21875,low,derivative_mention,6,2,0.5,0.0,Alphabet Inc. Class A Common Stock,Technology,Computer Software: Programming Data Processing,10.801074650107466,29.190976424180825,14.16586043636583,19.387216499935445,extended,47.368421052631575,47.368421052631575,52.63157894736842,47.368421052631575,47.368421052631575,52.63157894736842,55.0,64.2670661272026,47.682165182238286,mapped_watch,mapped_only_needs_news_confirmation;price_risk
Grid And Power Equipment,GOOG,0,0,0,,0,adopter,55.0,6,66.21875,low,derivative_mention,6,2,0.5,0.0,Alphabet Inc. Class C Capital Stock,Technology,Computer Software: Programming Data Processing,10.443167926596232,28.93569973229708,12.72684361403018,19.1319398080517,extended,47.368421052631575,47.368421052631575,52.63157894736842,47.368421052631575,47.368421052631575,52.63157894736842,55.0,63.98626176613048,47.640044528077475,mapped_watch,mapped_only_needs_news_confirmation;price_risk
Grid And Power Equipment,MSFT,0,0,0,,0,adopter,55.0,6,66.21875,low,derivative_mention,6,2,0.5,0.0,Microsoft Corporation Common Stock,Technology,Computer Software: Prepackaged Software,-4.591727770548193,9.831582059121336,-0.1787955885236392,0.0278221348759544,neutral,47.368421052631575,47.368421052631575,52.63157894736842,47.368421052631575,47.368421052631575,52.63157894736842,55.0,52.97173232563716,45.987865112003476,mapped_watch,mapped_only_needs_news_confirmation
Grid And Power Equipment,META,0,0,0,,0,adopter,55.0,6,66.21875,low,derivative_mention,6,2,0.5,0.0,Meta Platforms Inc. Class A Common Stock,Technology,Computer Software: Programming Data Processing,-10.308489635870131,5.080972608634515,-12.873998133729591,-4.722787315610865,neutral,47.368421052631575,47.368421052631575,52.63157894736842,47.368421052631575,47.368421052631575,52.63157894736842,55.0,47.74606193010166,45.20401455267315,mapped_watch,mapped_only_needs_news_confirmation
Grid And Power Equipment,NEE,0,0,0,,0,sympathetic,35.0,6,66.21875,low,derivative_mention,6,2,0.5,0.0,,,,-0.2590405082025682,3.8067493276251696,9.115477328447865,-5.9241774521392685,neutral,47.368421052631575,47.368421052631575,52.63157894736842,47.368421052631575,47.368421052631575,52.63157894736842,35.0,46.40268283657613,41.00250768864432,mapped_watch,mapped_only_needs_news_confirmation
Grid And Power Equipment,SO,0,0,0,,0,sympathetic,35.0,6,66.21875,low,derivative_mention,6,2,0.5,0.0,,,,1.6841396845838297,-0.969674456088876,7.349458245307394,-10.700601235853314,lagging,47.368421052631575,47.368421052631575,52.63157894736842,47.368421052631575,47.368421052631575,52.63157894736842,35.0,26.148616674490682,37.9643977643315,mapped_watch,mapped_only_needs_news_confirmation
Grid And Power Equipment,DUK,0,0,0,,0,sympathetic,35.0,6,66.21875,low,derivative_mention,6,2,0.5,0.0,,,,0.1799653537143619,-2.5721062237418435,6.123468042104729,-12.303033003506282,lagging,47.368421052631575,47.368421052631575,52.63157894736842,47.368421052631575,47.368421052631575,52.63157894736842,35.0,24.385941730072425,37.69999652266876,mapped_watch,mapped_only_needs_news_confirmation
Grid And Power Equipment,ORCL,1,1,0,Bloom Energy (BE) Is Up 25.7% After Securing Oracle AI Data Center Power Deal - Has The Bull Case Changed?,0,api_related_news,35.0,6,66.21875,low,derivative_mention,6,2,0.5,0.0,Oracle Corporation Common Stock,Technology,Computer Software: Prepackaged Software,10.406114916256405,26.336372183140668,18.87886497153697,16.532612258895288,confirming,97.36842105263158,97.36842105263158,52.63157894736842,24.342105263157894,24.342105263157894,13.157894736842104,35.0,81.12700146205843,32.75457653509824,api_related_indirect,news_linked_but_derivative_theme
Grid And Power Equipment,JPM,1,1,0,JPMorgan and Susquehanna Both Boost Bloom Energy Price Targets: Is the Data Center Power Play Heating Up?,0,api_related_news,35.0,6,66.21875,low,derivative_mention,6,2,0.5,0.0,JP Morgan Chase & Co. Common Stock,Finance,Major Banks,-0.5747338175514316,4.809609364686951,-1.1450659819490006,-4.994150559558429,neutral,97.36842105263158,97.36842105263158,52.63157894736842,24.342105263157894,24.342105263157894,13.157894736842104,35.0,47.447562361759346,27.702660670053376,api_related_indirect,news_linked_but_derivative_theme
Nuclear Renaissance,SMR,2,1,2,Steffan Szumowki from the Nuclear Energy Content Hub Details Investing in X-energy Without the Pre-Revenue IPO Risk | 1 Overlooked Detail to Watch as NuScale's SMR Project Moves Forward,1,explicit_news_linked,85.0,7,62.1875,low,noise_possible,4,3,0.5,0.75,,,,,,,,,100.0,95.0,100.0,100.0,95.0,100.0,85.0,50.0,89.0,explicit_news_linked,normal
Nuclear Renaissance,NVDA,1,1,1,NVIDIA Broadens AI Reach Into Quantum Nuclear Power And Healthcare Robotics,1,explicit_news_linked,85.0,7,62.1875,low,noise_possible,4,3,0.5,0.75,NVIDIA Corporation Common Stock,Technology,Semiconductors,-7.369700985139271,11.157401144065604,9.499115003212854,1.353641219820224,neutral,92.5,95.0,92.5,92.5,95.0,92.5,85.0,54.430133319075864,85.53951999786138,explicit_news_linked,normal
Nuclear Renaissance,BWXT,0,0,0,,0,pure_play,100.0,7,62.1875,low,noise_possible,4,3,0.5,0.75,,,,,,,,,45.0,45.0,45.0,45.0,45.0,45.0,100.0,50.0,54.95,mapped_pure_play_watch,mapped_only_needs_news_confirmation
Nuclear Renaissance,CCJ,0,0,0,,0,pure_play,100.0,7,62.1875,low,noise_possible,4,3,0.5,0.75,,,,,,,,,45.0,45.0,45.0,45.0,45.0,45.0,100.0,50.0,54.95,mapped_pure_play_watch,mapped_only_needs_news_confirmation
Nuclear Renaissance,LEU,0,0,0,,0,pure_play,100.0,7,62.1875,low,noise_possible,4,3,0.5,0.75,,,,,,,,,45.0,45.0,45.0,45.0,45.0,45.0,100.0,50.0,54.95,mapped_pure_play_watch,mapped_only_needs_news_confirmation
Nuclear Renaissance,NNE,0,0,0,,0,pure_play,100.0,7,62.1875,low,noise_possible,4,3,0.5,0.75,,,,,,,,,45.0,45.0,45.0,45.0,45.0,45.0,100.0,50.0,54.95,mapped_pure_play_watch,mapped_only_needs_news_confirmation
Nuclear Renaissance,CEG,0,0,0,,0,enabler,80.0,7,62.1875,low,noise_possible,4,3,0.5,0.75,Constellation Energy Corporation Common Stock ,Utilities,Electric Utilities: Central,5.884668887113098,17.64064831330936,20.74269664481756,7.836888389063979,confirming,45.0,45.0,45.0,45.0,45.0,45.0,80.0,71.561705205244,54.1842557807866,mapped_watch,mapped_only_needs_news_confirmation
Nuclear Renaissance,GEV,0,0,0,,0,enabler,80.0,7,62.1875,low,noise_possible,4,3,0.5,0.75,GE Vernova Inc. Common Stock,,,1.5124911510153938,23.18356539833848,41.75821801847073,13.3798054740931,extended,45.0,45.0,45.0,45.0,45.0,45.0,80.0,57.65891399877603,52.09883709981641,mapped_watch,mapped_only_needs_news_confirmation;price_risk
Nuclear Renaissance,VST,0,0,0,,0,enabler,80.0,7,62.1875,low,noise_possible,4,3,0.5,0.75,Vistra Corp. Common Stock,Utilities,Electric Utilities: Central,0.6175585936760042,6.943076330586773,6.102054367624654,-2.8606835936586075,neutral,45.0,45.0,45.0,45.0,45.0,45.0,80.0,49.794376024249146,50.91915640363737,mapped_watch,mapped_only_needs_news_confirmation
Nuclear Renaissance,ORCL,0,0,0,,0,adopter,55.0,7,62.1875,low,noise_possible,4,3,0.5,0.75,Oracle Corporation Common Stock,Technology,Computer Software: Prepackaged Software,10.406114916256405,26.336372183140668,18.87886497153697,16.532612258895288,confirming,45.0,45.0,45.0,45.0,45.0,45.0,55.0,81.12700146205843,50.61905021930877,mapped_watch,mapped_only_needs_news_confirmation
Nuclear Renaissance,AMZN,0,0,0,,0,adopter,55.0,7,62.1875,low,noise_possible,4,3,0.5,0.75,Amazon.com Inc. Common Stock,Consumer Discretionary,Catalog/Specialty Distribution,5.987673108221658,29.352887205498867,15.3507692701206,19.549127281253487,extended,45.0,45.0,45.0,45.0,45.0,45.0,55.0,64.44516798665245,48.11677519799787,mapped_watch,mapped_only_needs_news_confirmation;price_risk
Nuclear Renaissance,GOOGL,0,0,0,,0,adopter,55.0,7,62.1875,low,noise_possible,4,3,0.5,0.75,Alphabet Inc. Class A Common Stock,Technology,Computer Software: Programming Data Processing,10.801074650107466,29.190976424180825,14.16586043636583,19.387216499935445,extended,45.0,45.0,45.0,45.0,45.0,45.0,55.0,64.2670661272026,48.09005991908039,mapped_watch,mapped_only_needs_news_confirmation;price_risk
Nuclear Renaissance,GOOG,0,0,0,,0,adopter,55.0,7,62.1875,low,noise_possible,4,3,0.5,0.75,Alphabet Inc. Class C Capital Stock,Technology,Computer Software: Programming Data Processing,10.443167926596232,28.93569973229708,12.72684361403018,19.1319398080517,extended,45.0,45.0,45.0,45.0,45.0,45.0,55.0,63.98626176613048,48.04793926491958,mapped_watch,mapped_only_needs_news_confirmation;price_risk
Nuclear Renaissance,MSFT,0,0,0,,0,adopter,55.0,7,62.1875,low,noise_possible,4,3,0.5,0.75,Microsoft Corporation Common Stock,Technology,Computer Software: Prepackaged Software,-4.591727770548193,9.831582059121336,-0.1787955885236392,0.0278221348759544,neutral,45.0,45.0,45.0,45.0,45.0,45.0,55.0,52.97173232563716,46.39575984884558,mapped_watch,mapped_only_needs_news_confirmation
Nuclear Renaissance,META,0,0,0,,0,adopter,55.0,7,62.1875,low,noise_possible,4,3,0.5,0.75,Meta Platforms Inc. Class A Common Stock,Technology,Computer Software: Programming Data Processing,-10.308489635870131,5.080972608634515,-12.873998133729591,-4.722787315610865,neutral,45.0,45.0,45.0,45.0,45.0,45.0,55.0,47.74606193010166,45.61190928951525,mapped_watch,mapped_only_needs_news_confirmation
Nuclear Renaissance,UEC,0,0,0,,0,sympathetic,35.0,7,62.1875,low,noise_possible,4,3,0.5,0.75,,,,,,,,,45.0,45.0,45.0,45.0,45.0,45.0,35.0,50.0,41.95,mapped_watch,mapped_only_needs_news_confirmation
Nuclear Renaissance,URA,0,0,0,,0,sympathetic,35.0,7,62.1875,low,noise_possible,4,3,0.5,0.75,,,,,,,,,45.0,45.0,45.0,45.0,45.0,45.0,35.0,50.0,41.95,mapped_watch,mapped_only_needs_news_confirmation
Nuclear Renaissance,URNM,0,0,0,,0,sympathetic,35.0,7,62.1875,low,noise_possible,4,3,0.5,0.75,,,,,,,,,45.0,45.0,45.0,45.0,45.0,45.0,35.0,50.0,41.95,mapped_watch,mapped_only_needs_news_confirmation
Nuclear Renaissance,UUUU,0,0,0,,0,sympathetic,35.0,7,62.1875,low,noise_possible,4,3,0.5,0.75,,,,,,,,,45.0,45.0,45.0,45.0,45.0,45.0,35.0,50.0,41.95,mapped_watch,mapped_only_needs_news_confirmation
Nuclear Renaissance,OKLO,1,1,1,NVIDIA Broadens AI Reach Into Quantum Nuclear Power And Healthcare Robotics,0,api_related_news,35.0,7,62.1875,low,noise_possible,4,3,0.5,0.75,,,,,,,,,92.5,95.0,92.5,23.125,23.75,23.125,35.0,50.0,29.59375,api_related_indirect,normal
GLP-1 And Obesity Drugs,LLY,15,4,12,Novo Nordisk Obesity Pill Momentum Meets Valuation Gap And Risk Flags | Eli Lilly Captures 60% of the GLP-1 Market as Mounjaro Revenue Soars 125% | Novo Nordisk Before Q1 Earnings: How Should Investors Play the Stock?,1,explicit_news_linked,85.0,8,58.28125,medium,emerging_watch,69,1,1.0,1.0,Eli Lilly and Company Common Stock,Health Care,Biotechnology: Pharmaceutical Preparations,12.219678237181776,5.7968190166654665,-2.0950576956059064,-4.006940907579914,neutral,100.0,100.0,100.0,100.0,100.0,100.0,85.0,48.53349297893571,89.28002394684036,explicit_news_linked,normal
GLP-1 And Obesity Drugs,NVO,0,0,0,,0,pure_play,100.0,8,58.28125,medium,emerging_watch,69,1,1.0,1.0,Novo Nordisk A/S Common Stock,Health Care,Biotechnology: Pharmaceutical Preparations,8.647076831731159,21.979824858886367,-7.812192152405128,12.176064934640989,confirming,50.0,50.0,50.0,50.0,50.0,50.0,100.0,76.3347994053787,62.15021991080681,mapped_pure_play_watch,mapped_only_needs_news_confirmation
GLP-1 And Obesity Drugs,HIMS,0,0,0,,0,adopter,55.0,8,58.28125,medium,emerging_watch,69,1,1.0,1.0,Hims & Hers Health Inc. Class A Common Stock,Health Care,Medical/Nursing Services,-5.231096712485406,30.103299863258215,3.563037646012246,20.299539939012835,confirming,50.0,50.0,50.0,50.0,50.0,50.0,55.0,85.27062191018774,54.49059328652817,mapped_watch,mapped_only_needs_news_confirmation
GLP-1 And Obesity Drugs,VKTX,0,0,0,,0,pure_play,100.0,8,58.28125,medium,emerging_watch,69,1,1.0,1.0,Viking Therapeutics Inc. Common Stock,Health Care,Biotechnology: Pharmaceutical Preparations,-5.449210938276572,-9.740643311080744,4.1312484151366125,-19.54440323532612,lagging,50.0,50.0,50.0,50.0,50.0,50.0,100.0,16.44228441841488,53.16634266276223,mapped_pure_play_watch,mapped_only_needs_news_confirmation
GLP-1 And Obesity Drugs,AMGN,0,0,0,,0,enabler,80.0,8,58.28125,medium,emerging_watch,69,1,1.0,1.0,Amgen Inc. Common Stock,Health Care,Biotechnology: Biological Products (No Diagnostic Substances),-5.174192933783772,-6.004614205688663,-4.240768854900201,-15.808374129934045,lagging,50.0,50.0,50.0,50.0,50.0,50.0,80.0,20.55191643434616,49.78278746515193,mapped_watch,mapped_only_needs_news_confirmation
GLP-1 And Obesity Drugs,MRK,0,0,0,,0,enabler,80.0,8,58.28125,medium,emerging_watch,69,1,1.0,1.0,Merck & Company Inc. Common Stock (new),Health Care,Biotechnology: Pharmaceutical Preparations,3.176408966060662,-6.0612304846745735,-1.272566478192605,-15.864990408919954,lagging,50.0,50.0,50.0,50.0,50.0,50.0,80.0,20.489638527461665,49.77344577911925,mapped_watch,mapped_only_needs_news_confirmation
GLP-1 And Obesity Drugs,PFE,0,0,0,,0,enabler,80.0,8,58.28125,medium,emerging_watch,69,1,1.0,1.0,Pfizer Inc. Common Stock,Health Care,Biotechnology: Pharmaceutical Preparations,-1.284363068716554,-6.072941864246539,1.4353889917934517,-15.87670178849192,lagging,50.0,50.0,50.0,50.0,50.0,50.0,80.0,20.4767560099325,49.77151340148988,mapped_watch,mapped_only_needs_news_confirmation
GLP-1 And Obesity Drugs,TNDM,0,0,0,,0,sympathetic,35.0,8,58.28125,medium,emerging_watch,69,1,1.0,1.0,Tandem Diabetes Care Inc. Common Stock,Health Care,Medical/Dental Instruments,2.7375214807086934,-0.1564981039442359,-1.543215721026325,-9.960258028189616,neutral,50.0,50.0,50.0,50.0,50.0,50.0,35.0,41.98484414626503,43.997726621939755,mapped_watch,mapped_only_needs_news_confirmation
GLP-1 And Obesity Drugs,DXCM,0,0,0,,0,sympathetic,35.0,8,58.28125,medium,emerging_watch,69,1,1.0,1.0,DexCom Inc. Common Stock,Health Care,Medical/Dental Instruments,-0.539446555074985,-6.660337202103883,-17.632273820609846,-16.464097126349262,lagging,50.0,50.0,50.0,50.0,50.0,50.0,35.0,19.830621138289423,40.674593170743414,mapped_watch,mapped_only_needs_news_confirmation
Regulatory And Legal Risk,META,1,1,1,Meta seeks to fend off EU order to allow rival AI chatbots on WhatsApp at hearing,1,explicit_news_linked,85.0,10,53.40625,high,sustained_narrative,22,7,0.3333333333333333,0.5,Meta Platforms Inc. Class A Common Stock,Technology,Computer Software: Programming Data Processing,-10.308489635870131,5.080972608634515,-12.873998133729591,-4.722787315610865,neutral,35.714285714285715,35.714285714285715,42.857142857142854,35.714285714285715,35.714285714285715,42.857142857142854,85.0,47.74606193010166,48.80476643237239,explicit_news_linked,normal
Regulatory And Legal Risk,INTC,4,2,4,Intel Clears Antitrust Hurdle For SambaNova Deal | 'U.S. Antitrust Authorities Clear Intel's SambaNova Systems Transaction' - Reuters Citing Filing | Intel's SambaNova deal gets U.S. antitrust clearance,0,api_related_news,35.0,10,53.40625,high,sustained_narrative,22,7,0.3333333333333333,0.5,,,,28.924992812463746,114.5872434356856,121.25360324298065,104.85631665592118,overheated,100.0,85.71428571428571,100.0,25.0,21.428571428571427,25.0,35.0,61.0,32.042857142857144,api_related_indirect,normal;price_risk
Regulatory And Legal Risk,AAPL,2,2,2,"Apple says India antitrust body overstepping judicial authority as spat intensifies | Apple accuses India watchdog of exceeding powers, seeks to stall antitrust case: filing",0,api_related_news,35.0,10,53.40625,high,sustained_narrative,22,7,0.3333333333333333,0.5,,,,3.416940745437902,8.151126978879851,3.986175120430979,-1.5797998008845866,neutral,78.57142857142857,85.71428571428571,78.57142857142857,19.642857142857142,21.428571428571427,19.642857142857142,35.0,51.18149825295629,27.623653309372013,api_related_indirect,normal
Regulatory And Legal Risk,XOM,2,2,2,US Justice Dept sues to block Minnesota's climate change lawsuit | Exxon Mobil Lawsuit Tests Orphaned Well Accounting And ESG Risk Perceptions,0,api_related_news,35.0,10,53.40625,high,sustained_narrative,22,7,0.3333333333333333,0.5,,,,2.4873772435670016,-5.548756021510437,8.0731250641223,-15.279682801274877,lagging,78.57142857142857,85.71428571428571,78.57142857142857,19.642857142857142,21.428571428571427,19.642857142857142,35.0,21.11162695252697,23.113172614307615,api_related_indirect,normal
Regulatory And Legal Risk,AMZN,1,1,1,Amazon Lawsuit Puts Marketplace Safety And Long Term Costs In Focus,0,api_related_news,35.0,10,53.40625,high,sustained_narrative,22,7,0.3333333333333333,0.5,Amazon.com Inc. Common Stock,Consumer Discretionary,Catalog/Specialty Distribution,5.987673108221658,29.352887205498867,15.3507692701206,19.549127281253487,extended,35.714285714285715,35.714285714285715,42.857142857142854,8.928571428571429,8.928571428571429,10.714285714285714,35.0,64.44516798665245,22.827489483712153,api_related_indirect,normal;price_risk
Regulatory And Legal Risk,TSLA,1,1,1,Elon Musk settles SEC Twitter disclosures lawsuit for $1.5 million,0,api_related_news,35.0,10,53.40625,high,sustained_narrative,22,7,0.3333333333333333,0.5,Tesla Inc. Common Stock,Industrials,Auto Manufacturing,4.713846769159691,11.5993954263941,-6.686652030822781,1.7956355021487198,neutral,35.714285714285715,35.714285714285715,42.857142857142854,8.928571428571429,8.928571428571429,10.714285714285714,35.0,54.9163270296372,21.398163340159865,api_related_indirect,normal
Regulatory And Legal Risk,JPM,1,1,0,Why The Narrative Around iRhythm Holdings (IRTC) Is Shifting After Valuation And DOJ Updates,0,api_related_news,35.0,10,53.40625,high,sustained_narrative,22,7,0.3333333333333333,0.5,JP Morgan Chase & Co. Common Stock,Finance,Major Banks,-0.5747338175514316,4.809609364686951,-1.1450659819490006,-4.994150559558429,neutral,35.714285714285715,35.714285714285715,14.285714285714285,8.928571428571429,8.928571428571429,3.571428571428571,35.0,47.447562361759346,18.84927721140676,api_related_indirect,normal
Smartphone And Devices,AAPL,32,5,33,"Apple (AAPL) Stock Trades Up, Here Is Why | How The Investment Story For Qualcomm (QCOM) Is Shifting With AI And Smartphone Uncertainty | AAPL Q1 Deep Dive: Leadership Transition and Broad-Based Growth Drive Outperformance",3,explicit_news_linked,85.0,11,49.40625,medium,emerging_watch,57,1,1.0,1.0,,,,3.416940745437902,8.151126978879851,3.986175120430979,-1.5797998008845866,neutral,100.0,100.0,100.0,100.0,100.0,100.0,85.0,51.18149825295629,89.67722473794345,explicit_news_linked,normal
Tariffs And Supply Chain,AAPL,6,2,5,"Tim Cook Says Apple Is Pursuing Tariff Refunds, Will Reinvest Any Windfall Into New US Innovation, Manufacturing Projects | Trump raises tariffs on EU vehicles | Wall Street Splits on Apple After Q2 Beat: Is the Growth Story Real or Just a Tariff Bounce?",1,explicit_news_linked,85.0,13,42.84375,very_high,sustained_narrative,52,7,0.4814814814814814,0.5,,,,3.416940745437902,8.151126978879851,3.986175120430979,-1.5797998008845866,neutral,85.71428571428571,71.42857142857143,100.0,85.71428571428571,71.42857142857143,100.0,85.0,51.18149825295629,81.82008188080059,explicit_news_linked,normal
Tariffs And Supply Chain,AMZN,13,3,0,"Supply Chain Stocks Are Plunging on Amazon's Logistics Launch. 1 Reason To Buy the Dip | Amazon Readies Supply Chain Services To Businesses. These Stocks Fall. | FedEx Slides 9%, UPS Sinks 10% as Amazon Supply Chain Services Goes Live: How Real Is the Threat?",0,api_related_news,35.0,13,42.84375,very_high,sustained_narrative,52,7,0.4814814814814814,0.5,Amazon.com Inc. Common Stock,Consumer Discretionary,Catalog/Specialty Distribution,5.987673108221658,29.352887205498867,15.3507692701206,19.549127281253487,extended,100.0,100.0,50.0,25.0,25.0,12.5,35.0,64.44516798665245,30.416775197997865,api_related_indirect,normal;price_risk
Tariffs And Supply Chain,INTC,3,2,0,Intel Shares Rise as Apple Explores Expanding Chip Supply Chain | TSMC Stock Holds Firm As $56 Billion AI Expansion Defies Apple Supply Chain Rumors | Apple's chip talks with Intel and Samsung signal a structural shift in how Big Tech thinks about supply chain risk,0,api_related_news,35.0,13,42.84375,very_high,sustained_narrative,52,7,0.4814814814814814,0.5,,,,28.924992812463746,114.5872434356856,121.25360324298065,104.85631665592118,overheated,71.42857142857143,71.42857142857143,50.0,17.857142857142858,17.857142857142858,12.5,35.0,61.0,26.685714285714283,api_related_indirect,normal;price_risk
Tariffs And Supply Chain,NVDA,2,2,0,Nvidia’s pivot to physical AI ignites rally across Asian supply chain | Nvidia's China Exposure Back In Focus As Senator Coons Probes H200 Export Claims,0,api_related_news,35.0,13,42.84375,very_high,sustained_narrative,52,7,0.4814814814814814,0.5,NVIDIA Corporation Common Stock,Technology,Semiconductors,-7.369700985139271,11.157401144065604,9.499115003212854,1.353641219820224,neutral,57.14285714285714,71.42857142857143,50.0,14.285714285714285,17.857142857142858,12.5,35.0,54.430133319075864,24.450234283575664,api_related_indirect,normal
Tariffs And Supply Chain,TSLA,1,1,0,The Reason GM Stock Is Beating Ford and Tesla. (It Has Nothing to Do With Cars or Tariffs.),0,api_related_news,35.0,13,42.84375,very_high,sustained_narrative,52,7,0.4814814814814814,0.5,Tesla Inc. Common Stock,Industrials,Auto Manufacturing,4.713846769159691,11.5993954263941,-6.686652030822781,1.7956355021487198,neutral,28.57142857142857,28.57142857142857,50.0,7.142857142857142,7.142857142857142,12.5,35.0,54.9163270296372,20.951734768731296,api_related_indirect,normal
Tariffs And Supply Chain,MSFT,1,1,0,"Medline officially launches Mpower™, a digital control tower designed to predict, respond and resolve supply chain risks",0,api_related_news,35.0,13,42.84375,very_high,sustained_narrative,52,7,0.4814814814814814,0.5,Microsoft Corporation Common Stock,Technology,Computer Software: Prepackaged Software,-4.591727770548193,9.831582059121336,-0.1787955885236392,0.0278221348759544,neutral,28.57142857142857,28.57142857142857,50.0,7.142857142857142,7.142857142857142,12.5,35.0,52.97173232563716,20.66004556313129,api_related_indirect,normal
Tariffs And Supply Chain,WMT,1,1,0,Walmart Tightens Supply Chain And Beauty Offering To Support Growth Narrative,0,api_related_news,35.0,13,42.84375,very_high,sustained_narrative,52,7,0.4814814814814814,0.5,,,,2.2415555235048013,2.8866598361753093,2.355114259138724,-6.844266943589129,neutral,28.57142857142857,28.57142857142857,50.0,7.142857142857142,7.142857142857142,12.5,35.0,45.39058439598129,19.52287337368291,api_related_indirect,normal
AI Infrastructure,AVGO,3,1,3,"Broadcom, Qualcomm, or TSMC: Why One AI Chip Stock Won Decisively in April | Is Broadcom (AVGO) The Best AI Chip Stock in Billionaire Philippe Laffont’s Portfolio? | Broadcom Just Reached a 3-Year AI Chip Deal with Meta. Does That Make AVGO Stock a Buy?",2,explicit_news_linked,85.0,14,39.78125,very_high,sustained_narrative,55,9,0.35,0.55,Broadcom Inc. Common Stock,Technology,Semiconductors,7.0967663639384115,36.18452327917756,33.95662841540488,26.38076335493218,overheated,93.47826086956522,80.43478260869566,95.65217391304348,93.47826086956522,80.43478260869566,95.65217391304348,85.0,56.95996766769902,85.43529949798095,explicit_news_linked,normal;price_risk
AI Infrastructure,MSFT,1,1,0,Should Microsoft’s US$190 Billion AI Infrastructure Bet Reshape the Risk‑Reward Balance for MSFT Investors?,1,explicit_news_linked,85.0,14,39.78125,very_high,sustained_narrative,55,9,0.35,0.55,Microsoft Corporation Common Stock,Technology,Computer Software: Prepackaged Software,-4.591727770548193,9.831582059121336,-0.1787955885236392,0.0278221348759544,neutral,73.91304347826086,80.43478260869566,39.130434782608695,73.91304347826086,80.43478260869566,39.130434782608695,85.0,52.97173232563716,66.68489028362818,explicit_news_linked,normal
AI Infrastructure,ARM,0,0,0,,0,pure_play,100.0,14,39.78125,very_high,sustained_narrative,55,9,0.35,0.55,Arm Holdings plc American Depositary Shares,Technology,Semiconductors,4.354396889526679,39.34260744666218,98.27833285584246,29.5388475224168,overheated,32.608695652173914,32.608695652173914,39.130434782608695,32.608695652173914,32.608695652173914,39.130434782608695,100.0,60.4338602519321,49.76507903778982,mapped_pure_play_watch,mapped_only_needs_news_confirmation;price_risk
AI Infrastructure,ASML,0,0,0,,0,pure_play,100.0,14,39.78125,very_high,sustained_narrative,55,9,0.35,0.55,ASML Holding N.V. New York Registry Shares,Technology,Industrial Machinery/Components,4.504679643910459,11.20240341460046,4.020623957830294,1.398643490355079,neutral,32.608695652173914,32.608695652173914,39.130434782608695,32.608695652173914,32.608695652173914,39.130434782608695,100.0,54.47963581666421,48.87194537249963,mapped_pure_play_watch,mapped_only_needs_news_confirmation
AI Infrastructure,SMCI,0,0,0,,0,enabler,80.0,14,39.78125,very_high,sustained_narrative,55,9,0.35,0.55,Super Micro Computer Inc. Common Stock,Technology,Computer Manufacturing,2.000000279977776,26.05442647624896,-6.319514645023904,16.25066655200358,confirming,32.608695652173914,32.608695652173914,39.130434782608695,32.608695652173914,32.608695652173914,39.130434782608695,80.0,80.81686118447756,48.82252917767164,mapped_watch,mapped_only_needs_news_confirmation
AI Infrastructure,TSM,0,0,0,,0,pure_play,100.0,14,39.78125,very_high,sustained_narrative,55,9,0.35,0.55,Taiwan Semiconductor Manufacturing Company Ltd.,Technology,Semiconductors,1.2399934444066174,16.22336587731963,18.637150756972364,6.4196059530742495,extended,32.608695652173914,32.608695652173914,39.130434782608695,32.608695652173914,32.608695652173914,39.130434782608695,100.0,50.002694525655286,48.200404178848295,mapped_pure_play_watch,mapped_only_needs_news_confirmation;price_risk
AI Infrastructure,VRT,0,0,0,,0,enabler,80.0,14,39.78125,very_high,sustained_narrative,55,9,0.35,0.55,Vertiv Holdings LLC Class A Common Stock,Technology,Industrial Machinery/Components,10.461267347411862,30.228418866805097,77.23912718055368,20.424658942559716,extended,32.608695652173914,32.608695652173914,39.130434782608695,32.608695652173914,32.608695652173914,39.130434782608695,80.0,65.40825281408931,46.511237922113395,mapped_watch,mapped_only_needs_news_confirmation;price_risk
AI Infrastructure,MRVL,0,0,0,,0,enabler,80.0,14,39.78125,very_high,sustained_narrative,55,9,0.35,0.55,Marvell Technology Inc. Common Stock,Technology,Semiconductors,11.92325574748898,56.685087401720025,127.14568433923036,46.88132747747464,overheated,32.608695652173914,32.608695652173914,39.130434782608695,32.608695652173914,32.608695652173914,39.130434782608695,80.0,61.0,45.85,mapped_watch,mapped_only_needs_news_confirmation;price_risk
AI Infrastructure,MU,0,0,0,,0,enabler,80.0,14,39.78125,very_high,sustained_narrative,55,9,0.35,0.55,Micron Technology Inc. Common Stock,Technology,Semiconductors,27.902593561407784,70.74332468388585,53.841058653024554,60.93956475964046,overheated,32.608695652173914,32.608695652173914,39.130434782608695,32.608695652173914,32.608695652173914,39.130434782608695,80.0,61.0,45.85,mapped_watch,mapped_only_needs_news_confirmation;price_risk
AI Infrastructure,DELL,0,0,0,,0,enabler,80.0,14,39.78125,very_high,sustained_narrative,55,9,0.35,0.55,Dell Technologies Inc. Class C Common Stock ,Technology,Computer Manufacturing,4.452976134550624,24.59035142027741,84.17887287075587,14.786591496032033,extended,32.608695652173914,32.608695652173914,39.130434782608695,32.608695652173914,32.608695652173914,39.130434782608695,80.0,59.206378622908844,45.58095679343633,mapped_watch,mapped_only_needs_news_confirmation;price_risk
AI Infrastructure,ANET,0,0,0,,0,enabler,80.0,14,39.78125,very_high,sustained_narrative,55,9,0.35,0.55,Arista Networks Inc. Common Stock,Telecommunications,Computer Communications Equipment,5.2907076841839595,37.84950785117574,24.854727329193025,28.045747926930357,overheated,32.608695652173914,32.608695652173914,39.130434782608695,32.608695652173914,32.608695652173914,39.130434782608695,80.0,58.791450696897,45.51871760453455,mapped_watch,mapped_only_needs_news_confirmation;price_risk
AI Infrastructure,ORCL,0,0,0,,0,adopter,55.0,14,39.78125,very_high,sustained_narrative,55,9,0.35,0.55,Oracle Corporation Common Stock,Technology,Computer Software: Prepackaged Software,10.406114916256405,26.336372183140668,18.87886497153697,16.532612258895288,confirming,32.608695652173914,32.608695652173914,39.130434782608695,32.608695652173914,32.608695652173914,39.130434782608695,55.0,81.12700146205843,43.86905021930877,mapped_watch,mapped_only_needs_news_confirmation
AI Infrastructure,GOOGL,0,0,0,,0,adopter,55.0,14,39.78125,very_high,sustained_narrative,55,9,0.35,0.55,Alphabet Inc. Class A Common Stock,Technology,Computer Software: Programming Data Processing,10.801074650107466,29.190976424180825,14.16586043636583,19.387216499935445,extended,32.608695652173914,32.608695652173914,39.130434782608695,32.608695652173914,32.608695652173914,39.130434782608695,55.0,64.2670661272026,41.34005991908039,mapped_watch,mapped_only_needs_news_confirmation;price_risk
AI Infrastructure,META,0,0,0,,0,adopter,55.0,14,39.78125,very_high,sustained_narrative,55,9,0.35,0.55,Meta Platforms Inc. Class A Common Stock,Technology,Computer Software: Programming Data Processing,-10.308489635870131,5.080972608634515,-12.873998133729591,-4.722787315610865,neutral,32.608695652173914,32.608695652173914,39.130434782608695,32.608695652173914,32.608695652173914,39.130434782608695,55.0,47.74606193010166,38.86190928951525,mapped_watch,mapped_only_needs_news_confirmation
AI Infrastructure,NVDA,7,3,9,Nvidia Loses China AI GPU Share as Huawei Gains | NVIDIA Broadens AI Reach Into Quantum Nuclear Power And Healthcare Robotics | Axe Compute Inc. (NASDAQ: AGPU) CEO Chris Miglino to Appear on Schwab Network May 4 and Cheddar May 6,0,api_related_news,35.0,14,39.78125,very_high,sustained_narrative,55,9,0.35,0.55,NVIDIA Corporation Common Stock,Technology,Semiconductors,-7.369700985139271,11.157401144065604,9.499115003212854,1.353641219820224,neutral,100.0,100.0,100.0,25.0,25.0,25.0,35.0,54.430133319075864,31.41451999786138,api_related_indirect,normal
AI Infrastructure,SNOW,0,0,0,,0,sympathetic,35.0,14,39.78125,very_high,sustained_narrative,55,9,0.35,0.55,Snowflake Inc. Common Stock,Technology,Computer Software: Prepackaged Software,-0.4138582687953085,-4.960505703505946,-18.05010579597034,-14.764265627751326,lagging,32.608695652173914,32.608695652173914,39.130434782608695,32.608695652173914,32.608695652173914,39.130434782608695,35.0,21.70043578674715,30.955065368012075,mapped_watch,mapped_only_needs_news_confirmation
AI Infrastructure,PLTR,0,0,0,,0,sympathetic,35.0,14,39.78125,very_high,sustained_narrative,55,9,0.35,0.55,Palantir Technologies Inc. Class A Common Stock,Technology,Computer Software: Prepackaged Software,-3.5982340528461276,-7.997016939082435,-13.79528636033628,-17.800776863327815,lagging,32.608695652173914,32.608695652173914,39.130434782608695,32.608695652173914,32.608695652173914,39.130434782608695,35.0,18.360273427613024,30.454041014141954,mapped_watch,mapped_only_needs_news_confirmation
AI Infrastructure,INTC,2,1,2,"AMD Sinks 6% Despite a Holding Pattern in Intel and NVIDIA: The Selective AI Chip Trade Is Here | This Is My Favorite AI Chip Stock (By Far) -- and It's Not Nvidia, Intel, or Broadcom",0,api_related_news,35.0,14,39.78125,very_high,sustained_narrative,55,9,0.35,0.55,,,,28.924992812463746,114.5872434356856,121.25360324298065,104.85631665592118,overheated,86.95652173913044,80.43478260869566,91.30434782608695,21.73913043478261,20.108695652173914,22.82608695652174,35.0,61.0,30.334782608695654,api_related_indirect,normal;price_risk
AI Infrastructure,AMZN,1,1,1,Amazon Stock Ekes Out Gain After Q1 Results Highlight AI Chip Demand,0,api_related_news,35.0,14,39.78125,very_high,sustained_narrative,55,9,0.35,0.55,Amazon.com Inc. Common Stock,Consumer Discretionary,Catalog/Specialty Distribution,5.987673108221658,29.352887205498867,15.3507692701206,19.549127281253487,extended,73.91304347826086,80.43478260869566,82.6086956521739,18.478260869565215,20.108695652173914,20.652173913043477,35.0,64.44516798665245,29.27547085017178,api_related_indirect,normal;price_risk
AI Infrastructure,AMD,1,1,1,What Big Tech Earnings Mean for Nvidia and Other AI Chip Stocks,0,api_related_news,35.0,14,39.78125,very_high,sustained_narrative,55,9,0.35,0.55,Advanced Micro Devices Inc. Common Stock,Technology,Semiconductors,9.56034612586507,60.827503465764664,46.25995805991596,51.02374354151928,overheated,73.91304347826086,80.43478260869566,82.6086956521739,18.478260869565215,20.108695652173914,20.652173913043477,35.0,61.0,28.758695652173913,api_related_indirect,normal;price_risk
AI Infrastructure,GOOG,3,1,0,Cipher Digital Shifts From Bitcoin Mining To AI Infrastructure With Tech Giants | Alphabet Goes All-In on AI Infrastructure With TPU Push | Forget STX’s 13% Pop — Alphabet Is Where AI Infrastructure Investors Should Actually Be,0,api_related_news,35.0,14,39.78125,very_high,sustained_narrative,55,9,0.35,0.55,Alphabet Inc. Class C Capital Stock,Technology,Computer Software: Programming Data Processing,10.443167926596232,28.93569973229708,12.72684361403018,19.1319398080517,extended,93.47826086956522,80.43478260869566,39.130434782608695,23.369565217391305,20.108695652173914,9.782608695652174,35.0,63.98626176613048,28.744678395354356,api_related_indirect,normal;price_risk
AI Infrastructure,OKLO,1,1,1,NVIDIA Broadens AI Reach Into Quantum Nuclear Power And Healthcare Robotics,0,api_related_news,35.0,14,39.78125,very_high,sustained_narrative,55,9,0.35,0.55,,,,,,,,,73.91304347826086,80.43478260869566,82.6086956521739,18.478260869565215,20.108695652173914,20.652173913043477,35.0,50.0,27.10869565217391,api_related_indirect,normal
AI Infrastructure,TSLA,1,1,0,"Auddia Highlights LT350’s AI Infrastructure that Doesn’t Compete for Power, Water, or Land as Large Datacenters Face Restrictions",0,api_related_news,35.0,14,39.78125,very_high,sustained_narrative,55,9,0.35,0.55,Tesla Inc. Common Stock,Industrials,Auto Manufacturing,4.713846769159691,11.5993954263941,-6.686652030822781,1.7956355021487198,neutral,73.91304347826086,80.43478260869566,39.130434782608695,18.478260869565215,20.108695652173914,9.782608695652174,35.0,54.9163270296372,25.672231663141233,api_related_indirect,normal
Ecommerce And Ads,AMZN,4,1,2,"Etsy, Amazon, eBay, and Shopify in April: Why E-Commerce Stocks Diverged So Dramatically | Enopoly Management Calls for Operational Standards in E-Commerce Automation | GameStop makes $56 billion takeover bid for eBay",0,api_related_news,35.0,15,28.09375,low,noise_possible,13,1,1.0,1.0,Amazon.com Inc. Common Stock,Consumer Discretionary,Catalog/Specialty Distribution,5.987673108221658,29.352887205498867,15.3507692701206,19.549127281253487,extended,100.0,100.0,100.0,25.0,25.0,25.0,35.0,64.44516798665245,32.916775197997865,api_related_indirect,normal;price_risk
Memory And HBM,STX,0,0,0,,0,pure_play,100.0,16,18.03125,low,noise_possible,7,2,0.6,0.6,,,,33.415362858902895,70.42025930988127,74.11690452104797,60.68933253011683,overheated,47.05882352941176,47.05882352941176,47.05882352941176,47.05882352941176,47.05882352941176,47.05882352941176,100.0,61.0,57.938235294117646,mapped_pure_play_watch,mapped_only_needs_news_confirmation;price_risk
Memory And HBM,WDC,0,0,0,,0,pure_play,100.0,16,18.03125,low,noise_possible,7,2,0.6,0.6,,,,21.48264590273463,56.168007523689376,63.73082612580598,46.43708074392494,overheated,47.05882352941176,47.05882352941176,47.05882352941176,47.05882352941176,47.05882352941176,47.05882352941176,100.0,61.0,57.938235294117646,mapped_pure_play_watch,mapped_only_needs_news_confirmation;price_risk
Memory And HBM,AMD,0,0,0,,0,enabler,80.0,16,18.03125,low,noise_possible,7,2,0.6,0.6,Advanced Micro Devices Inc. Common Stock,Technology,Semiconductors,9.56034612586507,60.827503465764664,46.25995805991596,51.02374354151928,overheated,47.05882352941176,47.05882352941176,47.05882352941176,47.05882352941176,47.05882352941176,47.05882352941176,80.0,61.0,53.938235294117646,mapped_watch,mapped_only_needs_news_confirmation;price_risk
Memory And HBM,AVGO,0,0,0,,0,enabler,80.0,16,18.03125,low,noise_possible,7,2,0.6,0.6,Broadcom Inc. Common Stock,Technology,Semiconductors,7.0967663639384115,36.18452327917756,33.95662841540488,26.38076335493218,overheated,47.05882352941176,47.05882352941176,47.05882352941176,47.05882352941176,47.05882352941176,47.05882352941176,80.0,56.95996766769902,53.3322304442725,mapped_watch,mapped_only_needs_news_confirmation;price_risk
Memory And HBM,ASML,0,0,0,,0,enabler,80.0,16,18.03125,low,noise_possible,7,2,0.6,0.6,ASML Holding N.V. New York Registry Shares,Technology,Industrial Machinery/Components,4.504679643910459,11.20240341460046,4.020623957830294,1.398643490355079,neutral,47.05882352941176,47.05882352941176,47.05882352941176,47.05882352941176,47.05882352941176,47.05882352941176,80.0,54.47963581666421,52.960180666617276,mapped_watch,mapped_only_needs_news_confirmation
Memory And HBM,NVDA,0,0,0,,0,enabler,80.0,16,18.03125,low,noise_possible,7,2,0.6,0.6,NVIDIA Corporation Common Stock,Technology,Semiconductors,-7.369700985139271,11.157401144065604,9.499115003212854,1.353641219820224,neutral,47.05882352941176,47.05882352941176,47.05882352941176,47.05882352941176,47.05882352941176,47.05882352941176,80.0,54.430133319075864,52.95275529197903,mapped_watch,mapped_only_needs_news_confirmation
Memory And HBM,TSM,0,0,0,,0,enabler,80.0,16,18.03125,low,noise_possible,7,2,0.6,0.6,Taiwan Semiconductor Manufacturing Company Ltd.,Technology,Semiconductors,1.2399934444066174,16.22336587731963,18.637150756972364,6.4196059530742495,extended,47.05882352941176,47.05882352941176,47.05882352941176,47.05882352941176,47.05882352941176,47.05882352941176,80.0,50.002694525655286,52.28863947296594,mapped_watch,mapped_only_needs_news_confirmation;price_risk
Memory And HBM,AMZN,0,0,0,,0,adopter,55.0,16,18.03125,low,noise_possible,7,2,0.6,0.6,Amazon.com Inc. Common Stock,Consumer Discretionary,Catalog/Specialty Distribution,5.987673108221658,29.352887205498867,15.3507692701206,19.549127281253487,extended,47.05882352941176,47.05882352941176,47.05882352941176,47.05882352941176,47.05882352941176,47.05882352941176,55.0,64.44516798665245,49.45501049211551,mapped_watch,mapped_only_needs_news_confirmation;price_risk
Memory And HBM,GOOGL,0,0,0,,0,adopter,55.0,16,18.03125,low,noise_possible,7,2,0.6,0.6,Alphabet Inc. Class A Common Stock,Technology,Computer Software: Programming Data Processing,10.801074650107466,29.190976424180825,14.16586043636583,19.387216499935445,extended,47.05882352941176,47.05882352941176,47.05882352941176,47.05882352941176,47.05882352941176,47.05882352941176,55.0,64.2670661272026,49.42829521319804,mapped_watch,mapped_only_needs_news_confirmation;price_risk
Memory And HBM,GOOG,0,0,0,,0,adopter,55.0,16,18.03125,low,noise_possible,7,2,0.6,0.6,Alphabet Inc. Class C Capital Stock,Technology,Computer Software: Programming Data Processing,10.443167926596232,28.93569973229708,12.72684361403018,19.1319398080517,extended,47.05882352941176,47.05882352941176,47.05882352941176,47.05882352941176,47.05882352941176,47.05882352941176,55.0,63.98626176613048,49.38617455903722,mapped_watch,mapped_only_needs_news_confirmation;price_risk
Memory And HBM,MSFT,0,0,0,,0,adopter,55.0,16,18.03125,low,noise_possible,7,2,0.6,0.6,Microsoft Corporation Common Stock,Technology,Computer Software: Prepackaged Software,-4.591727770548193,9.831582059121336,-0.1787955885236392,0.0278221348759544,neutral,47.05882352941176,47.05882352941176,47.05882352941176,47.05882352941176,47.05882352941176,47.05882352941176,55.0,52.97173232563716,47.733995142963224,mapped_watch,mapped_only_needs_news_confirmation
Memory And HBM,META,0,0,0,,0,adopter,55.0,16,18.03125,low,noise_possible,7,2,0.6,0.6,Meta Platforms Inc. Class A Common Stock,Technology,Computer Software: Programming Data Processing,-10.308489635870131,5.080972608634515,-12.873998133729591,-4.722787315610865,neutral,47.05882352941176,47.05882352941176,47.05882352941176,47.05882352941176,47.05882352941176,47.05882352941176,55.0,47.74606193010166,46.9501445836329,mapped_watch,mapped_only_needs_news_confirmation
Memory And HBM,LRCX,0,0,0,,0,sympathetic,35.0,16,18.03125,low,noise_possible,7,2,0.6,0.6,,,,10.750628818455388,26.099618284766834,21.065692864618725,16.368691505002396,extended,47.05882352941176,47.05882352941176,47.05882352941176,47.05882352941176,47.05882352941176,47.05882352941176,35.0,60.924838689431965,44.92696109753244,mapped_watch,mapped_only_needs_news_confirmation;price_risk
Memory And HBM,KLAC,0,0,0,,0,sympathetic,35.0,16,18.03125,low,noise_possible,7,2,0.6,0.6,,,,-2.874840695260339,14.084184965138393,29.782078241701004,4.353258185373953,neutral,47.05882352941176,47.05882352941176,47.05882352941176,47.05882352941176,47.05882352941176,47.05882352941176,35.0,57.70786203784068,44.444414599793745,mapped_watch,mapped_only_needs_news_confirmation
Memory And HBM,AMAT,0,0,0,,0,sympathetic,35.0,16,18.03125,low,noise_possible,7,2,0.6,0.6,,,,7.740547646052143,16.4454628317668,29.011852522904015,6.714536052002362,extended,47.05882352941176,47.05882352941176,47.05882352941176,47.05882352941176,47.05882352941176,47.05882352941176,35.0,50.30526769113193,43.33402544778744,mapped_watch,mapped_only_needs_news_confirmation;price_risk
Memory And HBM,MU,2,1,2,"Micron Rides AI Memory Boom As Tight Supply Shifts Pricing Power | There Is Optimism Around Micron Technology’s HBM Business, Here Is What You Should Know?",0,api_related_news,35.0,16,18.03125,low,noise_possible,7,2,0.6,0.6,Micron Technology Inc. Common Stock,Technology,Semiconductors,27.902593561407784,70.74332468388585,53.841058653024554,60.93956475964046,overheated,97.05882352941177,97.05882352941177,97.05882352941177,24.264705882352942,24.264705882352942,24.264705882352942,35.0,61.0,31.922058823529408,api_related_indirect,normal;price_risk
Memory And HBM,AAPL,2,1,2,"Apple Warns the Memory Shortage Is Getting Worse. Experts Say It Could Drive Up Prices | Apple's iPhone sales lift stock, but global memory shortage and supply constraints to hit margins",0,api_related_news,35.0,16,18.03125,low,noise_possible,7,2,0.6,0.6,,,,3.416940745437902,8.151126978879851,3.986175120430979,-1.5797998008845866,neutral,97.05882352941177,97.05882352941177,97.05882352941177,24.264705882352942,24.264705882352942,24.264705882352942,35.0,51.18149825295629,30.449283561472853,api_related_indirect,normal
