ticker,source_type,source,title,url,published_at,engagement,relevance_score,tone,positive_hits,negative_hits,succession_governance,operating_earnings,cash_treasury_float,insurance_geico,buybacks_capital_allocation,apple_portfolio,railroad_energy_industrial,valuation_defensive,market_macro_rates,tax_accounting_noise
BRK-B,reddit_post,stocks,Berkshire releases Q1 Earnings - Operating earnings up 18% and repurchases ~$209M of Class B shares,https://www.reddit.com/r/stocks/comments/1t1p5gi/berkshire_releases_q1_earnings_operating_earnings/,2026-05-02 12:55:50+00:00,62.0,14,positive,1,0,2,5,1,0,1,0,0,0,0,0
BRK-B,reddit_post,ValueInvesting,Berkshire Hathaway Annual Meeting Schedule - It's today!,https://www.reddit.com/r/ValueInvesting/comments/1t1mluf/berkshire_hathaway_annual_meeting_schedule_its/,2026-05-02 10:50:54+00:00,5.0,7,neutral,0,0,1,0,0,0,0,0,0,0,0,0
BRK-B,reddit_post,ValueInvesting,"Sneakers, Chocolate, and a Greg Abel Doll: Berkshire Shopping Day Is a Hit With Shareholders - Barron’s",https://www.reddit.com/r/ValueInvesting/comments/1t1f0ll/sneakers_chocolate_and_a_greg_abel_doll_berkshire/,2026-05-02 03:49:30+00:00,15.0,14,neutral,1,1,6,2,0,1,0,0,0,0,1,0
BRK-B,reddit_post,ValueInvesting,"BRK.B, MKL, FRFHF, WTM value plays",https://www.reddit.com/r/ValueInvesting/comments/1t183cg/brkb_mkl_frfhf_wtm_value_plays/,2026-05-01 22:31:10+00:00,23.0,11,neutral,0,0,1,1,0,1,0,0,0,0,1,0
BRK-B,finnhub_news,Yahoo,"Stock Market Today: Nasdaq, S&P Make History; Buffett's Berkshire Reports Earnings Saturday (Live Coverage)",https://finnhub.io/api/news?id=bde84f1c7728bce7cb14424aa74c5e4a265e990f19b598579cd5db28f08299d8,2026-05-01 20:27:25+00:00,,5,neutral,0,0,0,1,0,0,0,0,0,0,1,0
BRK-B,finnhub_news,CNBC,Watch CNBC's full interview with Berkshire CEO Greg Abel,https://finnhub.io/api/news?id=aeae69c4dd808e4615d9970dc28f1c4c2adcba8b3844fe07322c1d5f2ee37547,2026-05-01 13:02:40+00:00,,8,negative,0,1,2,0,0,0,0,1,0,0,1,0
BRK-B,finnhub_news,Benzinga,Warren Buffett Won't Be The Central Figure At Saturday's Berkshire Hathaway Annual Meeting: Will Investors Warm Up To Greg Abel?,https://finnhub.io/api/news?id=45cd99705ea9e75ce8201cc85330809fd9901122510cae3b965b3cd578fb92c3,2026-05-01 10:26:52+00:00,,12,neutral,0,0,4,0,0,0,0,0,0,0,0,0
BRK-B,reddit_post,ValueInvesting,the Berkshire Hathaway Annual Shareholder Meeting,https://www.reddit.com/r/ValueInvesting/comments/1syquew/the_berkshire_hathaway_annual_shareholder_meeting/,2026-04-29 06:38:32+00:00,4.0,11,neutral,0,0,4,0,0,0,0,0,0,0,0,0
BRK-B,finnhub_news,Yahoo,Warren Buffett Found Plenty of Stock Buys Over the Years. Right Now His Company Looks Like One.,https://finnhub.io/api/news?id=f71e10baca27183151623b2baf5c40da46e0be5acd8151407c826297c981fdf1,2026-04-24 07:00:00+00:00,,7,neutral,0,0,1,0,0,0,0,0,0,0,1,0
BRK-B,finnhub_news,Yahoo,Is Apple (AAPL) One Of The Best Warren Buffett Stocks?,https://finnhub.io/api/news?id=90b058c2e31e6396fa977b6df743b5717161edd3769f582354a89f30054f101a,2026-04-23 17:01:39+00:00,,5,neutral,0,0,1,1,0,0,0,2,0,0,0,0
BRK-B,finnhub_news,Yahoo,Berkshire Hathaway Is Selling Down These 4 Positions. Here’s What That Means for Investors,https://finnhub.io/api/news?id=685fba2702b7858fe07a9919d946678ca19f32cea81f70c7e8b1ef69f05d2c43,2026-04-22 20:06:55+00:00,,5,negative,0,1,0,1,0,0,0,1,0,0,0,0
BRK-B,finnhub_news,SeekingAlpha,The Oracle Of OMAH Wins Round One Vs. Berkshire Hathaway,https://finnhub.io/api/news?id=4c23939516df7c2c472d38bca0192c752e536c35da2a4d8c6537c0954e947ad0,2026-04-22 17:16:37+00:00,,7,neutral,0,0,0,0,0,0,0,1,0,0,0,0
BRK-B,reddit_post,ValueInvesting,[Week 16 - 1980] Discussing A Berkshire Hathaway Shareholder Letter (Almost) Every Week,https://www.reddit.com/r/ValueInvesting/comments/1sq2mzp/week_16_1980_discussing_a_berkshire_hathaway/,2026-04-19 19:31:20+00:00,13.0,16,positive,5,1,2,4,2,3,4,3,1,0,3,2
BRK-B,reddit_post,ValueInvesting,Berkshire May Have Sold $15 Billion of Stocks Run by Former Manager - Barron’s,https://www.reddit.com/r/ValueInvesting/comments/1spqamw/berkshire_may_have_sold_15_billion_of_stocks_run/,2026-04-19 11:22:14+00:00,81.0,12,neutral,1,1,4,2,0,0,0,8,0,0,1,0
BRK-B,reddit_post,ValueInvesting,Over the past 12 months BRK.B has underperformed the S&amp;P500 index by 45%.,https://www.reddit.com/r/ValueInvesting/comments/1spo0gy/over_the_past_12_months_brkb_has_underperformed/,2026-04-19 09:12:10+00:00,534.0,7,neutral,0,0,0,0,0,0,0,0,0,0,0,0
BRK-B,reddit_post,ValueInvesting,1970 lettera Berkshire Hathaway,https://www.reddit.com/r/ValueInvesting/comments/1spkm26/1970_lettera_berkshire_hathaway/,2026-04-19 05:57:48+00:00,2.0,7,positive,1,0,1,0,0,0,0,0,0,0,0,0
BRK-B,reddit_post,ValueInvesting,Greg Abel Has Been Leading Berkshire for 100 Days. Things Are Already Changing - WSJ,https://www.reddit.com/r/ValueInvesting/comments/1sopvbv/greg_abel_has_been_leading_berkshire_for_100_days/,2026-04-18 06:28:34+00:00,304.0,22,positive,2,1,7,0,2,1,2,9,5,0,1,0
BRK-B,reddit_post,ValueInvesting,1969 Lettera Buffett Partnership,https://www.reddit.com/r/ValueInvesting/comments/1snrs60/1969_lettera_buffett_partnership/,2026-04-17 05:29:41+00:00,1.0,7,neutral,0,0,1,0,0,0,0,0,0,0,0,0
BRK-B,finnhub_news,SeekingAlpha,Berkshire Hathaway: The Fortress Has Become A Waiting Room,https://finnhub.io/api/news?id=cb818056f6870c8396637919fd104ce73d2f29f61a68a98ce9bfd8a5771fa26a,2026-04-15 17:02:54+00:00,,11,neutral,0,0,1,1,1,0,0,0,0,0,0,0
BRK-B,finnhub_news,Yahoo,Is Warren Buffett Invested in McDonald’s?,https://finnhub.io/api/news?id=0dd13e71a4b14c811739348b7228252ef8de17364f5dfec676344859e58bf8be,2026-04-10 16:56:08+00:00,,6,neutral,0,0,1,0,0,0,0,0,0,0,0,0
BRK-B,reddit_post,ValueInvesting,Exiting my hot AI stock ($FIX) and buying more CSU and BRK.B.,https://www.reddit.com/r/ValueInvesting/comments/1shf8wg/exiting_my_hot_ai_stock_fix_and_buying_more_csu/,2026-04-10 07:06:17+00:00,89.0,7,positive,4,3,0,0,0,0,1,0,0,0,3,1
BRK-B,finnhub_news,Yahoo,Buffett Regrets Apple Sale As Berkshire Rethinks Stakes And Insurance Risk,https://finnhub.io/api/news?id=218e548b05e6f061ee69c9b235c43ed1538661cc52a823b0e10591c91b081839,2026-04-08 14:05:33+00:00,,12,negative,0,1,2,0,0,1,1,1,0,0,0,0
BRK-B,finnhub_news,Yahoo,3 Reasons This Warren Buffett Favorite AI Stock Could Soar Over the Next 10 Years,https://finnhub.io/api/news?id=8743a689c18d6fecc1ca61609fcc31ed85c5ff969898caaeea8e7aa8e9db6080,2026-04-07 16:22:00+00:00,,6,neutral,0,0,1,0,0,0,0,0,0,0,0,0
BRK-B,finnhub_news,Yahoo,"Billionaire Warren Buffett Says He Sold His Favorite Stock ""Too Soon."" Should Investors Back Up the Truck?",https://finnhub.io/api/news?id=61f2281c1d8734c286762cbdefa865884649c750df0b649cc34ce6f3936f5389,2026-04-07 13:20:00+00:00,,6,neutral,0,0,2,0,0,0,0,0,0,0,0,0
BRK-B,finnhub_news,Yahoo,"Warren Buffett says he sold Apple stock too soon and would like to buy more of it, 'but not in this market'",https://finnhub.io/api/news?id=02e85ec9ad2c3b06e61124e4c0c434cc91c052e8c01e45011f5dd0931c069235,2026-04-07 12:05:00+00:00,,8,positive,1,0,2,0,0,0,0,1,0,0,1,0
BRK-B,reddit_post,stocks,Warren Buffett bought 4 stocks in his last 13F. Only Dominos ($DPZ $380.77) is below his entry price,https://www.reddit.com/r/stocks/comments/1setd6g/warren_buffett_bought_4_stocks_in_his_last_13f/,2026-04-07 11:33:45+00:00,222.0,9,neutral,0,0,1,0,0,0,0,1,0,1,0,0
BRK-B,reddit_post,ValueInvesting,[Week 15 - 1979] Discussing A Berkshire Hathaway Shareholder Letter (Almost) Every Week,https://www.reddit.com/r/ValueInvesting/comments/1se1v2e/week_15_1979_discussing_a_berkshire_hathaway/,2026-04-06 15:20:16+00:00,10.0,11,neutral,3,3,1,3,2,1,2,1,0,4,3,4
BRK-B,reddit_post,ValueInvesting,Berkshire vs S&amp;P 500,https://www.reddit.com/r/ValueInvesting/comments/1sce29q/berkshire_vs_sp_500/,2026-04-04 16:44:02+00:00,179.0,8,neutral,0,0,0,0,1,0,1,1,0,0,1,0
BRK-B,finnhub_news,Yahoo,Warren Buffett Says He'd Buy 'A Whole Lot' Of Apple If It Gets Cheaper— And He's Not Losing Sleep Over Cashing Out $100 Billion Stake,https://finnhub.io/api/news?id=cac7a4b2187b43ae5aeed92ca67754bbf1fb471b0dc7059e59777140f627aff4,2026-04-02 18:01:08+00:00,,7,neutral,1,1,2,0,0,0,0,2,0,0,0,0
BRK-B,reddit_post,ValueInvesting,Only Berkshire makes sense in this market,https://www.reddit.com/r/ValueInvesting/comments/1samnt5/only_berkshire_makes_sense_in_this_market/,2026-04-02 16:45:20+00:00,321.0,10,positive,2,0,1,0,2,0,2,0,0,0,2,0
BRK-B,reddit_post,ValueInvesting,Berkshire Hathaway is getting ready to sell more Japanese Yen bonds - SEC filing draft prospectus,https://www.reddit.com/r/ValueInvesting/comments/1saiz59/berkshire_hathaway_is_getting_ready_to_sell_more/,2026-04-02 14:29:53+00:00,37.0,5,negative,0,1,0,1,0,0,0,0,0,0,0,0
BRK-B,reddit_post,ValueInvesting,Warren Buffett Still Places Trades at Berkshire Hathaway After Greg Abel's Appointment as CEO,https://www.reddit.com/r/ValueInvesting/comments/1sag72y/warren_buffett_still_places_trades_at_berkshire/,2026-04-02 12:36:34+00:00,384.0,9,neutral,0,0,3,0,0,0,0,0,0,0,0,0
BRK-B,finnhub_news,Benzinga,"Warren Buffett, Dan Ives Bet On The Same 3 Stocks — Some Might Surprise You",https://finnhub.io/api/news?id=a6da69deade0e5c76c39974470799007d915b0dc6fe46a4cc960b9146b83d0cc,2026-04-01 17:30:55+00:00,,6,neutral,0,0,1,0,0,0,0,0,0,0,0,0
BRK-B,reddit_post,stocks,Buffett is waiting for the crash of the century,https://www.reddit.com/r/stocks/comments/1s9mkkw/buffett_is_waiting_for_the_crash_of_the_century/,2026-04-01 14:44:27+00:00,79.0,9,negative,0,3,1,0,1,0,0,0,0,0,1,0
BRK-B,reddit_post,ValueInvesting,"Warren Buffett says he sold Apple too soon and would buy more of it, though not in this market",https://www.reddit.com/r/ValueInvesting/comments/1s8xu01/warren_buffett_says_he_sold_apple_too_soon_and/,2026-03-31 19:42:36+00:00,338.0,5,positive,1,0,1,0,0,0,0,1,0,0,1,0
BRK-B,reddit_post,stocks,"Warren Buffett says he sold Apple too soon and would buy more of it, though not in this market",https://www.reddit.com/r/stocks/comments/1s8pymc/warren_buffett_says_he_sold_apple_too_soon_and/,2026-03-31 15:03:28+00:00,193.0,10,positive,1,0,1,0,0,0,0,2,1,0,1,0
BRK-B,finnhub_news,Yahoo,Warren Buffett Sees Little to Buy in the Stock Market After This Year’s Drop,https://finnhub.io/api/news?id=45c37877ba14870c5accc3263506b1a81ec452665b20e750a9ecdd0eed2f186c,2026-03-31 13:22:00+00:00,,7,negative,1,2,2,0,0,0,0,0,0,0,1,0
BRK-B,finnhub_news,Yahoo,Buffett on Apple sale: ‘I sold it too soon’,https://finnhub.io/api/news?id=2cce5d2e4c427d46583f608ddf4696eb67fd4a219ba7172c6fb7eac14f97de6a,2026-03-31 13:02:03+00:00,,7,neutral,0,0,2,0,0,0,0,1,0,0,0,0
BRK-B,finnhub_news,Yahoo,Warren Buffett’s Energy Picks Soared as Berkshire Hathaway Had 8 Straight Losing Sessions,https://finnhub.io/api/news?id=f3defff9bdcae4ad49ae62b3fef25dd834f81f5639684baf291a9d56b1f2e36e,2026-03-31 11:45:15+00:00,,10,neutral,0,0,1,0,0,0,0,0,1,0,0,0
BRK-B,finnhub_news,CNBC,"Warren Buffett says he sold Apple too soon and would buy more of it, though not in this market ",https://finnhub.io/api/news?id=2b9aa27126e6e7044d7c2375f33a4bb1ac5164e40e040fd80b442ce5709700d5,2026-03-31 08:54:26+00:00,,8,positive,1,0,1,0,0,0,0,2,0,0,1,0
BRK-B,finnhub_news,CNBC,Warren Buffett on Apple: I sold too soon,https://finnhub.io/api/news?id=00f49139aa4cb3925bcf842608f5d742760bcc3a0f8a3f398f740bd6e88500ce,2026-03-31 08:27:43+00:00,,10,neutral,0,0,4,0,0,0,0,1,0,0,1,0
BRK-B,reddit_post,ValueInvesting,[Week 14 - 1978] Discussing A Berkshire Hathaway Shareholder Letter (Almost) Every Week,https://www.reddit.com/r/ValueInvesting/comments/1s70spc/week_14_1978_discussing_a_berkshire_hathaway/,2026-03-29 17:11:12+00:00,8.0,11,positive,4,0,1,3,1,2,2,1,1,2,2,3
BRK-B,finnhub_news,Yahoo,Buffett’s Zurich Acolyte Says Odds of Beating Market Keep Fading,https://finnhub.io/api/news?id=e40d9226c14e52e9b857060dbdbf3ecc852b679e1a5fda5351ab15df4af8e4e8,2026-03-28 08:30:00+00:00,,8,neutral,0,0,1,0,0,0,0,0,0,0,1,0
BRK-B,finnhub_news,Yahoo,"Warren Buffett and Greg Abel Spent $78 Billion Buying This Stock Since 2018 -- That's More Than Was Spent Buying Apple, Chevron, Bank of America, and Occidental Petroleum, Combined!",https://finnhub.io/api/news?id=f1ae70509411c7884a603c92aa48b775c326e43782709026cd2479e37e37f6f9,2026-03-26 08:26:00+00:00,,6,neutral,0,0,3,0,0,0,0,4,0,0,0,0
BRK-B,reddit_post,investing,BRKB continues Warren Buffett's legacy of investments in both Japanese companies and the insurance business.,https://www.reddit.com/r/investing/comments/1s3iama/brkb_continues_warren_buffetts_legacy_of/,2026-03-25 18:03:52+00:00,12.0,7,neutral,0,0,1,0,0,2,0,2,0,0,0,0
BRK-B,finnhub_news,Yahoo,"Down 23%, is this Warren Buffett dividend stock undervalued?",https://finnhub.io/api/news?id=20c1cff2dcc4e3df21c2806d989099811c4be0d30bd498d7171f6386a5dead92,2026-03-23 18:03:00+00:00,,5,neutral,0,0,1,0,0,0,1,2,0,0,0,0
BRK-B,reddit_post,ValueInvesting,Berkshire Hathaway to take $1.8bn stake in Tokio Marine - Financial Times,https://www.reddit.com/r/ValueInvesting/comments/1s1e8y3/berkshire_hathaway_to_take_18bn_stake_in_tokio/,2026-03-23 11:28:56+00:00,100.0,13,positive,3,0,2,0,2,1,1,2,1,0,1,0
BRK-B,reddit_post,ValueInvesting,Opinion: Warren Buffett’s parting gift to Berkshire Hathaway: a $2 billion Iran oil windfall -MarketWatch,https://www.reddit.com/r/ValueInvesting/comments/1s09a6c/opinion_warren_buffetts_parting_gift_to_berkshire/,2026-03-22 01:55:10+00:00,257.0,11,positive,4,1,2,1,0,1,1,2,1,0,3,0
BRK-B,reddit_post,ValueInvesting,[Week 13 - 1977] Discussing A Berkshire Hathaway Shareholder Letter (Almost) Every Week,https://www.reddit.com/r/ValueInvesting/comments/1rze0ow/week_13_1977_discussing_a_berkshire_hathaway/,2026-03-21 01:02:59+00:00,9.0,14,positive,6,0,0,5,0,2,1,0,1,1,0,0
BRK-B,finnhub_news,Yahoo,Warren Buffett Bought 8 Million Shares of This Oil Giant and $100 Oil Proves Him Right,https://finnhub.io/api/news?id=d9e71df2a0cc383f6666907fa5590b1f3eefd5794647f880a542c30d4c230f32,2026-03-20 21:25:00+00:00,,8,neutral,0,0,1,0,0,0,0,2,1,0,0,0
BRK-B,finnhub_news,Benzinga,"Warren Buffett, Markwayne Mullin Bet On The Same 10 Stocks – Some Might Surprise You",https://finnhub.io/api/news?id=90f8585eb24b5b74e4fd0815f0c88e617adceff590d25fb6e63903a8ffa8a780,2026-03-19 12:06:19+00:00,,6,neutral,0,0,1,0,0,0,0,0,0,0,0,0
BRK-B,finnhub_news,SeekingAlpha,"Berkshire's Abel Shows Actions Speak Louder Than Words, But The Nuances Matter",https://finnhub.io/api/news?id=f71a3e1d302c23e26af2f185d8a2d175e6fc8437e25eecd96ae0cd31f28417a3,2026-03-19 08:30:00+00:00,,6,positive,1,0,1,0,0,0,0,0,0,0,0,0
BRK-B,finnhub_news,Yahoo,Amazon or Meta: Which Recent Bill Ackman Buy Has More Upside?,https://finnhub.io/api/news?id=92e168365f7bb5f107514f7b0ee0cbe240b4ff3ae1f27d6e66ce4a294146a893,2026-03-18 15:43:27+00:00,,9,positive,1,0,1,0,0,0,0,0,0,0,0,0
BRK-B,finnhub_news,Yahoo,Did Warren Buffett Know Something Wall Street Doesn't? The Former Berkshire Hathaway CEO Left a $373 Billion Warning for the Stock Market.,https://finnhub.io/api/news?id=60bb1e5e0a30be4938145e77d44f1eecffdd5595e3a8607b8508ef0e53377e0b,2026-03-15 19:20:00+00:00,,7,positive,1,0,2,0,0,0,0,0,0,0,1,0
BRK-B,finnhub_news,Yahoo,"Warren Buffett returned 6,000,000% plus for investors over 60 years. Here are his 5 biggest wins and what to learn",https://finnhub.io/api/news?id=68026b8171a585c8f7037f94bf3c2f1815b93c581c728e0a3a8da4de81a2333a,2026-03-15 09:45:00+00:00,,7,neutral,0,0,2,0,0,0,0,0,0,0,1,0
BRK-B,finnhub_news,Yahoo,Alphabet vs. American Express: Which Warren Buffett Stock Is a Better Buy?,https://finnhub.io/api/news?id=23df0e677de8519be151c5ef1d426f42a5eef89e901638cccfb63c6a75f16a0c,2026-03-14 16:22:00+00:00,,7,positive,2,0,1,0,0,0,0,2,0,0,0,0
BRK-B,finnhub_news,CNBC,Warren Buffett: Cash is necessary 'like oxygen'—but it's 'not a good asset' ,https://finnhub.io/api/news?id=d1e58cf61173f941d24746e88f64363fc22b7c4b654aa57895e4a31794a3a5cd,2026-03-12 13:25:46+00:00,,7,positive,1,0,2,0,1,0,0,0,0,0,0,0
BRK-B,finnhub_news,Yahoo,Warren Buffett Just Did Something He Almost Never Does — and It’s a Signal Retirees Shouldn’t Ignore,https://finnhub.io/api/news?id=2a28db7802ac06c8ca79280ef34c928eaa85c3185bf00e63b78567d6d5ebb8f3,2026-03-09 13:52:23+00:00,,10,neutral,0,0,1,0,0,0,0,3,0,0,0,0
BRK-B,finnhub_news,Yahoo,5 Dividend Stocks Are 60% of Berkshire Hathaway After Buffett’s Q4 Selling Spree,https://finnhub.io/api/news?id=7dc512f24e49ab2ee483ffc6d0b65c426b0e9322ae48e6982908af8d8183303d,2026-03-09 12:18:08+00:00,,7,neutral,0,0,2,0,0,0,1,0,0,0,0,0
BRK-B,reddit_post,ValueInvesting,"To justify a $1.5 trillion market cap after its IPO, SpaceX would need to earn more than Berkshire Hathaway. Here’s why that’s so unlikely",https://www.reddit.com/r/ValueInvesting/comments/1rosv5c/to_justify_a_15_trillion_market_cap_after_its_ipo/,2026-03-09 06:38:18+00:00,378.0,5,neutral,0,0,0,0,0,0,0,0,0,0,1,0
BRK-B,finnhub_news,Yahoo,Warren Buffett's Final Top 10 Stock Holdings: Which Ones Will Greg Abel Likely Sell?,https://finnhub.io/api/news?id=f1a15898a722371522fe38f52fff9ea2e5c32c62013c15a02061c6205084657e,2026-03-08 11:31:15+00:00,,13,negative,0,1,3,1,0,0,0,2,0,0,0,0
BRK-B,finnhub_news,CNBC,"Berkshire CEO Greg Abel on working with Buffett, Kraft Heinz and using all his salary to buy the stock",https://finnhub.io/api/news?id=b83fd35d6b721b3f8a92bb400a289f08a7e5a7b5b1784cbb4751caef59871614,2026-03-07 08:31:42+00:00,,6,positive,1,0,2,0,0,0,0,0,0,0,0,0
BRK-B,reddit_post,ValueInvesting,"Berkshire Hathaway Holds $373,000,000,000 in Cash – And the New CEO Is Buying More of This Stock",https://www.reddit.com/r/ValueInvesting/comments/1rmvlm2/berkshire_hathaway_holds_373000000000_in_cash_and/,2026-03-07 00:47:00+00:00,51.0,6,neutral,0,0,1,0,1,0,0,0,0,0,0,0
BRK-B,finnhub_news,Yahoo,Greg Abel Is Now Running Berkshire. Here Are the 3 Moves That Will Define His Era,https://finnhub.io/api/news?id=81463cac6faea80ca7d269f43e81e277fd0e04b0a633954b24039e4ab79a255a,2026-03-06 14:15:59+00:00,,10,neutral,0,0,1,0,2,0,0,0,0,0,0,0
BRK-B,finnhub_news,Yahoo,Berkshire Is Sitting On $819 Million Or More in Google Gains — So Why Won't The New Boss Talk About It?,https://finnhub.io/api/news?id=92424def045ea0e7c7402d70637bb05616b25a634986565b6569e4ec8a1b4f0d,2026-03-05 21:30:25+00:00,,8,neutral,0,0,2,1,0,0,0,2,0,0,0,0
BRK-B,reddit_post,ValueInvesting,"Berkshire Hathaway begins repurchasing shares, CEO Greg Abel buys $15 million in stock",https://www.reddit.com/r/ValueInvesting/comments/1rlqjzj/berkshire_hathaway_begins_repurchasing_shares_ceo/,2026-03-05 19:09:01+00:00,374.0,7,neutral,0,0,2,0,0,0,0,0,0,0,0,0
BRK-B,reddit_post,ValueInvesting,Berkshire’s New CEO Puts His Money—and the Company’s—Where His Mouth Is — Barron’s,https://www.reddit.com/r/ValueInvesting/comments/1rllij8/berkshires_new_ceo_puts_his_moneyand_the/,2026-03-05 16:06:57+00:00,70.0,15,positive,2,1,4,3,3,2,3,2,2,1,1,1
BRK-B,finnhub_news,SeekingAlpha,Amazon: Berkshire Hathaway Q4 Trimming And Capital Lease Accounting In Focus,https://finnhub.io/api/news?id=57378d2b3578498c41fb36ca1cd42e644e8b6d20780ebb8f7c84edceae061727,2026-03-05 15:48:03+00:00,,6,neutral,0,0,0,1,1,0,0,0,0,0,0,1
BRK-B,finnhub_news,Benzinga,Warren Buffett's Final Top 10 Stock Holdings: Which Ones Will Greg Abel Likely Sell?,https://finnhub.io/api/news?id=6b2c8879f92f33de7571a121a423ddc53b9ce98e927c25de50db68eb2ebfc750,2026-03-05 14:04:13+00:00,,9,negative,0,1,3,0,0,0,0,1,0,0,0,0
BRK-B,finnhub_news,Benzinga,Latest AI Model Reads 48 Years Of Warren Buffett Advice And Builds Stock Portfolio For Today's Market — Here Are Top 6 Stock Picks And Performance,https://finnhub.io/api/news?id=4b00f5e1f52f4dcbcfcf6528d8b8734a3d893ab85c362079f540aa1db9e71a83,2026-03-05 11:01:12+00:00,,5,neutral,0,0,1,0,0,0,0,1,0,0,1,0
BRK-B,finnhub_news,CNBC,"Berkshire Hathaway begins repurchasing shares, CEO Greg Abel buys $15 million in stock ",https://finnhub.io/api/news?id=6edcbaf8b79da0c3d866c99b873539a0c95308f68fda157a0f682e095da78605,2026-03-05 07:30:59+00:00,,6,neutral,0,0,3,0,0,0,0,0,0,0,0,0
BRK-B,reddit_post,ValueInvesting,"Is Warren Buffett's strategy becoming obsolete in the AI era, or are we missing the bigger picture?",https://www.reddit.com/r/ValueInvesting/comments/1rlao05/is_warren_buffetts_strategy_becoming_obsolete_in/,2026-03-05 06:53:11+00:00,111.0,6,negative,0,1,1,1,1,0,0,0,0,0,0,1
BRK-B,finnhub_news,Yahoo,Berkshire Hathaway's New CEO Omits Bank of America And Chevron In Letter To Shareholders After Warren Buffett's Exit,https://finnhub.io/api/news?id=407e652626548941cf8b516da58cad965c6937c17fd4d09692fdb837d9c69b02,2026-03-03 21:31:16+00:00,,13,negative,0,1,3,0,0,0,0,6,1,0,0,0
BRK-B,finnhub_news,Benzinga,Berkshire Is Sitting On $819 Million Or More in Google Gains — So Why Won't The New Boss Talk About It?,https://finnhub.io/api/news?id=6eb82f3bd11ba55e417cdba71ed319799f7281e26ed96c6bd705cb645eb1668f,2026-03-03 16:54:27+00:00,,7,neutral,0,0,2,1,0,0,0,0,0,0,0,0
BRK-B,reddit_post,ValueInvesting,At what price is BRK.B a no brainer,https://www.reddit.com/r/ValueInvesting/comments/1rjchl7/at_what_price_is_brkb_a_no_brainer/,2026-03-03 01:58:41+00:00,190.0,10,negative,0,3,1,1,0,0,0,0,0,1,1,0
BRK-B,reddit_post,ValueInvesting,[Week 12 - 1976] Discussing A Berkshire Hathaway Shareholder Letter Every Week,https://www.reddit.com/r/ValueInvesting/comments/1rj2ojj/week_12_1976_discussing_a_berkshire_hathaway/,2026-03-02 19:33:31+00:00,11.0,16,positive,3,1,0,3,2,3,1,2,0,1,2,2
BRK-B,finnhub_news,Yahoo,Berkshire Hathaway’s CEO Suggests These 4 Companies Are Forever Stocks,https://finnhub.io/api/news?id=a864056429d37b76cf8bc7c77ce02862176c78ede0ae9ec7eb14b334e1116288,2026-02-28 21:42:00+00:00,,7,neutral,0,0,2,0,0,0,0,2,0,0,0,0
BRK-B,reddit_post,ValueInvesting,Holdings of BRK.B and VOO and their growth over time,https://www.reddit.com/r/ValueInvesting/comments/1rhel1o/holdings_of_brkb_and_voo_and_their_growth_over/,2026-02-28 21:29:01+00:00,29.0,5,positive,1,0,0,0,0,0,0,1,0,0,0,0
BRK-B,reddit_post,wallstreetbets,"Berkshire Hathaway Q4 2025: Operating earnings fall 29% to $10.2B, insurance profits fall 54% to $1.56B",https://www.reddit.com/r/wallstreetbets/comments/1rh5qe9/berkshire_hathaway_q4_2025_operating_earnings/,2026-02-28 15:40:24+00:00,762.0,15,negative,1,2,4,5,1,2,1,1,0,0,1,2
BRK-B,reddit_post,ValueInvesting,Berkshire Hathaway 2025 Annual Report is out.  Cash pile hits $373.1 billion dollars at the end of December.  Here are some balance sheet comparisons.,https://www.reddit.com/r/ValueInvesting/comments/1rh51js/berkshire_hathaway_2025_annual_report_is_out_cash/,2026-02-28 15:11:41+00:00,68.0,11,neutral,0,0,0,1,4,1,0,0,3,0,0,0
BRK-B,reddit_post,stocks,Berkshire Hathaway releases Q4 earnings. Operating earnings down 30%,https://www.reddit.com/r/stocks/comments/1rh42w4/berkshire_hathaway_releases_q4_earnings_operating/,2026-02-28 14:31:06+00:00,801.0,11,neutral,1,1,0,4,1,2,1,1,0,0,1,1
BRK-B,reddit_post,ValueInvesting,Berkshire Hathaway operating earnings fell nearly 30% in Warren Buffett's final quarter as CEO,https://www.reddit.com/r/ValueInvesting/comments/1rh3el4/berkshire_hathaway_operating_earnings_fell_nearly/,2026-02-28 14:02:02+00:00,137.0,10,neutral,0,0,2,3,0,0,0,0,0,0,0,0
BRK-B,finnhub_news,Benzinga,Greg Abel as Berkshire Earnings Fall: 'Warren Is Obviously a Very Hard Act To Follow',https://finnhub.io/api/news?id=1798f20b90b7c3bb1d5af34f309d900cc63408a32085f09721c8c948d2d04172,2026-02-28 11:59:57+00:00,,10,negative,0,1,2,2,1,0,1,0,0,0,0,0
BRK-B,finnhub_news,Benzinga,"Berkshire Hathaway Misses Projections As Abel Takes The Helm, Operating Earnings Down Nearly 25%",https://finnhub.io/api/news?id=c8c5476f10a10a2f952358dd57415602b03c04a7ac557391e4794284a172c9d7,2026-02-28 10:09:49+00:00,,6,negative,0,1,0,4,0,0,0,0,0,0,0,0
BRK-B,finnhub_news,CNBC,Berkshire CEO Greg Abel vows to keep Buffett's culture of disciplined investing in first annual letter,https://finnhub.io/api/news?id=381e5ae5e0220e8b1d45a5ad9b40f3e895152d77c8b0c03a6d51551da041bd5d,2026-02-28 09:27:52+00:00,,6,neutral,0,0,2,0,0,0,0,0,0,0,0,0
BRK-B,finnhub_news,CNBC,Berkshire Hathaway operating earnings fell nearly 30% in Warren Buffett's final quarter as CEO,https://finnhub.io/api/news?id=623ce1a97db291416982a361fd87b7641a994189b6542db877d9b054494065a3,2026-02-28 08:31:08+00:00,,9,neutral,0,0,2,3,0,0,0,0,0,0,0,0
BRK-B,finnhub_news,Yahoo,"Berkshire Hathaway earnings, February jobs report: What to Watch",https://finnhub.io/api/news?id=99dd5f1d387111a3d7e073a387796d160fb7149c96f062bfdbc208df5623eb71,2026-02-28 00:00:27+00:00,,8,neutral,0,0,0,2,0,0,0,0,0,0,1,0
BRK-B,finnhub_news,Yahoo,A look at Warren Buffett's final moves as Berkshire CEO,https://finnhub.io/api/news?id=b2584054e8a58ad5943b1cf265df76b2ef6f0d178a1970342727666d27e5000b,2026-02-27 16:14:08+00:00,,13,neutral,0,0,3,3,0,0,0,0,0,0,1,0
BRK-B,finnhub_news,Benzinga,Berkshire Hathaway Q4 Preview: Can Greg Abel Step Out From Warren Buffett's Long Shadow?,https://finnhub.io/api/news?id=443b96798260f46ecca1b7e0930ed59f606a88939ac68758efdcdef477ee03ea,2026-02-27 14:23:24+00:00,,9,neutral,0,0,3,1,0,0,0,0,0,0,0,0
BRK-B,finnhub_news,Yahoo,Berkshire Hathaway Shifts As Buffett Exits And Abel Faces New Tests,https://finnhub.io/api/news?id=6d0c3369bdc9c590660425cbe4080da5b142f855abbbe26309d54baf6d27ea77,2026-02-27 04:39:05+00:00,,13,neutral,0,0,3,0,0,1,0,6,0,0,0,0
BRK-B,finnhub_news,Yahoo,This Top Warren Buffett Stock Just Gave Investors 29 Billion Reasons to Cheer,https://finnhub.io/api/news?id=8f0b512a236fe17f51b4d79b30da122abbcb913bbc479b0ac1762279fbd5275b,2026-02-26 17:35:00+00:00,,5,neutral,0,0,1,1,1,0,0,0,0,0,0,0
BRK-B,finnhub_news,Yahoo,One Of Warren Buffett's Last Moves as CEO of Berkshire Hathaway Was Selling the Stock That Made Him Rich,https://finnhub.io/api/news?id=6b83a876c07b07aad30c0ae6d52c9d196e6315e538d1644a3df36b2cf2e58bba,2026-02-26 12:55:00+00:00,,8,neutral,0,0,2,1,0,0,0,1,0,0,0,0
BRK-B,finnhub_news,Benzinga,Warren Buffett's Favorite Soda Is Now More 'Expensive' Than Microsoft,https://finnhub.io/api/news?id=9ad0fc2b7efc11719c25686d17a3d2a30106e40c285b77f7615ad0cf3fe2fd8b,2026-02-26 11:15:11+00:00,,5,negative,0,1,1,0,0,0,0,2,0,2,0,0
BRK-B,reddit_post,ValueInvesting,[Week 11 - 1975] Discussing A Berkshire Hathaway Shareholder Letter Every Week,https://www.reddit.com/r/ValueInvesting/comments/1rcwcy6/week_11_1975_discussing_a_berkshire_hathaway/,2026-02-23 22:36:21+00:00,10.0,9,positive,7,2,1,5,1,3,2,0,1,2,3,0
BRK-B,reddit_post,ValueInvesting,Mohnish Pabrai:  BNSF Value Exceeds Berkshire Hathaway Market Cap,https://www.reddit.com/r/ValueInvesting/comments/1rbcnnv/mohnish_pabrai_bnsf_value_exceeds_berkshire/,2026-02-22 04:46:46+00:00,31.0,11,neutral,0,0,0,1,1,0,0,0,2,1,1,0
BRK-B,finnhub_news,Yahoo,Warren Buffett’s Last Move Was Selling Amazon And Buying This Stock Instead,https://finnhub.io/api/news?id=a32611923066dbf1a2c72ad223410f2aad87fdec37d5d157af58df9b9cae1ae7,2026-02-21 19:07:20+00:00,,7,neutral,0,0,1,1,0,0,0,0,0,0,0,0
BRK-B,finnhub_news,CNBC,Berkshire was a net seller of stocks in Buffett's final quarter as CEO,https://finnhub.io/api/news?id=ebdb98075ad36d823d5961bebfd45693a9711ce410b05d280e319e5581280d30,2026-02-21 09:32:55+00:00,,8,neutral,0,0,2,1,0,0,0,2,0,0,0,0
BRK-B,finnhub_news,Yahoo,Berkshire Hathaway Shifts Portfolio As Greg Abel Succeeds Warren Buffett,https://finnhub.io/api/news?id=7e046b960b87f1f8ed8f893274a1a8e6760d97a22ada8ed32ae201f71d88067c,2026-02-19 22:09:13+00:00,,9,neutral,0,0,3,0,0,0,0,3,0,0,0,0
BRK-B,reddit_post,ValueInvesting,I fed 48 years of Buffett's shareholder letters to Anthropic's latest model Opus 4.6 and had it pick stocks blind,https://www.reddit.com/r/ValueInvesting/comments/1r994rg/i_fed_48_years_of_buffetts_shareholder_letters_to/,2026-02-19 19:41:26+00:00,1981.0,7,positive,1,0,0,3,0,0,0,2,0,0,2,0
BRK-B,finnhub_news,SeekingAlpha,Tracking Warren Buffett's Berkshire Hathaway Portfolio - Q4 2025 Update,https://finnhub.io/api/news?id=75a9a5436cc3e89d0cb9d7ddd2bae82625c9338f1a3b396405fe33538e4e6d2a,2026-02-19 00:41:25+00:00,,6,neutral,0,0,1,0,0,0,0,0,0,0,0,0
BRK-B,finnhub_news,Yahoo,Buffett Goes Out Like a Bear With $5 Billion in 4Q Sales,https://finnhub.io/api/news?id=c3988191d55624eda4d7f0bc8654812cf8fcf7b4b9afa60a42ec2c67798eb4ad,2026-02-18 21:59:30+00:00,,12,negative,0,1,3,1,0,1,0,3,0,0,1,0
BRK-B,finnhub_news,Yahoo,"In a Vote of Confidence for Apple Stock, It Is Berkshire Hathaway's Biggest Investment as Warren Buffett Steps Down as CEO",https://finnhub.io/api/news?id=49a560118d1376502c805301f8e2ad45ccfe9d3eaae37847a70ddf5087bf99e0,2026-02-18 21:51:00+00:00,,7,neutral,0,0,2,0,0,0,0,1,0,0,0,0
BRK-B,finnhub_news,Yahoo,"Amazon, Bank of America, and Apple Stocks Shrug Off Berkshire Sales. Why They’re Rising.",https://finnhub.io/api/news?id=57765018cd5ff48983b18fe21ef832da1297a26bd1145d443b0802c628d41c7b,2026-02-18 19:23:00+00:00,,6,neutral,0,0,2,1,0,0,0,2,0,0,1,0
BRK-B,finnhub_news,Yahoo,"Berkshire Cuts Amazon Stake, Makes Bet on New York Times",https://finnhub.io/api/news?id=eb7e09cc2509f9e746fc0c3a4bda1d48a14891f616c03948b62ab822e516eadd,2026-02-18 18:33:36+00:00,,11,neutral,0,0,1,1,0,0,0,1,0,0,0,0
BRK-B,finnhub_news,Yahoo,"Fed minutes, Warren Buffett's Amazon stake, oil prices rise",https://finnhub.io/api/news?id=91cd3d02a2484254d3e54133b0e6c8330d3f42ffb4440b1043a078cd0d2e762a,2026-02-18 18:13:46+00:00,,12,neutral,0,0,2,1,0,0,0,1,0,0,2,0
BRK-B,finnhub_news,Yahoo,Warren Buffett’s Final Investment: The Oracle Ends His Career Where He Started,https://finnhub.io/api/news?id=0e5dfa68b7d86a16c7d5f58bc0c9ab45092a7ffd98f2191d5f9f7da146cd9668,2026-02-18 16:51:25+00:00,,8,positive,1,0,3,0,0,0,0,0,0,0,0,0
BRK-B,finnhub_news,Yahoo,Amazon and Bank of America Stocks Shrug Off Berkshire Sales. Why They’re Rising.,https://finnhub.io/api/news?id=362accb1fe99c870d80823b32556343fed7e90056bd1fe25b504ee8d65176a9c,2026-02-18 14:45:00+00:00,,6,neutral,0,0,2,1,0,0,0,1,0,0,1,0
BRK-B,finnhub_news,Yahoo,"Berkshire reduces Apple stake, FDA to review Moderna vaccine",https://finnhub.io/api/news?id=da9b06cd04650dc585e9f811245d03fab78e5c7b52dcebf085325c39bd93e3d0,2026-02-18 14:43:06+00:00,,9,positive,1,0,0,1,0,0,0,3,0,0,1,0
BRK-B,finnhub_news,Yahoo,New York Times Stock Slips Despite Berkshire Hathaway Stake-Building,https://finnhub.io/api/news?id=d41732eaad89e72f687255ed2107f0dec9c23e3a9f408e2e1a354dbbcfed9e2e,2026-02-18 14:38:11+00:00,,8,neutral,0,0,1,1,0,0,0,3,0,0,0,0
BRK-B,finnhub_news,Yahoo,Amazon and Apple Stocks Shrug Off Berkshire Sales. Why They’re Rising.,https://finnhub.io/api/news?id=e849a507597e259e167f88b8ca83f9106bf6d81a18508f92ff7d9bbb01a865ba,2026-02-18 13:17:00+00:00,,6,neutral,0,0,2,1,0,0,0,1,0,0,1,0
BRK-B,finnhub_news,Yahoo,Buffett Dumps More Apple,https://finnhub.io/api/news?id=e62d648bf915deb89eb00857ae66655843ae820f8f1aa15bf826edd06e819a52,2026-02-18 12:48:41+00:00,,11,neutral,0,0,2,1,0,0,0,3,0,0,0,0
BRK-B,finnhub_news,Yahoo,Why Did Buffett Dump Amazon?,https://finnhub.io/api/news?id=e4bb75db4e75386e796c8a081dde8c5dc9be027b5ad892d106c3a0c8b487aed5,2026-02-18 12:47:18+00:00,,11,neutral,0,0,2,1,0,0,0,3,0,0,0,0
BRK-B,finnhub_news,Yahoo,Berkshire Hathaway Transitions To Greg Abel As Portfolio And Valuation Shift,https://finnhub.io/api/news?id=e72e5b05266f72d9a5fee8b1a6627593b012c5987206d2cc483612ef9e9c4809,2026-02-18 12:08:02+00:00,,13,neutral,0,0,3,0,0,0,0,2,0,1,0,0
BRK-B,finnhub_news,Yahoo,New York Times Stock Rallies on Berkshire Hathaway Stake-Building,https://finnhub.io/api/news?id=f40813ee0c6e20e8075869faa480cc7f2ae986a8d0574ea152f328a39c6a58a1,2026-02-18 11:08:34+00:00,,8,neutral,0,0,1,1,0,0,0,3,0,0,0,0
BRK-B,reddit_post,ValueInvesting,"Berkshire Hathaway trims Apple stake, buys NYTimes stock in Buffett's last moves as CEO",https://www.reddit.com/r/ValueInvesting/comments/1r7sk39/berkshire_hathaway_trims_apple_stake_buys_nytimes/,2026-02-18 03:53:04+00:00,197.0,6,neutral,0,0,1,0,0,0,0,2,0,0,0,0
BRK-B,finnhub_news,Yahoo,"Warren Buffett Dumped Shares of Amazon, Apple, and Bank of America, and Added One Brand-New Stock in His Final Quarter Before Retirement",https://finnhub.io/api/news?id=ba22aa189bf8e735a40be02fd9502949f88d6233f70e9f1e40f567edd36cf985,2026-02-18 01:06:00+00:00,,8,neutral,0,0,3,1,0,0,0,2,0,0,0,0
BRK-B,finnhub_news,Yahoo,Berkshire Climbs After Disclosing Changes to Its Portfolio,https://finnhub.io/api/news?id=a8decda33f0cea2f221987b3102faa80309ed6d05aa07c5b612876de2d303dcc,2026-02-17 23:56:49+00:00,,8,neutral,0,0,2,1,0,0,0,2,0,0,0,0
BRK-B,finnhub_news,Yahoo,Warren Buffett's company invests in the New York Times six years after he sold all his newspapers,https://finnhub.io/api/news?id=04e5bf74832cfbd87df03cbbe4dceb12378a530141d98218786fd4f7dc3b745b,2026-02-17 23:45:44+00:00,,8,neutral,0,0,3,1,0,0,0,4,0,0,0,0
BRK-B,finnhub_news,Yahoo,"Berkshire Hathaway Takes Stake In New York Times, Cuts Apple, Amazon Holdings",https://finnhub.io/api/news?id=0a8b49d7b6f7af6682102222f9b1e296245d7dadaf21fae3a27ca4efb303f3d9,2026-02-17 23:08:07+00:00,,7,neutral,0,0,1,0,0,0,0,3,0,0,0,0
BRK-B,reddit_post,ValueInvesting,[Week 10 - 1974] Discussing A Berkshire Hathaway Shareholder Letter Every Week,https://www.reddit.com/r/ValueInvesting/comments/1r7ll5n/week_10_1974_discussing_a_berkshire_hathaway/,2026-02-17 22:53:07+00:00,5.0,12,positive,4,3,1,3,1,5,1,1,0,0,3,2
BRK-B,finnhub_news,Yahoo,"In Warren Buffett's Last Quarter as CEO, Berkshire Sold These 2 Big Tech Stocks",https://finnhub.io/api/news?id=143909a7c9efd79e3ffe7c5f50fe3c3c5d6a8e991ab8fc28bc2c09021a0f7ccc,2026-02-17 22:29:31+00:00,,5,neutral,0,0,2,1,0,0,0,2,0,0,0,0
BRK-B,reddit_post,ValueInvesting,"Berkshire Hathaway's portfolio holdings for the 4th quarter are out - SEC Form 13F-HR filing. New position in The New York Times.  Added to Chevron, Chubb and Dominos.  Sold some Apple and BofA.  Dumping Amazon.  Here are the 14 changes compared to Q3.",https://www.reddit.com/r/ValueInvesting/comments/1r7khie/berkshire_hathaways_portfolio_holdings_for_the/,2026-02-17 22:10:22+00:00,174.0,6,neutral,0,0,0,1,0,0,0,3,0,0,0,0
BRK-B,finnhub_news,Yahoo,"Berkshire Pares Stakes in Apple and BofA, Adds New York Times Position",https://finnhub.io/api/news?id=cfde8e1e7f1bef78117ee90ecdaceefef68faa2ec2f497f7cf730585f273cf95,2026-02-17 22:02:00+00:00,,5,neutral,0,0,2,1,0,0,0,2,0,0,0,0
BRK-B,finnhub_news,Yahoo,"Berkshire Buys New York Times Stock; Sells Apple, Bank of America, Amazon In 4Q",https://finnhub.io/api/news?id=897a5d76462b4fe20ff645ba4e41966b91fa8a5308d72705247e30c27accbc22,2026-02-17 21:53:00+00:00,,5,neutral,0,0,0,1,0,0,0,4,0,0,0,0
BRK-B,reddit_post,ValueInvesting,Warren Buffett's Berkshire Hathaway Q4 13F New Filings,https://www.reddit.com/r/ValueInvesting/comments/1r7j4ep/warren_buffetts_berkshire_hathaway_q4_13f_new/,2026-02-17 21:19:19+00:00,99.0,8,neutral,0,0,1,0,0,0,0,1,0,0,0,0
BRK-B,finnhub_news,Benzinga,"Buffett's Final Filing: Berkshire Initiates New York Times Stake, Slashes Amazon Position Before CEO Transition",https://finnhub.io/api/news?id=8e5b40b7315b5517855784b8b4a3bab69df2b30104c36ea7aaeff29ee8dedf17,2026-02-17 17:53:58+00:00,,7,neutral,0,0,2,0,0,0,0,1,0,0,0,0
BRK-B,finnhub_news,CNBC,"Berkshire Hathaway trims Apple stake, buys NYTimes stock in Buffett's last moves as CEO",https://finnhub.io/api/news?id=f94f338eee757c0ab38fe0416c348b8d3c42c98a68f03939803c9f9aceacab78,2026-02-17 17:02:39+00:00,,6,neutral,0,0,1,1,0,0,0,2,0,0,0,0
BRK-B,finnhub_news,Benzinga,"Next Berkshire Hathaway Letter Comes Soon, And It Won't Be From Buffett",https://finnhub.io/api/news?id=b9f9c0a5f17ee416c486eaa9fdfa93a90af0694dc5a6a85ee819ac4689c988a7,2026-02-17 16:25:08+00:00,,6,neutral,0,0,1,0,0,0,0,0,0,0,0,0
BRK-B,finnhub_news,Yahoo,"Berkshire Hathaway Might Have Sold More Apple, Bank of America Stock in Fourth Quarter",https://finnhub.io/api/news?id=deaf3e7e42445c1a7cdbdf09dafb7d92a8888ee55ab03362595bddc23aaa1057,2026-02-13 16:39:00+00:00,,10,neutral,0,0,4,1,0,0,0,3,0,0,0,0
BRK-B,reddit_post,ValueInvesting,Is Berkshire still a value play (top holdings + huge cash pile)?,https://www.reddit.com/r/ValueInvesting/comments/1r3sllb/is_berkshire_still_a_value_play_top_holdings_huge/,2026-02-13 15:46:02+00:00,47.0,7,neutral,0,0,0,0,3,0,0,8,0,1,0,0
BRK-B,reddit_post,ValueInvesting,"off topic: the market will recover, when Buffett deploys his 382 billion cash, hopefully soon...",https://www.reddit.com/r/ValueInvesting/comments/1r3bcuz/off_topic_the_market_will_recover_when_buffett/,2026-02-13 01:07:15+00:00,25.0,12,positive,1,0,3,0,1,0,0,0,0,0,1,0
BRK-B,finnhub_news,Yahoo,"Charlie Munger Said If He Could Go Back 100 Years And Start Over, He'd Be A Trillionaire, Not Just A Billionaire —'I Basically Screwed Up'",https://finnhub.io/api/news?id=32ef820e9b56d268d7b3a2a72d16dd3d4393205be45f872abfa1336ae1803924,2026-02-12 16:16:11+00:00,,6,neutral,0,0,2,0,0,0,0,0,0,0,0,0
BRK-B,finnhub_news,Yahoo,Warren Buffett Bought Nebraska Furniture Mart For $60M With A Handshake Deal In 1983. He Relied On His Shopping Experience Instead Of Audits,https://finnhub.io/api/news?id=310b64dc9ac14104a9ef876387516e2de83b22c618da81caa837314b89602147,2026-02-11 21:31:07+00:00,,10,neutral,0,0,3,0,0,0,1,0,0,0,0,0
BRK-B,reddit_post,ValueInvesting,[Week 9 - 1973] Discussing A Berkshire Hathaway Shareholder Letter Every Week,https://www.reddit.com/r/ValueInvesting/comments/1r0le14/week_9_1973_discussing_a_berkshire_hathaway/,2026-02-10 00:12:56+00:00,5.0,12,positive,4,3,2,4,1,4,1,2,1,0,3,3
BRK-B,reddit_post,ValueInvesting,Berkshire Hathaway - an discussion on vision and entry-points.,https://www.reddit.com/r/ValueInvesting/comments/1r0brbj/berkshire_hathaway_an_discussion_on_vision_and/,2026-02-09 18:13:51+00:00,43.0,7,positive,2,1,2,0,0,0,0,1,0,0,1,0
BRK-B,finnhub_news,Yahoo,Warren Buffett Knocked Out Of Top 10 Richest People List Thanks To Walmart,https://finnhub.io/api/news?id=36a2b5830ce33219c2701c0e98a53f32d81cf3b53207cd723a0c42ac9957ffc7,2026-02-05 23:31:12+00:00,,6,negative,0,1,2,0,0,0,0,0,0,0,0,0
BRK-B,finnhub_news,Yahoo,3 Warren Buffett-Style Stocks for a Golden Retirement,https://finnhub.io/api/news?id=7639b1617515eb7d81c98caf9e5e10f6be2ae77420d9511e885860aabe0d8584,2026-02-04 19:54:30+00:00,,9,neutral,0,0,2,0,0,0,0,0,0,0,0,0
BRK-B,finnhub_news,Yahoo,"Meet the ""Magnificent Seven"" Stock Berkshire Hathaway and Investing Legend Warren Buffett Should Have Bought. (Hint: It's Not Apple, Amazon, or Alphabet.)",https://finnhub.io/api/news?id=3dd3874426dbb38f5b9eeecfd7839abb1ff72369092e9b8b8a544a7a62f30268,2026-02-04 17:05:00+00:00,,7,neutral,0,0,2,0,0,0,0,1,0,0,0,0
BRK-B,reddit_post,ValueInvesting,With Everyone Panicking About Paypal. A Quote From Buffett,https://www.reddit.com/r/ValueInvesting/comments/1qvay7t/with_everyone_panicking_about_paypal_a_quote_from/,2026-02-04 01:35:14+00:00,78.0,9,positive,2,0,1,1,1,0,2,0,0,1,1,0
BRK-B,reddit_post,ValueInvesting,[Week 8 - 1972] Discussing A Berkshire Hathaway Shareholder Letter Every Week,https://www.reddit.com/r/ValueInvesting/comments/1qu5cng/week_8_1972_discussing_a_berkshire_hathaway/,2026-02-02 19:42:40+00:00,10.0,9,positive,4,2,0,5,1,5,1,1,0,2,3,2
BRK-B,reddit_post,ValueInvesting,De-risking from Tech for a House Down Payment (3-5 years): UNH &amp; BRK.B?,https://www.reddit.com/r/ValueInvesting/comments/1qt36y7/derisking_from_tech_for_a_house_down_payment_35/,2026-02-01 16:35:45+00:00,51.0,6,neutral,0,0,0,0,1,0,0,0,0,1,0,0
