ticker,source_type,source,title,url,published_at,engagement,relevance_score,tone,positive_hits,negative_hits,earnings_growth,ai_hpc_demand,foundry_leadership,advanced_packaging,customer_exposure,capex_expansion,geo_taiwan_china,us_arizona,supply_shortage,valuation
TSM,finnhub_news,Benzinga,"Semiconductor ETFs SOXX, SMH Just Logged Their Best Month Ever — What's Driving This Rally?",https://finnhub.io/api/news?id=70158942535031a1e17d6df23ee2023ae3583e2c5008e74dc2f8fdc131761d79,2026-05-01T10:47:15+00:00,,3,positive,1,0,0,3,0,0,2,0,0,0,0,0
TSM,finnhub_news,Benzinga,AI Chip Shortage Warning: TSM Ramps Up Production,https://finnhub.io/api/news?id=d8f622f263b989cd029583a9c97e8ee679dd06a304d8984f496d12d2a700328a,2026-04-30T12:18:40+00:00,,6,negative,0,1,0,1,1,0,0,1,0,0,1,0
TSM,finnhub_news,Benzinga,Northland Power Signs Corporate Purchase Agreement With Taiwan Semiconductor Manufacturing For Additional Power From Its Hai Long Offshore Wind Project,https://finnhub.io/api/news?id=16ecb22d61ca6e78d18eeb8fd2361336a60297840aa59005ef639095d48df7fc,2026-04-30T08:04:06+00:00,,6,neutral,0,0,0,0,1,0,0,0,1,0,0,0
TSM,finnhub_news,SeekingAlpha,TSMC: Expect More All-Time Highs Ahead,https://finnhub.io/api/news?id=5c482161b945a4ce722909d6ca17e2aad95f3a319a4525e40e351766a94d814f,2026-04-29T23:18:49+00:00,,4,neutral,0,0,0,0,0,0,0,0,0,0,0,0
TSM,finnhub_news,Benzinga,Here's How Much You Would Have Made Owning Taiwan Semiconductor Stock In The Last 15 Years,https://finnhub.io/api/news?id=98761d16c14fe504699fce519c59e814ee91c4f0d0c1d90bf4d7b4e2527abc9e,2026-04-29T18:16:21+00:00,,6,neutral,0,0,0,0,0,0,0,0,1,0,0,0
TSM,finnhub_news,Benzinga,What's Going On With Taiwan Semiconductor Stock Tuesday?,https://finnhub.io/api/news?id=376ee29fb2a4a183a07acbfb506229ce47326dfd7103bb2b5ec5bc4bb4620b7f,2026-04-29T05:33:13+00:00,,6,positive,2,0,1,1,2,0,0,0,1,0,0,1
TSM,finnhub_news,Benzinga,"Shares of semiconductor companies are trading lower following reports that OpenAI has missed some internal targets for sales and usership, which may erode confidence in future demand. Also, ongoing Middle East tensions are weighing on broader sentiment.",https://finnhub.io/api/news?id=b46005d33049352e8d7dea2cf04126f4d946d5f0c7e0fad8db4edf0f71544459,2026-04-28T12:53:19+00:00,,3,neutral,0,0,1,0,0,0,0,0,0,0,0,0
TSM,finnhub_news,Benzinga,Why TSMC Is Jacking Up 2nm Production By 70% To Power The AI Future,https://finnhub.io/api/news?id=e4b483ec098ed227ea3ffdce8750923601779a892c6af8120e30c3ddef2d1dd2,2026-04-28T08:43:55+00:00,,4,negative,0,1,0,1,2,0,0,0,1,0,0,0
TSM,finnhub_news,Benzinga,"S&P 500 At Highs, Hedge Funds Step Back—Semiconductor ETFs Test Limits",https://finnhub.io/api/news?id=11d6afba1e35dfe2eb31458984ef91d5dd6bc7a83f28e66db57d50f26cbc9328,2026-04-27T11:20:00+00:00,,3,neutral,1,1,0,0,0,0,0,0,0,0,0,1
TSM,finnhub_news,SeekingAlpha,SHOC: Concentrated Bet On The Semiconductor Supercycle,https://finnhub.io/api/news?id=f2eb4963e6511a4c5e374b4efb8ec363654a3fe4fc3f5b263e4d95ab85c94970,2026-04-27T05:43:17+00:00,,3,neutral,0,0,0,0,0,0,0,0,0,0,0,0
TSM,finnhub_news,SeekingAlpha,TSMC: The Vital Cog Of The AI Revolution Is Sending A Powerful Growth Signal,https://finnhub.io/api/news?id=f88bfd21c32ba915a6af2c09125b693d2fbdafacc6503588573e9b98903a9fe5,2026-04-24T16:19:13+00:00,,4,positive,3,0,4,1,1,0,0,0,1,0,0,0
TSM,finnhub_news,Benzinga,"Shares of semiconductor companies are trading higher amid sympathy with Intel, which reported better-than-expected Q1 financial results and issued Q2 guidance above estimates. Also, reports suggest that a strike action at a Samsung Electronics facility earlier this month led to lower production, which may boost sales for competitors.",https://finnhub.io/api/news?id=be08104922b9a9b320cae339395b118c45bf72e64a5220f4a22ec1cf72e50a3f,2026-04-24T12:42:27+00:00,,3,neutral,0,0,4,0,0,0,0,0,0,0,0,0
TSM,finnhub_news,SeekingAlpha,TSMC Q1 Earnings Call: What It Means For SMH,https://finnhub.io/api/news?id=4861b27187eb945c7d16ae49d657960c12c3ae8c29470ddc7b7b02949a15ac48,2026-04-24T09:13:00+00:00,,4,positive,1,0,4,0,0,0,0,0,0,0,0,0
TSM,finnhub_news,Benzinga,Taiwan Semiconductor Stock Hits 52-Week High - Here's Why,https://finnhub.io/api/news?id=c3b7daf3a3621799c7e53af29b40966d443d9af45c10f973a7daae1e4f96a2cd,2026-04-24T06:50:37+00:00,,6,positive,2,0,1,0,0,0,0,0,1,0,0,0
TSM,finnhub_news,Benzinga,Taiwan Semiconductor Snub Wipes $16 Billion Off ASML,https://finnhub.io/api/news?id=49abaf92011a82441bb089fc326fa272878afe0cfd233681faaf1ca603f256fe,2026-04-24T05:43:08+00:00,,6,neutral,0,0,0,0,0,0,0,0,1,0,0,1
TSM,finnhub_news,Benzinga,Intel CEO Lip-Bu Tan Is Excited About Partnering With Tesla On 14A Chips: 'Can Think Of No Better Partner' Than Elon Musk,https://finnhub.io/api/news?id=06cb3738f3864e7bc67a37b892ed776c932c3821f10aa812f4129f3a6e494797,2026-04-24T02:31:21+00:00,,3,positive,1,0,0,1,2,0,0,0,0,0,0,0
TSM,finnhub_news,Benzinga,Nvidia's Next AI Superchip Needs A New Kind of Memory — And One Company Controls It,https://finnhub.io/api/news?id=6d0de007c8ff785b3229e7ac04416886ec86c816e016648315048a52dbb40f84,2026-04-23T08:51:51+00:00,,3,neutral,0,0,0,2,1,1,1,0,0,0,1,0
TSM,finnhub_news,Benzinga,Taiwan Semiconductor Sees No Immediate Need For ASML's Priciest Gear,https://finnhub.io/api/news?id=4c5e4414b88891d8fa5ea72afeac16450e3a5e10be2f3999032d89fe54dcea2e,2026-04-23T07:20:56+00:00,,6,negative,0,1,0,1,0,1,0,0,1,0,0,0
TSM,finnhub_news,Benzinga,Order Flows Show Continued Strength In Technology and Semiconductor Sectors,https://finnhub.io/api/news?id=371329396a8686251a7c117aa4f9c785c468982ea39f9fd0e46bcf92447794de,2026-04-22T16:01:04+00:00,,3,neutral,0,0,0,0,0,0,0,0,0,0,0,0
TSM,finnhub_news,Benzinga,Watching Taiwan Semiconductor Manufacturing; Hearing Investor Business Daily SwingTrader Buys Stock,https://finnhub.io/api/news?id=c40972f88a0e3e53ff75b83ac165547f24dce13af7affd4fa8d4a1578982f784,2026-04-22T15:23:33+00:00,,6,neutral,0,0,0,0,1,0,0,0,1,0,0,0
TSM,finnhub_news,Benzinga,"Barclays Maintains Overweight on Taiwan Semiconductor, Raises Price Target to $470",https://finnhub.io/api/news?id=6406194bf8096792a6e10c7753af3d8ce4b0b6ef26edf572cc90151aec7869dc,2026-04-22T09:32:30+00:00,,6,positive,1,0,0,0,0,0,0,0,1,0,0,2
TSM,finnhub_news,SeekingAlpha,"Taiwan Semiconductor: The AI Boom Is Broadening, And That Matters",https://finnhub.io/api/news?id=e22bd6671a4ee695daa57c1af1f11894ad0c3f02e0f28b77810f0d880bad0b2f,2026-04-22T08:07:15+00:00,,6,positive,3,0,3,1,0,0,0,0,1,0,0,0
TSM,finnhub_news,Benzinga,Something Historic Is Happening In Chip ETFs: SOXX And SMH Shatter Records,https://finnhub.io/api/news?id=6676ebea22c0719197ee41eb2958826b297b652a247f1fc65b1501d7ac94eaa4,2026-04-21T17:07:39+00:00,,3,positive,2,0,1,0,0,0,0,0,0,0,0,0
TSM,finnhub_news,Benzinga,Marvell Rides Google TPU Wave As AI Chip Race With Nvidia Heats Up,https://finnhub.io/api/news?id=578d881afdc59c608f354d2a30fdb7d86ab917908e5c32ab3de2ac5582735c0e,2026-04-21T11:24:37+00:00,,3,positive,2,0,3,2,0,0,1,0,0,0,0,0
TSM,finnhub_news,Benzinga,This House of Representative Just Bought Up To $15K In Taiwan Semiconductor Stock,https://finnhub.io/api/news?id=0854ffd3813f9dd3ceb7f766a07a63a67d92999ac7faff416f4ead60645ab8a2,2026-04-21T11:00:26+00:00,,6,neutral,0,0,0,0,0,0,0,0,1,0,0,0
TSM,finnhub_news,SeekingAlpha,TSMC: The Market Is Pricing A Foundry Like A Cyclical. It Is Not One.,https://finnhub.io/api/news?id=6e573ee2789c48f9a4a2f21a220655670a3c5114a510e034ed991d62180a1318,2026-04-21T10:45:34+00:00,,6,positive,2,0,3,1,2,0,0,0,0,0,0,0
TSM,finnhub_news,Benzinga,Taiwan Semiconductor Expands At Full Speed To Feed The AI Gold Rush,https://finnhub.io/api/news?id=786e75903b338797c0d76652024c3717197a9710d8dd1cfc62a089b936045590,2026-04-21T05:35:36+00:00,,6,neutral,0,0,0,1,0,0,0,0,1,0,0,0
TSM,finnhub_news,SeekingAlpha,TSMC: AI Supercycle Buys Don't Come Stronger Than This,https://finnhub.io/api/news?id=5f39c8c0ef68ca8a463c2a5ac415d140a15f10a5002cd20cdb3600e579eaca02,2026-04-20T04:37:58+00:00,,4,positive,1,0,0,1,0,0,0,0,0,0,0,0
TSM,finnhub_news,SeekingAlpha,TSMC's Q1 Earnings Beat: Still A Great Buy,https://finnhub.io/api/news?id=e0781eb9b4fe835081b593245bf9253db9239ddf22699808f80148479499a31b,2026-04-19T04:12:52+00:00,,4,positive,2,0,5,0,1,0,0,0,1,0,0,0
TSM,finnhub_news,SeekingAlpha,TSMC Q4: Investors Are Still Underestimating The TAM Of AI Accelerators,https://finnhub.io/api/news?id=a35b9d3d271321480005b0b72ca18803657214e9a2bdb751b5f1bff6e9075e4f,2026-04-18T11:16:35+00:00,,4,neutral,0,0,0,2,0,0,0,0,0,0,0,0
TSM,finnhub_news,SeekingAlpha,"Tech Divergence: Chips Soar, Software Weak - Will It Continue?",https://finnhub.io/api/news?id=a1151d2e8aa708e746c42d7c23311a1622e5c78cb2bbfb13016d3392447e2068,2026-04-18T08:15:00+00:00,,3,negative,0,1,0,2,0,0,1,0,0,0,0,1
TSM,finnhub_news,SeekingAlpha,Can AI Chip Design Help Baidu And Alibaba Unlock Shareholder Value?,https://finnhub.io/api/news?id=316adac89ecad6d6a7ea991c4ea8615861215c5bbf71a292a126098e430ae67e,2026-04-18T02:42:00+00:00,,3,neutral,0,0,0,1,0,0,0,0,0,0,0,1
TSM,finnhub_news,SeekingAlpha,TSMC Q1 2026 Earnings Update,https://finnhub.io/api/news?id=a5a5adc9371eed3fdbf65620b67e5f637b59a40afe0d3f0fb5b2b2116e875abd,2026-04-17T13:48:00+00:00,,4,positive,1,0,2,1,0,0,0,0,0,0,0,0
TSM,finnhub_news,SeekingAlpha,"SMH: 12-Day Winning Streak, And Why I See More Gains Ahead For Chip Stocks",https://finnhub.io/api/news?id=b5b123d9cf91d9b94e88b01fa3b54c33e9100393e3a88c90a44861d3e78cbf9e,2026-04-17T11:11:15+00:00,,3,positive,2,0,0,0,0,0,0,0,0,0,0,0
TSM,finnhub_news,SeekingAlpha,"TSMC: Strong Results, Margin Story Unchanged (At Least For Now)",https://finnhub.io/api/news?id=1a435b6a2b4f70664ffd6a80887a43ecc053d2bf86018664de3ddef3d7818881,2026-04-17T09:56:21+00:00,,4,positive,2,1,2,0,0,0,0,0,0,0,0,1
TSM,finnhub_news,SeekingAlpha,TSMC: Foundry Monopoly Is Cracking As Rivals Catch Up (Rating Downgrade),https://finnhub.io/api/news?id=6c2b65ebe8b57a2a3c42e5fdddec2986ed59d93763631c5a751e3d3d9856d3cb,2026-04-17T09:31:04+00:00,,6,negative,0,3,2,0,2,0,0,0,0,0,0,2
TSM,finnhub_news,ChartMill,"Taiwan Semiconductor Manufacturing-SP ADR (NYSE:TSM) Excels Under Navellier's ""Little Book"" Growth Rules",https://finnhub.io/api/news?id=d09c4a7d6125ea235d36c98332a3e6773de349e77a2e3bbe0feea6e0e9f941da,2026-04-17T09:11:43+00:00,,6,positive,3,0,3,0,1,0,0,0,1,0,0,0
TSM,finnhub_news,SeekingAlpha,"TSMC Stock: Q1 2026 Earnings Didn't Fuel A Rally, Here's Why",https://finnhub.io/api/news?id=057f010026c5932015373743ff4b7a4b5c3c48ff8be21edb750733b46058b54d,2026-04-17T09:05:48+00:00,,4,positive,2,0,2,2,0,0,0,1,0,0,0,0
TSM,finnhub_news,SeekingAlpha,"TSMC Q1 Beats The Expectations, Guidance Raised As A Result Of AI-Driven Demand",https://finnhub.io/api/news?id=995da6c256b4cdbafb58dd424dfeaefa3b612a16dba70d2b6c98b7d16e7cf51f,2026-04-17T08:30:08+00:00,,4,neutral,1,1,4,0,0,0,0,0,0,0,0,0
TSM,finnhub_news,Benzinga,Elon Musk's Terafab Vision Drives Tesla Deep Into Taiwan's Chip Talent Pool,https://finnhub.io/api/news?id=9d3c60d2420ee364116e850510f2869581ae797959949fd5c983fc66b79a3eb0,2026-04-17T07:26:51+00:00,,3,neutral,0,0,0,0,1,0,0,0,1,0,0,0
TSM,finnhub_news,Benzinga,"Taiwan Semiconductor Dominates AI Supply Chain, Even Shortages May Not Slow It Down: Analyst",https://finnhub.io/api/news?id=a7978b487f6dc3392cd6428da1dfdc5498be63eb19bc05b95c203eabb60a96c6,2026-04-17T06:03:05+00:00,,6,negative,0,1,1,3,2,0,3,0,1,0,1,1
TSM,finnhub_news,SeekingAlpha,Taiwan Semiconductor Manufacturing Company Limited 2026 Q1 - Results - Earnings Call Presentation,https://finnhub.io/api/news?id=4862a5bf9e8c83ee7d80716651acd036948aeb6bc23dc111c241f1c2800c55ca,2026-04-17T05:31:14+00:00,,6,neutral,0,0,2,0,1,0,0,0,1,0,0,0
TSM,finnhub_news,SeekingAlpha,Taiwan Semiconductor: Massive Growth From This Huge AI Winner,https://finnhub.io/api/news?id=4f459f891101a635ce62bb781ffa14d5275d4d982049d1e6e19fe02869fc19a1,2026-04-17T05:29:27+00:00,,6,positive,3,0,5,1,0,0,0,0,1,0,0,0
TSM,finnhub_news,ChartMill,"TSMC's Chip Heat Extends the Record Run, Then Netflix Drops a Double Surprise After the Bell",https://finnhub.io/api/news?id=b1f7b76a9104f9c4011130c2d69939c15c374871d5b270f70255b58a362f6e68,2026-04-17T05:23:13+00:00,,6,positive,1,0,2,0,0,0,0,0,0,0,0,0
TSM,finnhub_news,Benzinga,AMD Rips Higher As TSMC's Blowout Guide Lights Up The Stock,https://finnhub.io/api/news?id=fcebab073f1e59226af14873282fd416b5d91b2412a88824e74a8a9dd37e6093,2026-04-16T14:42:57+00:00,,4,neutral,0,0,0,1,0,0,1,0,0,0,0,1
TSM,finnhub_news,Benzinga,Semiconductor ETFs Surge As AI Boom Powers Nvidia-Led Rally,https://finnhub.io/api/news?id=5fa7d267b13cc4fd3d53dba7c6e5f1ef13ebac6ee51b622399c7306914987d6e,2026-04-16T13:50:22+00:00,,3,positive,4,0,0,2,0,0,1,0,0,0,0,0
TSM,finnhub_news,Benzinga,Taiwan Semiconductor Manufacturing shares are trading lower. The company reported its Q1 financial results.,https://finnhub.io/api/news?id=c04aefa658347a8a1b48de626553c198106fc3c84613676b41df570201f998bd,2026-04-16T13:49:31+00:00,,6,neutral,0,0,1,0,1,0,0,0,1,0,0,0
TSM,finnhub_news,Benzinga,Forget The Chip Boom: Wall Street's 'Ultimate Contrarian Trade' Favors Software For 2026,https://finnhub.io/api/news?id=3f699ef559d293b1df2f517486032c3d1f7f224796d888f441075459b82dbc6c,2026-04-16T13:07:12+00:00,,3,positive,2,0,0,0,0,0,0,0,0,0,0,1
TSM,finnhub_news,SeekingAlpha,TSMC: The Ultimate AI Growth Engine,https://finnhub.io/api/news?id=ef6d5dc23e955f628bc33a707f93c3a9147b4637382cf3cfc8f40c27bb08bcee,2026-04-16T11:12:04+00:00,,4,positive,3,0,6,2,0,0,0,0,0,0,0,0
TSM,finnhub_news,Benzinga,"Stock Market Today: Futures Climb After Record Day For S&P 500, Nasdaq On Growing Hopes Of Iran Deal— Allbirds, TSMC, PepsiCo In Focus (UPDATED)",https://finnhub.io/api/news?id=641b9c55234357ffac2ac6274bf08e796395c434c3a98963289a8c2fd04dc6ba,2026-04-16T08:53:56+00:00,,4,positive,1,0,2,0,0,0,0,0,0,0,0,0
TSM,finnhub_news,SeekingAlpha,"Taiwan Semiconductor: Exceptional Business, Stretched Valuation",https://finnhub.io/api/news?id=43a464b0e14f6da5fdf84e2d5d13bc7548565f227c6ac58e4bce3d1ab92ca252,2026-04-16T07:37:07+00:00,,6,positive,3,0,2,0,0,0,0,0,1,0,0,1
TSM,finnhub_news,Benzinga,"NVIDIA Supplier Taiwan Semiconductor Is Winning The AI Chip War — And The CEO Just Told Intel, Tesla Why",https://finnhub.io/api/news?id=a2e9c7bda787cc11df533fbe5dba38e54204a18beb7e071b62708047c5bd051d,2026-04-16T07:30:42+00:00,,6,positive,1,0,3,2,0,0,1,0,1,0,0,1
TSM,finnhub_news,Fintel,UPDATE: AI demand drives chipmaker TSMC's net profit to fresh record,https://finnhub.io/api/news?id=02c59f5218bb5fb0947c369ad48a17a7268a9c3a2b7e1bd40aba49bccc6cdb00,2026-04-16T07:23:08+00:00,,6,positive,2,0,1,1,0,0,0,0,0,0,0,0
TSM,finnhub_news,SeekingAlpha,Taiwan Semiconductor Manufacturing Company Limited (TSM) Q1 2026 Earnings Call Transcript,https://finnhub.io/api/news?id=f0da65f1370bbe8282adb1a5b3c4bc328edc09a72a2cdc36dfcffe157b1213a3,2026-04-16T07:11:45+00:00,,6,neutral,0,0,2,0,1,0,0,0,1,0,0,0
TSM,finnhub_news,Benzinga,"Needham Maintains Buy on Taiwan Semiconductor, Raises Price Target to $480",https://finnhub.io/api/news?id=0d312e513f3d404e9f8ae074f26e2c3559d49c655a2c456d83efca8326c0dbaf,2026-04-16T06:54:22+00:00,,6,positive,1,0,0,0,0,0,0,0,1,0,0,2
TSM,finnhub_news,Fintel,Taiwanese chipmaker TSMC reports record quarterly net profit,https://finnhub.io/api/news?id=c068ff0c5ac1f6683347bb825fddfccfa4daf75fe4547259ca6d53a26b5ec456,2026-04-16T05:56:38+00:00,,6,positive,2,0,2,0,0,0,0,0,1,0,0,0
TSM,finnhub_news,Benzinga,Taiwan Semiconductor Sees Q2 Sales $39.000B-$40.200B vs $39.520B Est,https://finnhub.io/api/news?id=f081e347ef570a388c687bdc5dc0e504072aa9a7154c8cf871d0a84726634ab0,2026-04-16T03:10:30+00:00,,6,neutral,0,0,2,0,0,0,0,0,1,0,0,1
TSM,finnhub_news,Benzinga,"TSMC Q1 Wafer Revenue Breakdown: 5-Nanometer At 36%, 3-Nanometer At 25%, 7-Nanometer At 13%; Advanced Technologies, Defined As 7-Nanometer And More, Hit 74%",https://finnhub.io/api/news?id=7eab9edb2e5035a484e4bcab8da985983a70a877026c98e17523d6414727a1de,2026-04-16T01:42:59+00:00,,6,negative,0,1,3,0,1,0,0,0,0,0,0,0
TSM,finnhub_news,Benzinga,"Taiwan Semiconductor Q1 EPS $3.49 Beats $3.31 Estimate, Sales $35.898B Beat $35.500B Estimate",https://finnhub.io/api/news?id=0f851f4e758ee5e0ae8ea11a44ab679bf887d54bb5673ff58ac2699262b6b97d,2026-04-16T01:37:17+00:00,,6,positive,1,0,6,0,0,0,0,0,1,0,0,1
TSM,finnhub_news,SeekingAlpha,EMXC: A Ex-US Buy On Ex-China And Semiconductors,https://finnhub.io/api/news?id=26448fdca42335a09997d609cf08524c7667eb4ba6f20bd2a6b32bc28d35ba1a,2026-04-15T18:01:32+00:00,,3,negative,0,1,0,0,0,0,0,0,2,0,0,0
TSM,finnhub_news,Benzinga,"GraniteShares Bets On AI And Semiconductor Trade With New Income ETFs On Micron, TSMC, CoreWeave",https://finnhub.io/api/news?id=d312f8e241a67bf580686937abcd986f94ee0642cc87dafcadb6f74b196a10d6,2026-04-15T15:39:56+00:00,,6,neutral,0,0,0,1,0,0,0,0,0,0,0,0
TSM,finnhub_news,Benzinga,Taiwan Semiconductor Manufacturing Q1 Preview: What Could 12th Straight Double Beat Mean With Shares Near All-Time Highs?,https://finnhub.io/api/news?id=8d434d721188bea8ff87050fc2f04fc2b0d67a67656755e6001e9a76efdf46bf,2026-04-15T13:04:28+00:00,,6,positive,1,0,2,1,1,0,0,0,1,0,0,0
TSM,finnhub_news,Benzinga,32% TSMC Spending Surge: Massive AI Wave Heading Straight For ASML,https://finnhub.io/api/news?id=387ec00549af870567153eed8eb4fd68a350c397efb12e8754186d801b26ef22,2026-04-15T12:13:30+00:00,,4,neutral,1,1,0,1,0,0,0,1,0,0,0,0
TSM,finnhub_news,Benzinga,Taiwan Semiconductor Insulated From Short-Term Helium Supply Shock: Analyst,https://finnhub.io/api/news?id=f6bc191d055b694c990a48d8b7d5852530432a714cbc2a8dd40b3eac6299cfc4,2026-04-14T08:36:26+00:00,,6,negative,0,1,0,0,0,0,0,0,1,0,0,1
TSM,finnhub_news,Benzinga,AI Arms Race Triggers $143 Billion Explosion In Chip Gear Spending,https://finnhub.io/api/news?id=a61800f875a4e8c97b1cf8a31967f0c647e0e880e235a807b9c019897eec5348,2026-04-14T06:20:21+00:00,,3,positive,3,1,2,1,0,0,0,1,0,0,0,0
TSM,finnhub_news,SeekingAlpha,Taiwan Semiconductor Q1: Middle East War Consequences And The Zero-Availability Crisis,https://finnhub.io/api/news?id=882c795c5f8760dbe58baa49184ef468bd79ed83b50c36817a1faa1df8b7034b,2026-04-13T19:27:33+00:00,,6,positive,2,0,3,2,0,0,0,0,1,0,0,0
TSM,finnhub_news,ChartMill,"Taiwan Semiconductor Manufacturing Co., Ltd. (NYSE:TSM) Emerges as a High-Growth Momentum Leader",https://finnhub.io/api/news?id=830af84685403e6f9acc046635f3bbd97d9ca40a881b72e947bea920e4b526b5,2026-04-13T12:42:12+00:00,,6,positive,2,0,3,0,1,0,0,0,1,0,0,1
TSM,finnhub_news,Benzinga,Taiwan Semiconductor Set To Smash Records Again As AI Mania Fuels Profit Surge,https://finnhub.io/api/news?id=b114f44442d3038095278505aea4b859f635ff0a866443fe6ea09422eecd8968,2026-04-13T07:11:14+00:00,,6,positive,4,0,3,1,0,0,0,0,1,0,0,1
TSM,finnhub_news,SeekingAlpha,TSMC: The AI Silicon Shortage Is About To Get Worse,https://finnhub.io/api/news?id=2dfbb2d4cdfe905fdb4f5358ce02fe6e7ec80c2922a9c3d18283874c26a8ca51,2026-04-13T05:21:54+00:00,,4,negative,0,1,0,1,3,0,0,0,0,0,2,0
TSM,finnhub_news,Benzinga,Here's How Much You Would Have Made Owning Taiwan Semiconductor Stock In The Last 5 Years,https://finnhub.io/api/news?id=3db9847cebe9f9be98ff922200c1a48129433f95e1ce8a1eb36fc77e32ecac4e,2026-04-10T17:30:24+00:00,,6,neutral,0,0,0,0,0,0,0,0,1,0,0,0
TSM,finnhub_news,Benzinga,"Stock Market Today: S&P 500 Futures Pare Losses As March CPI Rises In-Line With Expectations—Taiwan Semiconductor, Rocket Lab In Focus (UPDATED)",https://finnhub.io/api/news?id=6ee0b5834d23592fb6cd9c7278c95f5ab7eb929426b8e0beb82fd54f70487bb7,2026-04-10T08:46:04+00:00,,6,negative,0,1,0,0,0,0,0,0,1,0,0,0
TSM,finnhub_news,Benzinga,Taiwan Semiconductor Revenue Skyrockets On Unstoppable AI Demand,https://finnhub.io/api/news?id=bb3638a1fa77a545e3c7615b9612cbbb9537e48c721064b2b3fdcb3f811c6748,2026-04-10T05:32:41+00:00,,6,positive,2,1,5,1,0,0,0,0,1,0,0,0
TSM,finnhub_news,SeekingAlpha,TSMC's AI Grip Tightens Further,https://finnhub.io/api/news?id=05cd7714b73bfa26758abb53b2221ed34ca3c8c0b4575860daf06828ca193965,2026-04-09T10:30:46+00:00,,4,positive,2,0,3,1,2,0,0,1,0,0,0,0
TSM,finnhub_news,Benzinga,AI's Hidden Choke Point: Why US-Made Chips Still Depend On Taiwan,https://finnhub.io/api/news?id=6a9e7e52354294a139bbaedfc99f5829186eb91ed43a4755f6ae90c78a4427e2,2026-04-09T07:10:15+00:00,,3,negative,0,1,0,1,0,2,0,0,1,0,0,0
TSM,finnhub_news,Benzinga,"Shares of semiconductors companies are trading higher amid overall market gain as supply chain concerns eased after the U.S. and Iran reached a ceasefire deal. Also, President Trump's social media post over the proposed 15-point agenda further lifted sentiments",https://finnhub.io/api/news?id=00ede834cde578f2beb0f1230dca773c376439f46beeb48d352dfb3f291a1309,2026-04-08T13:32:16+00:00,,3,negative,0,1,0,0,0,0,0,0,0,0,0,0
TSM,finnhub_news,SeekingAlpha,Intel: Terafab's Hidden Catch,https://finnhub.io/api/news?id=067511f021d74c77b0354a0fd44e490ca3b7a96e9f32a5386e165ff797e0fdaa,2026-04-08T12:12:50+00:00,,3,neutral,0,0,0,0,1,0,0,0,0,0,0,0
TSM,finnhub_news,SeekingAlpha,Intel's $25B Terafab Deal - Your Chance To Cash Out,https://finnhub.io/api/news?id=3af20fcddc4921bd3874bb85eb56e64c874799386216155c6bcf42b5bf65e77c,2026-04-08T11:21:28+00:00,,3,neutral,0,0,1,0,2,0,0,0,0,0,0,0
TSM,finnhub_news,SeekingAlpha,Taiwan Semiconductor Is Setting Up For Another Beat (Preview),https://finnhub.io/api/news?id=a62af356c99b7212edcf043f529348517bdb82ccbc7194aaa16f6bfc43b749db,2026-04-08T09:00:00+00:00,,6,positive,3,0,5,0,1,0,0,0,1,0,0,0
TSM,finnhub_news,Benzinga,Intel's TeraFab Win A Major Credibility Boost For Foundry Arm: Analyst,https://finnhub.io/api/news?id=462f1366bd98ff01d9b9ffd9c52626a488cffef26c4b33d828258ad8fe0c8394,2026-04-08T08:45:11+00:00,,3,neutral,0,0,0,1,2,0,0,0,0,0,0,1
TSM,finnhub_news,SeekingAlpha,TSMC: Bulletproof Your Portfolio Even Though Peace Should Prevail,https://finnhub.io/api/news?id=c77077a867f231cebc6866d5c6ed6ffbfebdecb5af049595277f7310b3c12d77,2026-04-07T18:10:34+00:00,,4,negative,1,2,2,0,1,0,0,0,2,0,0,1
TSM,finnhub_news,Benzinga,ASML Caught In Crossfire As US-China Chip War Escalates,https://finnhub.io/api/news?id=6e2742ccbff688f260cbcd450ca0a55ce344a64430f833f127caad5290617913,2026-04-07T10:11:39+00:00,,3,neutral,0,0,0,0,0,0,0,0,1,0,0,1
TSM,finnhub_news,Benzinga,How US Export Curbs Are Fueling China's Chip Boom,https://finnhub.io/api/news?id=2c44dfa600e11cf981499be55fde78933ece2e0c0c1c45c960ab384762ee52b5,2026-04-06T13:18:47+00:00,,3,positive,2,0,1,2,0,0,1,0,1,0,0,0
TSM,finnhub_news,Benzinga,"Taiwan Semiconductor's Big Day Approaches With Markets Watching AI, War And Rivals",https://finnhub.io/api/news?id=7e6272a8e0f7d7fa06fd2178707f25e88c6548d467d8b64bf6b2bf3c703b9063,2026-04-06T05:37:45+00:00,,6,positive,1,0,2,1,0,0,0,0,1,0,0,0
TSM,finnhub_news,ChartMill,Taiwan Semiconductor (NYSE:TSM) Combines Strong Growth with Bullish Technical Setup,https://finnhub.io/api/news?id=cfb11a4357413906a5c3eade7b5896194a5c759da06ac5ffa2c91c29d9b8b516,2026-04-04T08:01:15+00:00,,6,positive,4,0,2,0,0,0,0,0,1,0,0,0
TSM,finnhub_news,SeekingAlpha,Semiconductors Winners And Losers At The Start Of Q2 2026,https://finnhub.io/api/news?id=6213f7e594641f4a61c1249f0cbdfa9e53987bdf9db6ab9f4fc60c6868acab6f,2026-04-04T07:07:50+00:00,,3,positive,2,0,2,0,0,0,0,0,0,0,0,0
TSM,finnhub_news,SeekingAlpha,TSMC: The AI Foundry Supremacy Still Has Room To Run,https://finnhub.io/api/news?id=df58d91b9834098c1a31cc14e825b5aefcbdb9124ef592a50d1de45253b60dba,2026-04-02T17:09:52+00:00,,6,positive,1,0,3,2,2,0,1,0,1,0,0,0
TSM,finnhub_news,SeekingAlpha,"TSMC: Much More Than Just An AI Play, Recent Jitters Present A Great Opportunity",https://finnhub.io/api/news?id=8440df2551999135c0a2ea8d3358b41b2bd094a6eeb4f957d56983e3e270c90b,2026-04-02T11:56:22+00:00,,4,positive,2,0,1,1,2,0,0,1,0,0,0,0
TSM,finnhub_news,Benzinga,"Tech, Chip Stocks Slide As Trump's Iran Warning Rattles Markets",https://finnhub.io/api/news?id=10e2ffedd0460f1bd8e8651a2bb392d2c9eb9c25dd86b2a8f5e4d707a5ebc256,2026-04-02T09:00:52+00:00,,3,negative,0,1,0,0,0,0,0,0,1,0,0,0
TSM,finnhub_news,Benzinga,Taiwan Semiconductor Eyes Cutting-Edge 3nm Production In Japan By 2028,https://finnhub.io/api/news?id=c5c56dbfd7b37c798288e0155ab09fc9357f85cf31a2ccf5c0613c81a6864b6b,2026-04-01T05:23:11+00:00,,6,neutral,0,0,0,0,3,0,0,0,1,0,0,0
TSM,finnhub_news,Benzinga,"Shares of semiconductor companies are trading higher amid reports suggesting that the U.S. may be willing to end the conflict with Iran sooner. Also, Fed Chair Powell's comments on energy inflation failing to force rate hikes are providing a boost to growth-oriented stocks.",https://finnhub.io/api/news?id=d03b233713f70a5a06772aadbf91470101d27b285c62c5c6fdf06263444a4686,2026-03-31T12:40:37+00:00,,3,positive,1,0,1,0,0,0,0,0,0,0,0,0
TSM,finnhub_news,Benzinga,Taiwan Semiconductor Wins Approval For Ultra-Efficient AI Chip Mega-Factory In Japan,https://finnhub.io/api/news?id=73d7d4a7aa083ed695fc1081e303909e9b2f76d94287886985d5ba0d31e3124b,2026-03-31T11:51:39+00:00,,6,neutral,0,0,0,1,2,0,0,1,1,0,0,0
TSM,finnhub_news,Benzinga,"TSMC's Supply Squeeze Through 2028 Could Be This Chipmaker's Big Break As AI Demand From Nvidia, Apple Surges",https://finnhub.io/api/news?id=3a677a56d7974a5d4bc6ec749c368ee90ebe45bed8f42b18a8c520061c179ecd,2026-03-31T02:23:58+00:00,,6,positive,2,0,0,2,1,0,2,0,0,0,0,0
TSM,finnhub_news,Benzinga,"Taiwan Semiconductor shares are trading lower. A Form 4 filing showed its Vice President Lin Shyue-Shyh purchased 2,000 shares at an average price of $55.63.",https://finnhub.io/api/news?id=785480475463eacd39aac304e60b3bd0ee2ebefb1b9cc2cd470177db4481ff8c,2026-03-30T13:12:22+00:00,,6,neutral,0,0,0,0,0,0,0,0,1,0,0,0
TSM,finnhub_news,Benzinga,Taiwan Semiconductor Anchors Explosive $320 Billion Chip Boom In 2025,https://finnhub.io/api/news?id=dbfeac0a366e491a488f3190fae05cd18c6fdbc8a1e392f837fc3646f70fe04e,2026-03-30T09:27:02+00:00,,6,positive,1,0,0,1,2,0,0,0,1,0,0,0
TSM,finnhub_news,Benzinga,"If You Invested $1000 In Taiwan Semiconductor Stock 5 Years Ago, You Would Have This Much Today",https://finnhub.io/api/news?id=09a8be623ce0f80634bee04232c42a647ad0020adc4ee4b6669c39fe551f9428,2026-03-27T12:00:19+00:00,,6,neutral,0,0,0,0,0,0,0,0,1,0,0,0
TSM,finnhub_news,Benzinga,"Shares of semiconductor companies are trading lower amid overall market weakness stemming from the Middle East conflict, with global demand for compute capacity under threat from inflation and borrowing costs.",https://finnhub.io/api/news?id=f7943675fffbf48664ac102cb2129e3a2ef0f0697fca1020fc598e23844f39b0,2026-03-26T14:24:56+00:00,,3,negative,0,2,0,0,1,0,0,0,0,0,0,0
TSM,finnhub_news,Benzinga,"AMD, Intel Rally On AI Chip Shortage — Semiconductor ETFs Gain, But Risks Linger",https://finnhub.io/api/news?id=1891a746dd33fbea39a3fad92185d7e8a650d8076e23fd34132842d2ccd6e9f2,2026-03-25T18:04:28+00:00,,3,negative,1,4,0,2,0,0,1,0,0,0,2,1
TSM,finnhub_news,Benzinga,SK Hynix Targets Massive US IPO To Fuel Global AI Chip Expansion,https://finnhub.io/api/news?id=316c178a1e338e4af8be260567630cc7be5a6d024da631f9e6eeed6286b7f2f9,2026-03-25T10:12:43+00:00,,3,neutral,0,0,0,1,0,0,0,1,0,0,0,1
TSM,finnhub_news,SeekingAlpha,Arm Holdings: A Bold Move Into AI Chips And I'm Bullish,https://finnhub.io/api/news?id=cf2c25cf187f428dfe2f1c060070d1e927fa755a25b950f959c92cdb5f5a3f05,2026-03-25T10:00:03+00:00,,3,positive,1,0,0,2,0,0,0,0,0,0,0,0
TSM,finnhub_news,Benzinga,ARM Stock's Momentum Score Leaps Fueled By In-House AGI Chip Ambitions,https://finnhub.io/api/news?id=4854d7bb014f22f41b05b2398b7d89b9918c339b5d6562cf31def497bf970c9e,2026-03-25T07:39:20+00:00,,3,positive,1,0,0,2,0,0,2,0,0,0,0,0
TSM,finnhub_news,Benzinga,Arm's Big AI Chip Move With Meta Sends Stock Soaring,https://finnhub.io/api/news?id=a4619c4708ec9a7be3130956893044895280a94be65d04895d5fa931f8a56c49,2026-03-25T07:31:24+00:00,,3,neutral,0,0,1,1,0,0,0,0,0,0,0,0
TSM,finnhub_news,Benzinga,Dan Ives Says Tesla's Terafab Project Is Hinting Towards Merger With SpaceX—Predicts Nearly 55% TSLA Upside,https://finnhub.io/api/news?id=8961b61462a7cd652c6393e5603a63a84f757eedd221f30049e08c6431c55ceb,2026-03-25T05:47:14+00:00,,3,neutral,0,0,0,1,1,0,0,0,0,0,0,0
TSM,finnhub_news,Benzinga,Arm Holdings Stock Soars As Company Targets $15 Billion In Annual Sales From New In-House Chip,https://finnhub.io/api/news?id=6619a17ed7e904b7e3e6746ca48fa1704c87800fadd12d29b7ba82ec6d78fcb2,2026-03-24T16:59:19+00:00,,3,neutral,0,0,1,0,0,0,0,0,0,0,0,0
TSM,finnhub_news,Benzinga,AI's Achilles' Heel: How A War-Led Helium Shock Is Exposing Chip ETF Risks,https://finnhub.io/api/news?id=874d7a00398f24688fd59247249b84ec214c1cfabb799fd293ca23cefe454c17,2026-03-24T16:44:23+00:00,,3,negative,0,1,0,0,0,0,0,0,0,0,0,0
TSM,finnhub_news,Benzinga,Broadcom Warns Taiwan Semiconductor Capacity Is Maxed Out,https://finnhub.io/api/news?id=b76230239bdf534d3db9d40ece3687a4e43ce43ad2cdff3f1034618c8881a6bd,2026-03-24T06:00:26+00:00,,6,negative,0,1,0,1,1,0,1,0,1,0,1,0
TSM,finnhub_news,Benzinga,"Shares of semiconductor companies are trading higher as sentiment around the sector improves, with the broader market rebounding after President Trump announced a five-day suspension of U.S. strikes on Iran's power and energy infrastructure.",https://finnhub.io/api/news?id=472f4f0ce59e99d49e9851a262deafeef6ee63d74fe764a3374dedab5b9fe0b2,2026-03-23T14:58:29+00:00,,3,positive,1,0,0,0,0,0,0,0,0,0,0,0
TSM,finnhub_news,Benzinga,Chip Stocks Gain As Trump Hits Pause On Iran Strikes,https://finnhub.io/api/news?id=96445908d5d0f8864da6c7c867ceb755d74aaee0dc0b41e476c79aa4b1fdec38,2026-03-23T09:25:15+00:00,,3,neutral,0,0,0,1,0,0,1,0,0,0,0,0
TSM,finnhub_news,SeekingAlpha,"Undercovered Dozen: Rayonier, Tower Semiconductor, British American Tobacco And More",https://finnhub.io/api/news?id=11a08bb0938d2f8c03d234bfed5f30b47b9863dfd7dc75468da551cc872c0007,2026-03-23T07:17:43+00:00,,3,neutral,0,0,0,1,0,0,0,0,0,1,0,1
TSM,finnhub_news,Benzinga,Why Are Semiconductor Chip Stocks Falling On Thursday?,https://finnhub.io/api/news?id=0585d2c95938aee5e739d8e0caec0ac41e5e3c4c7a239491848effc2d57f6d3a,2026-03-19T10:08:51+00:00,,3,negative,0,1,0,2,0,0,2,0,0,0,1,0
TSM,finnhub_news,Benzinga,Tesla Just Snubbed TSMC — Musk Is Quietly Building A Sovereign Chip Chain,https://finnhub.io/api/news?id=90d8d1a9aabf0f24d72ee5183ac694aa41994a9d046c1dcd4363caa405cfa535,2026-03-18T18:17:50+00:00,,6,negative,0,2,0,0,0,0,0,0,1,0,0,0
TSM,finnhub_news,ChartMill,Taiwan Semiconductor (NYSE:TSM) Shows Strong Growth Momentum and Technical Setup,https://finnhub.io/api/news?id=4df29d0821bcc25afb5df260e1515f3bb232021cd8704b0953d242916675ea32,2026-03-18T11:31:29+00:00,,6,positive,3,0,2,0,0,0,0,0,1,0,0,0
TSM,finnhub_news,Benzinga,TSMC Claims 72% Of Global Chip Market As AI Demand Hits Record Highs,https://finnhub.io/api/news?id=5e8cfd424d010c080fae7a565796177134c645e611a61b9b4214a7cd62a8cc9d,2026-03-18T09:56:19+00:00,,6,positive,2,0,2,1,0,0,0,0,0,0,0,0
TSM,finnhub_news,Benzinga,"Helium Crisis Looms Over Asia's Chip Giants, Fitch Warns",https://finnhub.io/api/news?id=a3c13640c9ad765e6907d061c56d9bc3b21ade0f50553537175ebf99a6474bbe,2026-03-18T07:38:51+00:00,,3,negative,0,1,0,0,0,0,0,0,1,0,0,0
TSM,finnhub_news,Benzinga,Samsung Electronics To Kickstart Tesla Chips Production In Late 2027,https://finnhub.io/api/news?id=4a5d530d09d6dfc7982ce2d4a52d012bfc48b3b9146df52ae814f16972cb8d9d,2026-03-18T04:18:51+00:00,,3,neutral,0,0,0,0,0,0,0,0,0,0,0,0
TSM,finnhub_news,Benzinga,"Nvidia, TSMC Are Dangerously Exposed To A Hidden War Risk (Hint: Not Oil)",https://finnhub.io/api/news?id=12c94787f0429e4ef5476ca7faeb431beebd12d8631c65e00b31e2a5712596d8,2026-03-17T10:06:52+00:00,,4,negative,0,2,0,1,0,0,1,0,1,0,1,0
TSM,finnhub_news,Benzinga,"Billionaire Investor Rotates Chip Stakes: Slashes TSM, Loads Up On Nvidia",https://finnhub.io/api/news?id=5003d5d264e9aab495a8a550e68945b46174165aa3b5bb5aecbb36d013b539ba,2026-03-17T09:36:54+00:00,,6,neutral,0,0,0,2,0,0,1,1,1,0,0,0
TSM,finnhub_news,Benzinga,What's Going On With Taiwan Semiconductor Stock Tuesday?,https://finnhub.io/api/news?id=fefa073ec5efb0880199ca1066fa5588c41fc65a5b002484509b1e84c9433dd0,2026-03-17T07:57:48+00:00,,6,negative,0,1,1,1,1,0,0,0,2,0,0,1
TSM,finnhub_news,SeekingAlpha,U.S.-Iran War: Hidden Risks For Semiconductors,https://finnhub.io/api/news?id=75dda1089250f409d0a6a0c18ce75545684c5395d9731bf21fbb0da0d4693c04,2026-03-16T17:31:05+00:00,,3,negative,0,1,0,0,1,0,0,0,1,0,0,0
TSM,finnhub_news,Benzinga,"China 'Homegrown' Gamble: Can New 7nm Chips Finally Replace Nvidia, TSMC?",https://finnhub.io/api/news?id=f7ebbcd24b843fa06b2f27a14902c72b170ed3264d68e38882c28337018a8484,2026-03-16T09:53:41+00:00,,6,neutral,0,0,0,1,0,0,1,0,1,0,0,0
TSM,finnhub_news,Benzinga,"Nvidia Rubin GPU Faces Possible Delay As HBM4 Supply Falls Short, While Google TPU Demand Surges In Race For TSMC Capacity: Report",https://finnhub.io/api/news?id=38921c31e30b8e55eeeeea7e807691b3ade1d4217ea9fb4032a453d82e4b4175,2026-03-15T23:19:50+00:00,,4,neutral,1,1,0,3,1,1,1,0,0,0,1,0
TSM,finnhub_news,Benzinga,Elon Musk Says Tesla's 'Terafab' AI Chip Project Launches In 7 Days,https://finnhub.io/api/news?id=ed62ab9d5d723c5743bd781a499f83528724aedaa1562e4c652a7c8164b3d136,2026-03-14T22:23:28+00:00,,3,neutral,0,0,0,1,1,0,0,0,0,0,0,0
TSM,finnhub_news,SeekingAlpha,Tower Semiconductor: The Hidden AI Photonics Winner,https://finnhub.io/api/news?id=a40cfba8f509c1b310aed1a49eb64d00f55dd7b1c035eff790725fb718851e3c,2026-03-13T10:24:00+00:00,,3,positive,2,0,1,1,0,0,1,0,0,0,0,0
TSM,finnhub_news,Benzinga,Taiwan Semiconductor Now Commands 70% Of Global Foundry Market,https://finnhub.io/api/news?id=9c2664de00412a5353ff6f64a3ecdd7dfb30a80b85a29d07ea95aa04ad07a856,2026-03-13T09:28:31+00:00,,6,positive,1,0,0,1,1,0,0,0,1,0,0,0
TSM,finnhub_news,Benzinga,China's ByteDance Outsmarts US Sanctions With Offshore Nvidia AI Buildout,https://finnhub.io/api/news?id=f99b4866bc5847fab31635c6a05032b634d5921441da18415bf8bb45c958af56,2026-03-13T07:41:03+00:00,,4,neutral,0,0,0,2,0,0,1,0,1,0,0,0
TSM,finnhub_news,Benzinga,Taiwan Semiconductor Stock Slides Thursday: What's Happening?,https://finnhub.io/api/news?id=956dd2bac67d63147add99dee6d0b63633eecbc9da0fcb64a3cd1f3d45b87198,2026-03-12T13:30:16+00:00,,6,negative,0,1,0,0,1,0,0,0,1,0,0,0
TSM,finnhub_news,Benzinga,Shares of semiconductor companies are trading lower amid overall market weakness due to the ongoing conflict in the Middle East. The industry may be pulling back due to high energy costs that may disrupt the chipmaking process.,https://finnhub.io/api/news?id=5242a631957989c6b7c4bde268161c63e60d8ebd239927379b77eb6c4d1f7676,2026-03-12T11:53:45+00:00,,3,negative,0,2,0,0,1,0,0,0,0,0,0,0
TSM,finnhub_news,ChartMill,"Taiwan Semiconductor Manufacturing Co., Ltd. (NYSE:TSM) Combines Strong Growth with Bullish Technical Setup",https://finnhub.io/api/news?id=4e25b1c684bbd9ca704acc980152bc1ae2d1b7885325e621898a802b1f62189a,2026-03-12T09:52:12+00:00,,6,positive,4,0,2,1,1,0,0,0,1,0,0,0
TSM,finnhub_news,Benzinga,Broadcom Debuts Powerful Chip To Handle AI's Exploding Data Needs,https://finnhub.io/api/news?id=da753e7f7da6c9d27a7d86318b2d1475349f9caa121ef1c263d9de5e9c05a8a5,2026-03-11T14:17:58+00:00,,3,neutral,0,0,0,2,0,0,1,0,0,0,0,0
TSM,finnhub_news,SeekingAlpha,TSMC: Recent Fears Make This Another Bargain Buying Opportunity,https://finnhub.io/api/news?id=0514ed3d6de41b07f9b84b35b7f346fb7a73e9e3f9ca7c74f52511a2e37803d4,2026-03-11T11:30:00+00:00,,4,neutral,1,1,0,1,1,0,0,0,2,0,0,0
TSM,finnhub_news,Benzinga,Why Iran War Could Short-Circuit Global Chip Boom,https://finnhub.io/api/news?id=5824ea1048bd4fc7655735ae6c5eae83befaf992a874502081ecb0ba3365ea21,2026-03-11T07:44:59+00:00,,3,negative,1,2,0,1,0,0,0,0,0,0,1,0
TSM,finnhub_news,SeekingAlpha,Taiwan Semiconductor: Loading Up On The Dip,https://finnhub.io/api/news?id=2ea9fba369c79883d37c4ff87bf6281f7c1a71207571606b736c657273cc8626,2026-03-11T07:30:39+00:00,,6,positive,1,0,3,0,0,0,0,0,1,0,0,0
TSM,finnhub_news,Benzinga,"Shares of semiconductor companies are trading higher, as sentiment may be aided by Micron Technology's DRAM and NAND partnership with Applied Materials, along with Taiwan Semiconductor's strong early 2026 sales data. Sector sentiment may also be boosted by remarks from President Trump suggesting the Middle East conflict could end soon, easing inflation and supply-chain concerns.",https://finnhub.io/api/news?id=4dab862e50f63a1ed84c0f2253079bc7c4dd8ee08f42a0a902087338c3711489,2026-03-10T15:10:29+00:00,,6,neutral,1,1,1,0,0,0,0,0,1,0,0,0
TSM,finnhub_news,Benzinga,Recent Report Shows That Rep. Gilbert Ray Cisneros Bought Up to $1.11M Worth of Taiwan Semiconductor Stock,https://finnhub.io/api/news?id=178deffa30112824f5d2213eb9c7547803658b6b05a04b02451b18fd2fb6bcd6,2026-03-10T11:00:33+00:00,,6,neutral,0,0,0,0,0,0,0,0,1,0,0,0
TSM,finnhub_news,Benzinga,Unpacking the Latest Options Trading Trends in Taiwan Semiconductor,https://finnhub.io/api/news?id=97afe76d436b6d05a1bf6509428a3de955c9f91c7a1bb270a3082a539dfcc3e9,2026-03-10T10:01:06+00:00,,6,neutral,0,0,0,0,0,0,0,0,1,0,0,0
TSM,finnhub_news,SeekingAlpha,Wall Street Breakfast Podcast: AI Spending Drives TSMC,https://finnhub.io/api/news?id=a7e925fd059dc62e89c50cbdcfbd31d9ef20c8e9540b11ff64403d824b59b1fd,2026-03-10T07:00:34+00:00,,4,neutral,1,1,1,1,0,0,0,1,1,0,0,0
TSM,finnhub_news,Benzinga,Chip King Taiwan Semiconductor Thrives As World Can't Get Enough AI Hardware,https://finnhub.io/api/news?id=7075a3001d52ab9cdc15d25807f9bb5c6d1be2989b1c3bb3cd650c6d16768e26,2026-03-10T05:31:18+00:00,,6,neutral,1,1,2,1,0,0,0,1,1,0,0,0
TSM,finnhub_news,Benzinga,TSMC Reports 22.2% Year-Over-Year Revenue Growth In February 2026 Despite 20.8% Monthly Decline; January-February Up 29.9%,https://finnhub.io/api/news?id=ccf6a2960d292330d86edbc45834dae0c5e4b0da321fe8fb30fcf608e233acfb,2026-03-10T02:07:52+00:00,,4,neutral,1,1,2,0,0,0,0,0,0,0,0,0
TSM,finnhub_news,Benzinga,"If You Invested $1000 In Taiwan Semiconductor Stock 5 Years Ago, You Would Have This Much Today",https://finnhub.io/api/news?id=be87c7fb4ace502568ff0e497d95f9b9a9672ed35fd4e2378499456749376acb,2026-03-09T19:00:23+00:00,,6,neutral,0,0,0,0,0,0,0,0,1,0,0,0
TSM,finnhub_news,Benzinga,"Taiwan Semiconductor Just Put 8,000 New Jobs On The Table",https://finnhub.io/api/news?id=82b919a0c437fc84f9013072197b9d045d618e627d151df731b6e7362c694c42,2026-03-09T05:37:36+00:00,,6,neutral,0,0,0,0,0,0,0,0,1,0,0,0
TSM,finnhub_news,Benzinga,"Rick Tsai Shares Advice Once Given To Him By Jensen Huang, Reveals MediaTek Engineers Are Learning From Nvidia Amid Deepening Chip Partnership",https://finnhub.io/api/news?id=53da960c4f69a6d6bccabb6e4ddd99a9efaa3ee12e9fd333e399854a4ab4f43c,2026-03-09T03:34:09+00:00,,3,neutral,0,0,0,2,0,0,1,0,1,0,0,0
TSM,finnhub_news,Benzinga,Shares of semiconductor companies are trading lower after reports suggested that the White House is planning more rules for foreign buyers of large quantities of US chips. The drop comes amid a broader decline in growth-oriented tech stocks.,https://finnhub.io/api/news?id=67953b618e7e0ae9a714eabc76409e372009e17aa480aac7605eb2cb2724dbfc,2026-03-06T14:09:28+00:00,,3,neutral,1,1,1,0,0,0,0,0,0,0,0,0
TSM,finnhub_news,SeekingAlpha,CHPY: Extreme Yield ETF From Semiconductor Stocks And Options,https://finnhub.io/api/news?id=784a4ce3758adcd3d701b7f671187701198575c94780caa51e96bbe15d6f162d,2026-03-06T13:12:09+00:00,,3,neutral,0,0,0,0,0,0,0,0,0,0,0,0
TSM,finnhub_news,Benzinga,China's Semiconductor Makers Unite In Call To 'Build China's ASML',https://finnhub.io/api/news?id=905f69cd6ef2210d29f13fbdaa53c7371b1dd58a3064bd83e8cd5a5f96a622d1,2026-03-06T08:51:58+00:00,,3,neutral,0,0,0,0,0,0,0,0,1,0,0,0
TSM,finnhub_news,Benzinga,Broadcom Locks Key AI Chip Supply Through 2028,https://finnhub.io/api/news?id=52c3cf2e57ff3fe569e53dc8b78394fb18347c4ae85677d19229d9af2b10849e,2026-03-06T07:01:26+00:00,,3,neutral,0,0,0,1,1,1,2,0,0,0,0,0
TSM,finnhub_news,Benzinga,Chipmakers Watch Middle East Closely As Supply Risks Mount,https://finnhub.io/api/news?id=a5d4bcbda0e74df3e249edeeec20059e3c78bf4e838722a8da609e3e54c78ea8,2026-03-06T06:09:40+00:00,,3,negative,0,2,0,0,0,0,0,0,0,0,1,0
TSM,finnhub_news,Yahoo,TSMC Speeds Southern Taiwan Mega Fab As AI Demand Meets Valuation Debate,https://finnhub.io/api/news?id=b3dc88ff831666ff9fd08c679127ecaab1592357fb2032175a7b4d48ec45cd0e,2026-03-05T18:09:32+00:00,,6,neutral,0,0,0,1,2,0,0,0,1,0,0,2
TSM,finnhub_news,Yahoo,"Tech stocks today: Nvidia stops H200 chip production, Anthropic restarts talks with Pentagon",https://finnhub.io/api/news?id=135500872848a184ab12845d94b7961f94968d44b560ee32a7d368d4ce522267,2026-03-05T13:59:28+00:00,,3,positive,1,0,0,1,0,0,2,0,1,0,0,0
TSM,finnhub_news,Yahoo,Nvidia Shifts Focus After China Chip Roadblock,https://finnhub.io/api/news?id=ab42fcb843548595ee2932441aa3a2d7a67a18164cf14adde0d97d476b49929a,2026-03-05T12:24:58+00:00,,3,neutral,0,0,0,1,0,0,1,0,1,0,0,0
TSM,finnhub_news,Yahoo,"Nvidia Halts China Bound H200 Chip Output, Shifts Focus to Vera Rubin",https://finnhub.io/api/news?id=aea0a3d656dd0d7ae8c7a7010920f993ac5430024bbd68d5b53b9076f5f1d5bb,2026-03-05T12:02:48+00:00,,3,neutral,0,0,0,2,1,0,1,0,1,0,0,0
TSM,finnhub_news,Yahoo,Nvidia refocuses TSMC capacity as export controls stall China sales,https://finnhub.io/api/news?id=1756d8cc3d3948d63fd49e912e585ef31616b3d14e4489dd04e48823fbd12f35,2026-03-05T05:00:33+00:00,,4,neutral,0,0,1,1,1,0,1,0,3,0,0,0
TSM,finnhub_news,Benzinga,Nvidia Abandons China-Bound Chips To Fast-Track Vera Rubin,https://finnhub.io/api/news?id=9548b1c1b4ccfa5c4df13838e72a0ea234ef4dea260a193efd470b1212118cd5,2026-03-05T06:12:48+00:00,,3,neutral,0,0,0,1,0,0,1,0,1,0,0,0
TSM,finnhub_news,Benzinga,AI Gold Rush Sends Taiwan Semiconductor Racing To Build Another Mega Factory,https://finnhub.io/api/news?id=3d3f66610d5503cdce7b5a00b533f2fbf54fa04b6e3f6fba478980aa9cfae45a,2026-03-05T05:53:22+00:00,,6,positive,1,0,0,2,1,0,0,0,1,0,0,0
TSM,finnhub_news,Yahoo,"Nvidia halts China-bound H200 output, shifts TSMC capacity to Vera Rubin, FT reports",https://finnhub.io/api/news?id=d214e33114dcdb0498093434b13ea50c360ed2e1f6a57d7e8069c34d24aae59c,2026-03-05T05:12:22+00:00,,4,neutral,0,0,0,2,2,0,1,0,1,0,0,0
TSM,finnhub_news,Benzinga,TSMC Says Iran War Poses No Significant Threat To Raw Material Supply Chain At This Time,https://finnhub.io/api/news?id=745da7edad9c699280a0afa792c59c9a2e7982ec9dea6fe2a2a9f0ee1b242c77,2026-03-05T03:35:43+00:00,,4,neutral,0,0,0,0,0,0,0,0,0,0,0,0
TSM,finnhub_news,Benzinga,'Nvidia Refocuses TSMC Capacity As Export Controls Stall China Sales' - FT,https://finnhub.io/api/news?id=756190a2e2c552e0734da8c76e4e587726759f9eb1431a2606e3534ff0d1993d,2026-03-05T03:34:47+00:00,,4,neutral,0,0,1,1,1,0,1,0,2,0,0,0
TSM,finnhub_news,Yahoo,TSMC (TSM) Exceeds Market Returns: Some Facts to Consider,https://finnhub.io/api/news?id=95a41f83e47b46b5a3ebca60bc7824ecbe41eedbaf2f5b593d7b765154341ea7,2026-03-04T22:45:02+00:00,,4,neutral,0,0,0,0,0,0,0,0,0,0,0,0
TSM,finnhub_news,Benzinga,"Cathie Wood Buys What This Billionaire Is Selling: Ark Adds Amazon And Alibaba Stock, Dumps This Chip Giant",https://finnhub.io/api/news?id=6c95a45fb98b606ac8cdb16fa8671760f414107ca53d0c9f78af36d03df78db7,2026-03-04T22:37:26+00:00,,3,neutral,0,0,0,0,0,0,0,0,0,0,0,0
TSM,finnhub_news,Yahoo,The $650 Billion AI Surge Is Here—2 Semiconductor ETFs to Play It,https://finnhub.io/api/news?id=4baf731e998496800d0c078c1ef08edf814cf7286b30888cf6b0335672ccf3fa,2026-03-04T19:20:00+00:00,,3,positive,1,0,0,1,0,0,0,0,0,0,0,0
TSM,finnhub_news,Benzinga,"Live On CNBC, Steve Weiss Announces Trimmed Taiwan Semiconductor Manufacturing Position",https://finnhub.io/api/news?id=fb6c97f844be912beb2a55dce05c404457dbc0fcc25ed1592e91bb7be15dfe89,2026-03-04T13:20:07+00:00,,6,neutral,0,0,0,0,1,0,0,0,1,0,0,0
TSM,finnhub_news,Yahoo,Cathie Wood Loads Up on Alibaba and Amazon -- Sells TSMC and Baidu,https://finnhub.io/api/news?id=7557cc089a4949445ebba1bb4918d1e23d0c2a10f482259e092766256383169a,2026-03-04T12:05:12+00:00,,4,neutral,0,0,0,0,0,0,0,0,1,0,0,0
TSM,finnhub_news,Benzinga,Spotlight on Taiwan Semiconductor: Analyzing the Surge in Options Activity,https://finnhub.io/api/news?id=6b22e571d29a2390b95599529257318e485a4fbd4fa199ecfe872015d40d3c0a,2026-03-04T11:01:15+00:00,,6,positive,1,0,0,0,0,0,0,0,1,0,0,0
TSM,finnhub_news,Benzinga,"Nvidia Leads Chip Stock Rebound, Billionaire Investor Buys 1 Million Shares To Defy AI 'Bubble' Fears",https://finnhub.io/api/news?id=e38dc3591a46f041b73f85daba10c20ce6f3158a3189bd034a001c06671b0812,2026-03-04T11:00:28+00:00,,3,neutral,0,0,0,3,0,0,2,0,0,0,0,0
TSM,finnhub_news,Yahoo,Billionaire Stanley Druckenmiller Dumped 2 of His Top Performers -- Teva and Taiwan Semiconductor -- and Made This Sector-Based ETF His Fund's New No. 2 Holding,https://finnhub.io/api/news?id=6ba90043262a4d737ffebc95f2eb040ba15b0a42691cdb5323061ac1556e6266,2026-03-04T09:26:00+00:00,,6,neutral,0,0,1,0,0,0,0,0,1,0,0,0
TSM,finnhub_news,Yahoo,TSMC Shares Sink Amid Iran Tensions and Tech Selloff,https://finnhub.io/api/news?id=08bae4d7be7cfce36eceaf9111dd9802d3ff8ce6ec065ac13d5727f9a513b1d0,2026-03-03T17:57:16+00:00,,4,neutral,0,0,0,0,0,0,0,0,0,0,0,0
TSM,finnhub_news,Yahoo,Why Onto (ONTO) Should Be Considered A Semiconductor Play In 2026,https://finnhub.io/api/news?id=5b77f7fe6c53d0e016ec853380e910279b46ae1f75348c77b0b0b79fbbce4b70,2026-03-03T15:28:17+00:00,,3,positive,1,0,0,1,0,0,0,1,0,1,0,0
TSM,finnhub_news,Benzinga,Taiwan Semiconductor's AI Breakthroughs Don't Calm Wall Street—Profits Are The Flashpoint,https://finnhub.io/api/news?id=fa7af4e6fac964479d970c29db1d12f19d890926436fcd4b150b8bf165aefa93,2026-03-03T13:44:35+00:00,,6,negative,1,2,0,2,0,0,2,0,2,0,0,0
TSM,finnhub_news,Benzinga,Shares of semiconductors companies are trading higher amid overall market strength after Iran announced the reopening of the Strait of Hormuz for the remainder of the ceasefire on the heels of a 10-day armistice between Israel and Lebanon. This alleviates the ongoing supply disruption and lessens energy costs.,https://finnhub.io/api/news?id=0defceeda756699afaa05ecba484148c115246d7bf0194cefa210010965509e4,2026-04-17T12:54:43+00:00,,3,negative,0,1,0,0,0,0,0,0,1,0,0,0
TSM,finnhub_news,Benzinga,Shares of semiconductor companies are trading lower amid overall market weakness due to the Middle East conflict. The industry is weighed down by disruption to energy supplies and critical infrastructure.,https://finnhub.io/api/news?id=206e43b1d72bc8986a0b6bc50b4fb2b3fd1a048c5bb4f585211defd2dfbfa6cf,2026-03-03T12:33:36+00:00,,3,negative,0,1,0,0,0,0,0,0,0,0,0,0
TSM,finnhub_news,Benzinga,ASML Moves Beyond EUV As AI Chip Arms Race Heats Up,https://finnhub.io/api/news?id=190cf5b004030aff77e1aec2e1a7267229e3366b0afbb18ac5df15362bf3f8a9,2026-03-03T05:54:55+00:00,,3,neutral,0,0,0,1,0,2,0,0,0,0,0,0
TSM,finnhub_news,Benzinga,AMD Just Unleashed World's First Copilot+ AI Desktop Chips,https://finnhub.io/api/news?id=fc20496066e5677c16aab4fbc2a204341d90ae5b1de0643d16003bde3c138163,2026-03-02T10:24:48+00:00,,3,neutral,0,0,0,2,1,0,1,0,0,0,0,0
TSM,finnhub_news,Benzinga,Why Nvidia's Record Profits Weren't Enough: Chip Stocks Tumble As AI Hype Hits A Wall,https://finnhub.io/api/news?id=8fbd8595c37615be987825142645c8c71d1758e28247c0f7865ca983a872d817,2026-02-27T12:23:26+00:00,,3,positive,3,0,2,3,0,0,2,0,0,0,0,0
TSM,finnhub_news,Benzinga,Taiwan Semiconductor Joins The $2 Trillion Elite Club,https://finnhub.io/api/news?id=20b81256997d12510d3d9402d037272dd1be1e7b3f65e1854931905e4525a789,2026-02-26T06:16:29+00:00,,6,neutral,0,0,0,1,0,0,4,0,1,0,0,0
TSM,finnhub_news,Benzinga,China's Top Chipmakers Race To Scale Advanced AI Chips Despite US Curbs As Demand Surges: Report,https://finnhub.io/api/news?id=68d99a82dbc9f944e344caecf0d8e38ea369a29d556d800ac4ca55fbe5e2b93b,2026-02-25T08:06:53+00:00,,3,positive,1,0,0,1,0,0,0,0,1,0,0,1
TSM,finnhub_news,Benzinga,US Claims China's DeepSeek Used Banned Nvidia Blackwell Chips,https://finnhub.io/api/news?id=b0fdc54b145add1e063bcc643057f02b839bb5dc6fcb36d50272f8d7fc9a7bee,2026-02-24T07:56:13+00:00,,3,negative,0,1,1,2,0,0,1,0,2,0,0,0
TSM,finnhub_news,ChartMill,Taiwan Semiconductor (NYSE:TSM) Shows Strong Growth Momentum and Bullish Chart Setup,https://finnhub.io/api/news?id=acacbdf88c71ba7b5e76367c12447b7625977b1c59c11309d2a3a5ac2e05560b,2026-02-20T10:10:55+00:00,,6,positive,4,0,2,0,0,0,0,0,1,0,0,0
TSM,finnhub_news,Benzinga,'Silicon Shield' Holds Strong: Taiwan Set To Dominate AI Chip Supply For Years,https://finnhub.io/api/news?id=b587ec83fa06a7387343e209408feb6319a9daef9755098c2e831b90cd26eb4a,2026-02-20T06:40:47+00:00,,3,positive,2,0,1,1,0,0,0,0,1,0,0,0
TSM,finnhub_news,SeekingAlpha,Is Taiwan Semiconductor Too Expensive Now?,https://finnhub.io/api/news?id=9184910917648f8608676e9692222b9e8b3a363cfa6a832a40d141373420432e,2026-02-19T07:37:51+00:00,,6,neutral,0,0,0,0,0,0,0,0,1,0,0,0
TSM,finnhub_news,Benzinga,Behind the Scenes of Taiwan Semiconductor's Latest Options Trends,https://finnhub.io/api/news?id=5407fdf097af6938a01c83cc06cf478a614c181cea0f462ef669411bd898c8fd,2026-02-18T11:01:10+00:00,,6,neutral,0,0,0,0,0,0,0,0,1,0,0,0
TSM,finnhub_news,Benzinga,$100 Invested In Taiwan Semiconductor 5 Years Ago Would Be Worth This Much Today,https://finnhub.io/api/news?id=64d47892351a1b87b2e048e0fcd5bcc480214d70a2e5a14e7bf999fb5b49f0d9,2026-02-18T10:00:52+00:00,,6,neutral,0,0,0,0,0,0,0,0,1,0,0,0
TSM,finnhub_news,Benzinga,"Daniel Loeb's Third Point Loads Up On Chipotle, Constellation, Alibaba While Slashing TSM, Amazon in Q4 Shake-Up",https://finnhub.io/api/news?id=dde6688d808fa7407796e4f431fe23a0c3e90d1d596ebc644916ab1caff73748,2026-02-18T03:28:21+00:00,,6,neutral,0,0,1,0,0,0,0,0,0,0,0,0
TSM,finnhub_news,Benzinga,Why Investors Are Quietly Rotating Out Of Semiconductor Stocks,https://finnhub.io/api/news?id=3ae0e32322ffa6619d14e83ff86e0dac185769cf76b6200c98b6ebb39db3a67d,2026-02-17T15:38:17+00:00,,3,neutral,0,0,0,0,0,0,0,0,0,0,0,0
TSM,finnhub_news,Fintel,DA Davidson Initiates Coverage of Taiwan Semiconductor Manufacturing Company Limited - Depositary Receipt (TSM) with Buy Recommendation,https://finnhub.io/api/news?id=6dbecfa913ba3c1ee2ce0139edc523ad5f5e4ee592f6f2fa8b649efcd7ff2658,2026-02-17T03:41:39+00:00,,6,neutral,0,0,0,0,1,0,0,0,1,0,0,0
TSM,finnhub_news,Benzinga,Nvidia Supplier TSMC Sees Momentum Surge As Global AI Demand Hits Fever Pitch,https://finnhub.io/api/news?id=036e0c00a362a816e3120b1785b6a4a699b7711e110955387aa352cbf706183d,2026-02-16T08:22:00+00:00,,4,positive,2,1,0,2,0,0,1,1,0,0,0,0
TSM,finnhub_news,Fintel,DA Davidson Initiates Coverage of Taiwan Semiconductor Manufacturing Company Limited - Depositary Receipt (TSM) with Buy Recommendation,https://finnhub.io/api/news?id=febacb85fa91552e8dbb5c92befbfeadcfa9e146cd69a908e653f50e6d4cfea9,2026-02-13T15:02:43+00:00,,6,neutral,0,0,0,0,1,0,0,0,1,0,0,0
TSM,finnhub_news,Benzinga,"Taiwan Semiconductor Trades Near 52-Week High After AI Demand, Big Tech Spending Lift Shares",https://finnhub.io/api/news?id=3ca63777dde13c5355da28cfbd2baa9baa25ceb204b43f9023fcfcfc794e99ca,2026-02-13T14:07:57+00:00,,6,positive,2,1,2,1,0,0,0,1,1,0,0,1
TSM,finnhub_news,Benzinga,This Taiwan Semiconductor Analyst Begins Coverage On A Bullish Note; Here Are Top 5 Initiations For Friday,https://finnhub.io/api/news?id=4fe7e915e49e185ac6764a801560922a6af2ff8d4329bf656e8bccbe7e912d23,2026-02-13T10:36:53+00:00,,6,positive,1,0,0,0,0,0,0,0,1,0,0,1
TSM,finnhub_news,Benzinga,"DA Davidson Initiates Coverage On Taiwan Semiconductor with Buy Rating, Announces Price Target of $450",https://finnhub.io/api/news?id=17dea4f4342293fb84deec09b89c3a429b132039660daa0aef58e7838fda5f99,2026-02-13T10:11:33+00:00,,6,positive,1,0,0,0,0,0,0,0,1,0,0,3
TSM,finnhub_news,Benzinga,Shares of semiconductor companies are trading lower amid overall market weakness as investors rotate out of the industry. Recent payroll economic data may impact future rate cuts as investors await Friday's CPI results.,https://finnhub.io/api/news?id=90c5bb2ecf739d70b2e14ebfa39259d8b3ceddea577644c44b573f7e4f5cca3c,2026-02-12T14:25:24+00:00,,3,negative,0,1,0,0,0,0,0,0,0,0,0,0
TSM,finnhub_news,SeekingAlpha,Taiwan Semiconductor: Transition From An iPhone To An AI Era,https://finnhub.io/api/news?id=b1324498ed8ab2e32f064576aafa484633321ddbfafe36818fd97414619760b8,2026-02-12T11:34:37+00:00,,6,neutral,0,0,1,2,1,0,1,0,1,0,0,0
TSM,finnhub_news,Benzinga,Market Whales and Their Recent Bets on TSM Options,https://finnhub.io/api/news?id=876263298cc8712fd91ac835c6df2439cbce952e35e97e1e6567833284fe5e22,2026-02-12T11:01:30+00:00,,4,neutral,0,0,0,0,0,0,0,0,0,0,0,0
TSM,finnhub_news,Benzinga,Taiwan Semiconductor Stock Hits 52-Week High: What's Happening Today?,https://finnhub.io/api/news?id=5a565c48e4b3adeaf8a50481b2ad31f6e28dc05464bff1911620032ec3f84485,2026-02-11T14:07:30+00:00,,6,positive,2,0,1,0,0,0,0,0,1,0,0,1
TSM,finnhub_news,SeekingAlpha,The 'Nvidia Moment' For Semiconductor Supply Just Arrived,https://finnhub.io/api/news?id=3a0cd28fd219d18652efa53e790abf185e0c7217dfa9125a5f9a4c3967fff86d,2026-02-11T10:35:00+00:00,,3,neutral,0,0,0,2,0,0,1,0,1,0,0,0
TSM,finnhub_news,Benzinga,Lutnick Signals No Wiggle Room For Nvidia On China Chip Controls,https://finnhub.io/api/news?id=7bde9597b9d56b7f1851b907ffe9e12dee59b9e5ea309a73c33aec452ed64cdd,2026-02-11T07:35:22+00:00,,3,neutral,0,0,0,2,0,0,1,0,1,0,0,0
TSM,finnhub_news,SeekingAlpha,The Capex Cycle And Semiconductors,https://finnhub.io/api/news?id=063c865a2fee63f42309c344f8c130129c85d365d3a9e7bc83dcbc4810e63cf3,2026-02-10T08:30:00+00:00,,3,positive,1,0,0,1,0,0,0,1,0,0,0,0
TSM,finnhub_news,Benzinga,Taiwan Semiconductor Stock Smashes 52-Week High After Blowout January Sales,https://finnhub.io/api/news?id=bc37c8821b9167e66e9e8dd9a38d8430b7057243da55b89af579989987672af7,2026-02-10T06:12:43+00:00,,6,positive,1,0,2,1,0,0,0,1,1,0,0,0
TSM,finnhub_news,Benzinga,"Taiwan Semiconductor Reported January 2026 Net Revenue Growth Of 36.8% YoY, Topline Grew 19.8% QoQ",https://finnhub.io/api/news?id=85ec40c459612126c2e032fe8b83ab95457c1214cfba5d76b62776bb00270a78,2026-02-10T05:03:56+00:00,,6,positive,1,0,2,0,0,0,0,0,1,0,0,0
TSM,finnhub_news,Benzinga,"Trump Weighs Broad Chip Tariffs But Plans To Shield Big Tech Companies Like Amazon, Microsoft And Google Through TSMC-Linked Exemptions: Report",https://finnhub.io/api/news?id=00b5dc5f69995e23ad28310987d297b0395ba35fb7561b927ca77ced2d0a77c1,2026-02-09T23:28:57+00:00,,6,negative,0,2,0,2,0,0,0,0,1,0,0,0
TSM,finnhub_news,Benzinga,'Impossible!': Taiwan Slams The Brakes On US Demands For 40% Chip Shift,https://finnhub.io/api/news?id=bfeafbcb6e9d8e03b1f6c2eddbfb1c5ab163a714076f0ed0a687b4f2926ba0b5,2026-02-09T05:44:29+00:00,,3,neutral,0,0,0,0,0,0,0,0,1,0,0,0
TSM,finnhub_news,Benzinga,"What's Going On With Nvidia, AMD And Other Chip Stocks On Friday?",https://finnhub.io/api/news?id=e250056c7501da226b99d7da2908d314f29b4217e35818be9a3cb4fb6ab182c3,2026-02-06T09:26:47+00:00,,3,neutral,1,1,2,3,0,0,3,1,0,0,0,0
TSM,finnhub_news,Benzinga,Taiwan Semiconductor Bets On Japan To Shield Its AI Chip Empire From Global Risks,https://finnhub.io/api/news?id=c739d40ff889ecd3bc8317b70da5d6cb5f25b171735978c92f8afa868129d4c8,2026-02-06T06:44:51+00:00,,6,negative,0,2,0,1,2,0,0,0,3,1,0,0
TSM,finnhub_news,ChartMill,Taiwan Semiconductor (NYSE:TSM) Presents a Compelling Growth and Breakout Setup,https://finnhub.io/api/news?id=85c4eb86c0ee35975c1e6e0f0cae7d0d8bec96850c699281b92aab2eccc8be84,2026-02-05T12:31:33+00:00,,6,positive,3,0,1,0,0,0,0,0,1,0,0,0
TSM,finnhub_news,Fintel,Taiwan's TSMC to produce advanced chips at Japan plant,https://finnhub.io/api/news?id=af0cc379ba6c82df3a47c6fff5c8ca48c53b42baaf2e8aa5b5597ddae4a9bf6d,2026-02-05T06:41:30+00:00,,6,neutral,0,0,0,0,0,0,0,1,1,0,0,0
TSM,finnhub_news,Benzinga,"TSMC Upgrades Japan Plans To 3nm Chips In $17B Expansion, CC Wei Briefed Sanae Takaichi (UPDATED)",https://finnhub.io/api/news?id=843ef38730b04827b11fdb277bf09fe2cc90915ce13d2eccdd1fe0bd2e965c2d,2026-02-04T21:58:28+00:00,,6,positive,3,0,1,0,2,0,0,0,1,0,0,1
TSM,finnhub_news,Benzinga,Shares of semiconductor stocks are trading lower amid market weakness after reports suggest that the Iran nuclear talks are collapsing after the U.S. refused Iran's demands.,https://finnhub.io/api/news?id=34f6a6099b972b8992c68ba42c7aba34937e34a1fbdc587bf19049e448e534e2,2026-02-04T14:02:40+00:00,,3,negative,0,1,0,0,0,0,0,0,0,0,0,0
TSM,finnhub_news,Fintel,Taiwan Semiconductor Manufacturing Company Limited - Depositary Receipt (TSM) Price Target Increased by 17.68% to 360.38,https://finnhub.io/api/news?id=3c32d92f2c49c38b3b03f9717185d64a11a60a224d02efa0510af14fbd8596ad,2026-02-04T13:07:48+00:00,,6,neutral,0,0,0,0,1,0,0,0,1,0,0,1
TSM,finnhub_news,Benzinga,Samsung Arms Its Advanced Chip Push With Invisix Investment,https://finnhub.io/api/news?id=9cd19df34f2a75306cfc9dd9133116a8d62c5d83744febbccd810b699e168748,2026-02-04T07:11:56+00:00,,3,neutral,0,0,0,0,3,0,0,1,0,0,0,0
TSM,finnhub_news,Benzinga,Here's How Much You Would Have Made Owning Taiwan Semiconductor Stock In The Last 20 Years,https://finnhub.io/api/news?id=13d7f83daefce2102dfd612fef334fe7e02393adfec8624dd5bf67cf821c658e,2026-02-03T17:15:26+00:00,,6,neutral,0,0,0,0,0,0,0,0,1,0,0,0
TSM,finnhub_news,SeekingAlpha,Taiwan Semiconductor: Winner Of AI Boom As The Critical Foundry Supplier,https://finnhub.io/api/news?id=7d08552303ae7c61fa57509ba2f79a9e24c409eccb276052b71ecc642cbe0294,2026-02-03T10:30:00+00:00,,6,positive,4,0,0,1,1,0,0,0,1,0,0,0
TSM,finnhub_news,Benzinga,TSM Stock Closes Higher After Key Trading Signal,https://finnhub.io/api/news?id=f07f2e35b382bd03a6e96119f60acc540a49fb0573a89ecbfd569d8893ce559b,2026-02-03T10:24:19+00:00,,4,neutral,0,0,0,0,0,0,0,0,0,0,0,0
TSM,finnhub_news,SeekingAlpha,The Future Of AI Stocks? TSMC Commentary Suggests AI Megatrend,https://finnhub.io/api/news?id=fa2197cc42e5eb64a08581286802b064fc2c998b617c02cb597d4a36b927267b,2026-02-03T10:01:45+00:00,,4,neutral,0,0,0,1,0,0,0,0,0,0,0,0
TSM,finnhub_news,Benzinga,Is the Market Bullish or Bearish on Taiwan Semiconductor Manufacturing Co Ltd?,https://finnhub.io/api/news?id=3811cbd3cd8c7aec32fb90fa840dfc57f9a9cea3ee04ef1bb9cdbf4d5e94d18f,2026-02-02T12:00:29+00:00,,6,neutral,1,1,0,0,1,0,0,0,1,0,0,0
TSM,finnhub_news,Benzinga,Jensen Huang Has No Fear Of Custom Chips From Tech Giants Eclipsing GPUs: 'Doesn't Make Sense',https://finnhub.io/api/news?id=12f384426808cc0ed65f5c8f1c08ac1c33599648e445799f662189a38087926e,2026-02-02T03:15:04+00:00,,3,negative,0,1,0,4,0,0,1,1,0,0,0,0
TSM,gdelt_news,dailypolitical.com,Taiwan Semiconductor Manufacturing Company Ltd . $TSM Shares Acquired by Caldwell Trust Co,https://www.dailypolitical.com/2026/04/28/taiwan-semiconductor-manufacturing-company-ltd-tsm-shares-acquired-by-caldwell-trust-co.html,20260428T101500Z,,6,neutral,0,0,0,0,1,0,0,0,1,0,0,0
TSM,gdelt_news,dailypolitical.com,Mivtachim The Workers Social Insurance Fund Ltd . Under Special Management Decreases Position in Taiwan Semiconductor Manufacturing Company Ltd . $TSM,https://www.dailypolitical.com/2026/04/25/mivtachim-the-workers-social-insurance-fund-ltd-under-special-management-decreases-position-in-taiwan-semiconductor-manufacturing-company-ltd-tsm.html,20260425T154500Z,,6,neutral,0,0,0,0,1,0,0,0,1,0,0,0
TSM,gdelt_news,dailypolitical.com,Taiwan Semiconductor Manufacturing Company Ltd . $TSM Shares Acquired by Impax Asset Management Group plc,https://www.dailypolitical.com/2026/04/25/taiwan-semiconductor-manufacturing-company-ltd-tsm-shares-acquired-by-impax-asset-management-group-plc.html,20260425T150000Z,,6,neutral,0,0,0,0,1,0,0,0,1,0,0,0
TSM,gdelt_news,dailypolitical.com,Montrusco Bolton Investments Inc . Cuts Stock Holdings in Taiwan Semiconductor Manufacturing Company Ltd . $TSM,https://www.dailypolitical.com/2026/04/25/montrusco-bolton-investments-inc-cuts-stock-holdings-in-taiwan-semiconductor-manufacturing-company-ltd-tsm.html,20260425T134500Z,,6,neutral,0,0,0,0,1,0,0,1,1,0,0,0
TSM,gdelt_news,theglobeandmail.com,"Why this money manager owns Caterpillar , TSMC and a Canadian dividend ETF",https://www.theglobeandmail.com/investing/globe-advisor/advisor-funds/article-why-this-money-manager-owns-caterpillar-tsmc-and-a-canadian-dividend/,20260424T093000Z,,4,neutral,0,0,0,0,0,0,0,0,0,0,0,0
TSM,gdelt_news,dailypolitical.com,Tufton Capital Management Trims Stock Position in Taiwan Semiconductor Manufacturing Company Ltd . $TSM,https://www.dailypolitical.com/2026/04/23/tufton-capital-management-trims-stock-position-in-taiwan-semiconductor-manufacturing-company-ltd-tsm.html,20260423T121500Z,,6,neutral,0,0,0,0,1,0,0,0,1,0,0,0
TSM,gdelt_news,themarketsdaily.com,Taiwan Semiconductor Manufacturing ( NYSE : TSM ) Trading Down 1 . 2 % – What Next ? ,https://www.themarketsdaily.com/2026/04/22/taiwan-semiconductor-manufacturing-nysetsm-trading-down-1-2-whats-next.html,20260423T000000Z,,6,neutral,0,0,0,0,1,0,0,0,1,0,0,0
TSM,gdelt_news,dailypolitical.com,Zurcher Kantonalbank Zurich Cantonalbank Boosts Position in Taiwan Semiconductor Manufacturing Company Ltd . $TSM,https://www.dailypolitical.com/2026/04/21/zurcher-kantonalbank-zurich-cantonalbank-boosts-position-in-taiwan-semiconductor-manufacturing-company-ltd-tsm.html,20260421T133000Z,,6,neutral,0,0,0,0,1,0,0,0,1,0,0,0
TSM,gdelt_news,dailypolitical.com,Taiwan Semiconductor Manufacturing Company Ltd . $TSM Stock Position Decreased by Timber Creek Capital Management LLC,https://www.dailypolitical.com/2026/04/14/taiwan-semiconductor-manufacturing-company-ltd-tsm-stock-position-decreased-by-timber-creek-capital-management-llc.html,20260414T131500Z,,6,neutral,0,0,0,0,1,0,0,0,1,0,0,0
TSM,gdelt_news,themarketsdaily.com,LOM Asset Management Ltd Increases Stock Holdings in Taiwan Semiconductor Manufacturing Company Ltd . $TSM,https://www.themarketsdaily.com/2026/04/14/lom-asset-management-ltd-increases-stock-holdings-in-taiwan-semiconductor-manufacturing-company-ltd-tsm.html,20260414T123000Z,,6,neutral,0,0,0,0,1,0,0,0,1,0,0,0
TSM,gdelt_news,dailypolitical.com,"Hardman Johnston Global Advisors LLC Acquires 3 , 720 Shares of Taiwan Semiconductor Manufacturing Company Ltd . $TSM",https://www.dailypolitical.com/2026/04/13/hardman-johnston-global-advisors-llc-acquires-3720-shares-of-taiwan-semiconductor-manufacturing-company-ltd-tsm.html,20260413T113000Z,,6,neutral,0,0,0,0,1,0,0,0,1,0,0,0
TSM,gdelt_news,finance.yahoo.com,Intel TeraFab Win A Major Credibility Boost For Foundry Arm : Analyst,https://finance.yahoo.com/sectors/technology/articles/intels-terafab-win-major-credibility-023107116.html,20260411T074500Z,,3,neutral,0,0,0,0,2,0,0,0,0,0,0,1
TSM,gdelt_news,defenseworld.net,Cane Capital Partners LLC Acquires New Shares in Taiwan Semiconductor Manufacturing Company Ltd . $TSM,https://www.defenseworld.net/2026/04/08/cane-capital-partners-llc-acquires-new-shares-in-taiwan-semiconductor-manufacturing-company-ltd-tsm.html,20260408T131500Z,,6,neutral,0,0,0,0,1,0,0,0,1,0,0,0
TSM,gdelt_news,themarketsdaily.com,FRG Family Wealth Advisors LLC Boosts Stock Position in Taiwan Semiconductor Manufacturing Company Ltd . $TSM,https://www.themarketsdaily.com/2026/04/08/frg-family-wealth-advisors-llc-boosts-stock-position-in-taiwan-semiconductor-manufacturing-company-ltd-tsm.html,20260408T120000Z,,6,neutral,0,0,0,0,1,0,0,0,1,0,0,0
TSM,gdelt_news,dailypolitical.com,Meridian Investment Counsel Inc . Reduces Stock Holdings in Taiwan Semiconductor Manufacturing Company Ltd . $TSM,https://www.dailypolitical.com/2026/04/05/meridian-investment-counsel-inc-reduces-stock-holdings-in-taiwan-semiconductor-manufacturing-company-ltd-tsm.html,20260405T131500Z,,6,neutral,0,0,0,0,1,0,0,1,1,0,0,0
TSM,gdelt_news,themarketsdaily.com,JB Capital LLC Cuts Holdings in Taiwan Semiconductor Manufacturing Company Ltd . $TSM,https://www.themarketsdaily.com/2026/04/05/jb-capital-llc-cuts-holdings-in-taiwan-semiconductor-manufacturing-company-ltd-tsm.html,20260405T123000Z,,6,neutral,0,0,0,0,1,0,0,0,1,0,0,0
TSM,gdelt_news,dailypolitical.com,"Thurston Springer Miller Herd & Titak Inc . Has $684 , 000 Position in Taiwan Semiconductor Manufacturing Company Ltd . $TSM",https://www.dailypolitical.com/2026/04/04/thurston-springer-miller-herd-titak-inc-has-684000-position-in-taiwan-semiconductor-manufacturing-company-ltd-tsm.html,20260404T143000Z,,6,neutral,0,0,0,0,1,0,0,0,1,0,0,0
TSM,gdelt_news,dailypolitical.com,Hanson & Doremus Investment Management Trims Position in Taiwan Semiconductor Manufacturing Company Ltd . $TSM,https://www.dailypolitical.com/2026/04/04/hanson-doremus-investment-management-trims-position-in-taiwan-semiconductor-manufacturing-company-ltd-tsm.html,20260404T124500Z,,6,neutral,0,0,0,0,1,0,0,1,1,0,0,0
TSM,gdelt_news,themarketsdaily.com,Taiwan Semiconductor Manufacturing Company Ltd . $TSM Shares Bought by Perpetual Ltd,https://www.themarketsdaily.com/2026/04/04/taiwan-semiconductor-manufacturing-company-ltd-tsm-shares-bought-by-perpetual-ltd.html,20260404T120000Z,,6,neutral,0,0,0,0,1,0,0,0,1,0,0,0
TSM,gdelt_news,tickerreport.com,Taiwan Semiconductor Manufacturing Company Ltd . $TSM Shares Bought by Formidable Asset Management LLC,https://www.tickerreport.com/banking-finance/13398851/taiwan-semiconductor-manufacturing-company-ltd-tsm-shares-bought-by-formidable-asset-management-llc.html,20260403T104500Z,,6,neutral,0,0,0,0,1,0,0,0,1,0,0,0
TSM,gdelt_news,dailypolitical.com,World Investment Advisors Increases Position in Taiwan Semiconductor Manufacturing Company Ltd . $TSM,https://www.dailypolitical.com/2026/04/02/world-investment-advisors-increases-position-in-taiwan-semiconductor-manufacturing-company-ltd-tsm.html,20260402T130000Z,,6,neutral,0,0,0,0,1,0,0,1,1,0,0,0
TSM,gdelt_news,tickerreport.com,World Investment Advisors Grows Stake in Taiwan Semiconductor Manufacturing Company Ltd . $TSM,https://www.tickerreport.com/banking-finance/13398130/world-investment-advisors-grows-stake-in-taiwan-semiconductor-manufacturing-company-ltd-tsm.html,20260402T130000Z,,6,neutral,0,0,0,0,1,0,0,1,1,0,0,0
TSM,gdelt_news,tickerreport.com,"PFG Private Wealth Management LLC Takes $643 , 000 Position in Taiwan Semiconductor Manufacturing Company Ltd . $TSM",https://www.tickerreport.com/banking-finance/13397108/pfg-private-wealth-management-llc-takes-643000-position-in-taiwan-semiconductor-manufacturing-company-ltd-tsm.html,20260401T124500Z,,6,neutral,0,0,0,0,1,0,0,0,1,0,0,0
TSM,gdelt_news,themarketsdaily.com,"J . Safra Sarasin Holding AG Sells 20 , 787 Shares of Taiwan Semiconductor Manufacturing Company Ltd . $TSM",https://www.themarketsdaily.com/2026/03/31/j-safra-sarasin-holding-ag-sells-20787-shares-of-taiwan-semiconductor-manufacturing-company-ltd-tsm.html,20260331T101500Z,,6,neutral,0,0,0,0,1,0,0,0,1,0,0,0
TSM,gdelt_news,themarketsdaily.com,Rep . Julia Letlow Buys Taiwan Semiconductor Manufacturing Company Ltd . ( NYSE : TSM ) Stock,https://www.themarketsdaily.com/2026/03/30/rep-julia-letlow-buys-taiwan-semiconductor-manufacturing-company-ltd-nysetsm-stock.html,20260330T153000Z,,6,neutral,0,0,0,0,1,0,0,0,1,0,0,0
TSM,gdelt_news,tickerreport.com,Taiwan Semiconductor Manufacturing Company Ltd . $TSM Shares Bought by Private Advisory Group LLC,https://www.tickerreport.com/banking-finance/13395277/taiwan-semiconductor-manufacturing-company-ltd-tsm-shares-bought-by-private-advisory-group-llc.html,20260330T131500Z,,6,neutral,0,0,0,0,1,0,0,0,1,0,0,0
TSM,gdelt_news,dailypolitical.com,TrueMark Investments LLC Has $3 . 74 Million Position in Taiwan Semiconductor Manufacturing Company Ltd . $TSM,https://www.dailypolitical.com/2026/03/30/truemark-investments-llc-has-3-74-million-position-in-taiwan-semiconductor-manufacturing-company-ltd-tsm.html,20260330T110000Z,,6,neutral,0,0,0,0,1,0,0,1,1,0,0,0
TSM,gdelt_news,dailypolitical.com,Rep . Julia Letlow Purchases Shares of Taiwan Semiconductor Manufacturing Company Ltd . ( NYSE : TSM ) ,https://www.dailypolitical.com/2026/03/30/rep-julia-letlow-purchases-shares-of-taiwan-semiconductor-manufacturing-company-ltd-nysetsm.html,20260330T100000Z,,6,neutral,0,0,0,0,1,0,0,0,1,0,0,0
TSM,gdelt_news,dailypolitical.com,Exchange Traded Concepts LLC Has $56 . 64 Million Holdings in Taiwan Semiconductor Manufacturing Company Ltd . $TSM,https://www.dailypolitical.com/2026/03/28/exchange-traded-concepts-llc-has-56-64-million-holdings-in-taiwan-semiconductor-manufacturing-company-ltd-tsm.html,20260328T110000Z,,6,neutral,0,0,0,0,1,0,0,0,1,0,0,0
TSM,gdelt_news,tickerreport.com,Exchange Traded Concepts LLC Has $56 . 64 Million Stock Holdings in Taiwan Semiconductor Manufacturing Company Ltd . $TSM,https://www.tickerreport.com/banking-finance/13393653/exchange-traded-concepts-llc-has-56-64-million-stock-holdings-in-taiwan-semiconductor-manufacturing-company-ltd-tsm.html,20260328T110000Z,,6,neutral,0,0,0,0,1,0,0,0,1,0,0,0
TSM,gdelt_news,themarketsdaily.com,Taiwan Semiconductor Manufacturing ( NYSE : TSM ) Stock Price Up 1 . 3 % on Insider Buying Activity,https://www.themarketsdaily.com/2026/03/25/taiwan-semiconductor-manufacturing-nysetsm-stock-price-up-1-3-on-insider-buying-activity.html,20260325T213000Z,,6,neutral,0,0,0,0,1,0,0,0,1,0,0,0
TSM,gdelt_news,dailypolitical.com,Taiwan Semiconductor Manufacturing ( NYSE : TSM ) Shares Up 2 . 9 % – Here What Happened,https://www.dailypolitical.com/2026/03/23/taiwan-semiconductor-manufacturing-nysetsm-shares-up-2-9-heres-what-happened.html,20260323T220000Z,,6,neutral,0,0,0,0,1,0,0,0,1,0,0,0
TSM,gdelt_news,themarketsdaily.com,Taiwan Semiconductor Manufacturing ( NYSE : TSM ) Stock Price Down 2 . 8 % – Here What Happened,https://www.themarketsdaily.com/2026/03/20/taiwan-semiconductor-manufacturing-nysetsm-stock-price-down-2-8-heres-what-happened.html,20260320T221500Z,,6,neutral,0,0,0,0,1,0,0,0,1,0,0,0
TSM,gdelt_news,tickerreport.com,Taiwan Semiconductor Manufacturing ( NYSE : TSM ) Trading Up 1 . 7 % – Time to Buy ? ,https://www.tickerreport.com/banking-finance/13386264/taiwan-semiconductor-manufacturing-nysetsm-trading-up-1-7-time-to-buy.html,20260319T194500Z,,6,neutral,0,0,0,0,1,0,0,0,1,0,0,0
TSM,gdelt_news,themarketsdaily.com,Danske Bank A S Takes $84 . 27 Million Position in Taiwan Semiconductor Manufacturing Company Ltd . $TSM,https://www.themarketsdaily.com/2026/03/18/danske-bank-a-s-takes-84-27-million-position-in-taiwan-semiconductor-manufacturing-company-ltd-tsm.html,20260318T150000Z,,6,neutral,0,0,0,0,1,0,0,0,1,0,0,0
TSM,gdelt_news,tickerreport.com,Taiwan Semiconductor Manufacturing Company Ltd . $TSM Shares Purchased by Integrated Wealth Concepts LLC,https://www.tickerreport.com/banking-finance/13383171/taiwan-semiconductor-manufacturing-company-ltd-tsm-shares-purchased-by-integrated-wealth-concepts-llc.html,20260317T103000Z,,6,neutral,0,0,0,0,1,0,0,0,1,0,0,0
TSM,gdelt_news,benzinga.com,"China  Homegrown  Gamble : Can New 7nm Chips Finally Replace Nvidia , TSMC ? - NVIDIA ( NASDAQ : NVDA ), Taiwan Semiconductor ( NYSE : TSM ) ",https://www.benzinga.com/markets/tech/26/03/51269752/china-homegrown-gamble-can-new-chips-finally-replace-nvidia-and-tsmc,20260316T144500Z,,6,neutral,0,0,0,1,0,0,1,0,2,0,0,0
TSM,gdelt_news,tickerreport.com,"20 , 700 Shares in Taiwan Semiconductor Manufacturing Company Ltd . $TSM Purchased by First Trust Bank Ltd . ",https://www.tickerreport.com/banking-finance/13382292/20700-shares-in-taiwan-semiconductor-manufacturing-company-ltd-tsm-purchased-by-first-trust-bank-ltd.html,20260316T131500Z,,6,neutral,0,0,0,0,1,0,0,0,1,0,0,0
TSM,gdelt_news,tickerreport.com,"Earnest Partners LLC Sells 9 , 633 Shares of Taiwan Semiconductor Manufacturing Company Ltd . $TSM",https://www.tickerreport.com/banking-finance/13381887/earnest-partners-llc-sells-9633-shares-of-taiwan-semiconductor-manufacturing-company-ltd-tsm.html,20260316T104500Z,,6,neutral,0,0,0,0,1,0,0,0,1,0,0,0
TSM,gdelt_news,themarketsdaily.com,Clear Street Group Inc . Invests $9 . 20 Million in Taiwan Semiconductor Manufacturing Company Ltd . $TSM,https://www.themarketsdaily.com/2026/03/15/clear-street-group-inc-invests-9-20-million-in-taiwan-semiconductor-manufacturing-company-ltd-tsm.html,20260315T144500Z,,6,neutral,0,0,0,0,1,0,0,0,1,0,0,0
TSM,gdelt_news,tickerreport.com,Clark Capital Management Group Inc . Has $127 . 21 Million Stock Position in Taiwan Semiconductor Manufacturing Company Ltd . $TSM,https://www.tickerreport.com/banking-finance/13381302/clark-capital-management-group-inc-has-127-21-million-stock-position-in-taiwan-semiconductor-manufacturing-company-ltd-tsm.html,20260315T143000Z,,6,neutral,0,0,0,0,1,0,0,0,1,0,0,0
TSM,gdelt_news,themarketsdaily.com,"South Street Advisors LLC Acquires 1 , 500 Shares of Taiwan Semiconductor Manufacturing Company Ltd . $TSM",https://www.themarketsdaily.com/2026/03/14/south-street-advisors-llc-acquires-1500-shares-of-taiwan-semiconductor-manufacturing-company-ltd-tsm.html,20260314T144500Z,,6,neutral,0,0,0,0,1,0,0,0,1,0,0,0
TSM,gdelt_news,dailypolitical.com,Dnca Finance Lowers Position in Taiwan Semiconductor Manufacturing Company Ltd . $TSM,https://www.dailypolitical.com/2026/03/14/dnca-finance-lowers-position-in-taiwan-semiconductor-manufacturing-company-ltd-tsm.html,20260314T141500Z,,6,neutral,0,0,0,0,1,0,0,0,1,0,0,0
TSM,gdelt_news,themarketsdaily.com,"WCG Wealth Advisors LLC Sells 8 , 235 Shares of Taiwan Semiconductor Manufacturing Company Ltd . $TSM",https://www.themarketsdaily.com/2026/03/14/wcg-wealth-advisors-llc-sells-8235-shares-of-taiwan-semiconductor-manufacturing-company-ltd-tsm.html,20260314T141500Z,,6,neutral,0,0,0,0,1,0,0,0,1,0,0,0
TSM,gdelt_news,themarketsdaily.com,"Rep . Gilbert Ray Cisneros , Jr . Purchases Shares of Taiwan Semiconductor Manufacturing Company Ltd . ( NYSE : TSM ) ",https://www.themarketsdaily.com/2026/03/12/rep-gilbert-ray-cisneros-jr-purchases-shares-of-taiwan-semiconductor-manufacturing-company-ltd-nysetsm.html,20260312T140000Z,,6,neutral,0,0,0,0,1,0,0,0,1,0,0,0
TSM,gdelt_news,themarketsdaily.com,Taiwan Semiconductor Manufacturing Company Ltd . $TSM Shares Acquired by PFG Advisors,https://www.themarketsdaily.com/2026/03/11/taiwan-semiconductor-manufacturing-company-ltd-tsm-shares-acquired-by-pfg-advisors.html,20260311T121500Z,,6,neutral,0,0,0,0,1,0,0,0,1,0,0,0
TSM,gdelt_news,themarketsdaily.com,Legal & General Group Plc Raises Holdings in Taiwan Semiconductor Manufacturing Company Ltd . $TSM,https://www.themarketsdaily.com/2026/03/11/legal-general-group-plc-raises-holdings-in-taiwan-semiconductor-manufacturing-company-ltd-tsm.html,20260311T110000Z,,6,neutral,0,0,0,0,1,0,0,0,1,0,0,0
TSM,gdelt_news,dailypolitical.com,Blue Whale Capital LLP Raises Stake in Taiwan Semiconductor Manufacturing Company Ltd . $TSM,https://www.dailypolitical.com/2026/03/11/blue-whale-capital-llp-raises-stake-in-taiwan-semiconductor-manufacturing-company-ltd-tsm.html,20260311T101500Z,,6,neutral,0,0,0,0,1,0,0,0,1,0,0,0
TSM,gdelt_news,tickerreport.com,Blue Whale Capital LLP Has $200 . 45 Million Stock Position in Taiwan Semiconductor Manufacturing Company Ltd . $TSM,https://www.tickerreport.com/banking-finance/13374610/blue-whale-capital-llp-has-200-45-million-stock-position-in-taiwan-semiconductor-manufacturing-company-ltd-tsm.html,20260311T101500Z,,6,neutral,0,0,0,0,1,0,0,0,1,0,0,0
TSM,gdelt_news,tickerreport.com,Taiwan Semiconductor Manufacturing Company Ltd . $TSM Stock Holdings Trimmed by Pitcairn Co . ,https://www.tickerreport.com/banking-finance/13369921/taiwan-semiconductor-manufacturing-company-ltd-tsm-stock-holdings-trimmed-by-pitcairn-co.html,20260306T134500Z,,6,neutral,0,0,0,0,1,0,0,0,1,0,0,0
TSM,gdelt_news,dailypolitical.com,Islay Capital Management LLC Lowers Stake in Taiwan Semiconductor Manufacturing Company Ltd . $TSM,https://www.dailypolitical.com/2026/03/06/islay-capital-management-llc-lowers-stake-in-taiwan-semiconductor-manufacturing-company-ltd-tsm.html,20260306T120000Z,,6,neutral,0,0,0,0,1,0,0,0,1,0,0,0
TSM,gdelt_news,tickerreport.com,Taiwan Semiconductor Manufacturing Company Ltd . $TSM Shares Sold by Islay Capital Management LLC,https://www.tickerreport.com/banking-finance/13369631/taiwan-semiconductor-manufacturing-company-ltd-tsm-shares-sold-by-islay-capital-management-llc.html,20260306T120000Z,,6,neutral,0,0,0,0,1,0,0,0,1,0,0,0
TSM,gdelt_news,dailypolitical.com,Taiwan Semiconductor Manufacturing ( NYSE : TSM ) Stock Price Down 4 . 3 % – Here What Happened,https://www.dailypolitical.com/2026/03/05/taiwan-semiconductor-manufacturing-nysetsm-stock-price-down-4-3-heres-what-happened.html,20260305T211500Z,,6,neutral,0,0,0,0,1,0,0,0,1,0,0,0
TSM,gdelt_news,themarketsdaily.com,Taiwan Semiconductor Manufacturing ( NYSE : TSM ) Shares Up 1 . 4 % – Should You Buy ? ,https://www.themarketsdaily.com/2026/03/04/taiwan-semiconductor-manufacturing-nysetsm-shares-up-1-4-should-you-buy.html,20260304T230000Z,,6,neutral,0,0,0,0,1,0,0,0,1,0,0,0
TSM,gdelt_news,themarketsdaily.com,Dimensional Fund Advisors LP Boosts Holdings in Taiwan Semiconductor Manufacturing Company Ltd . $TSM,https://www.themarketsdaily.com/2026/03/04/dimensional-fund-advisors-lp-boosts-holdings-in-taiwan-semiconductor-manufacturing-company-ltd-tsm.html,20260304T110000Z,,6,neutral,0,0,0,0,1,0,0,0,1,0,0,0
TSM,gdelt_news,dailypolitical.com,Taiwan Semiconductor Manufacturing ( NYSE : TSM ) Stock Price Up 4 . 3 % – Here What Happened,https://www.dailypolitical.com/2026/02/26/taiwan-semiconductor-manufacturing-nysetsm-stock-price-up-4-3-heres-what-happened.html,20260227T030000Z,,6,neutral,0,0,0,0,1,0,0,0,1,0,0,0
TSM,gdelt_news,themarketsdaily.com,"Colonial Trust Co SC Purchases 6 , 760 Shares of Taiwan Semiconductor Manufacturing Company Ltd . $TSM",https://www.themarketsdaily.com/2026/02/24/colonial-trust-co-sc-purchases-6760-shares-of-taiwan-semiconductor-manufacturing-company-ltd-tsm.html,20260224T114500Z,,6,neutral,0,0,0,0,1,0,0,0,1,0,0,0
TSM,gdelt_news,themarketsdaily.com,Taiwan Semiconductor Manufacturing Company Ltd . $TSM Shares Bought by Stevens Capital Management LP,https://www.themarketsdaily.com/2026/02/21/taiwan-semiconductor-manufacturing-company-ltd-tsm-shares-bought-by-stevens-capital-management-lp.html,20260221T144500Z,,6,neutral,0,0,0,0,1,0,0,0,1,0,0,0
TSM,gdelt_news,tickerreport.com,Taiwan Semiconductor Manufacturing Company Ltd . ( NYSE : TSM ) to Issue $0 . 95 Quarterly Dividend,https://www.tickerreport.com/banking-finance/13343333/taiwan-semiconductor-manufacturing-company-ltd-nysetsm-to-issue-0-95-quarterly-dividend.html,20260211T204500Z,,6,neutral,0,0,1,0,1,0,0,0,1,0,0,0
TSM,gdelt_news,themarketsdaily.com,Taiwan Semiconductor Manufacturing ( NYSE : TSM ) Reaches New 52 - Week High – Still a Buy ? ,https://www.themarketsdaily.com/2026/02/11/taiwan-semiconductor-manufacturing-nysetsm-reaches-new-52-week-high-still-a-buy.html,20260211T121500Z,,6,neutral,0,0,0,0,1,0,0,0,1,0,0,0
TSM,gdelt_news,themarketsdaily.com,"Spinnaker Trust Acquires 5 , 006 Shares of Taiwan Semiconductor Manufacturing Company Ltd . $TSM",https://www.themarketsdaily.com/2026/02/07/spinnaker-trust-acquires-5006-shares-of-taiwan-semiconductor-manufacturing-company-ltd-tsm.html,20260207T113000Z,,6,neutral,0,0,0,0,1,0,0,0,1,0,0,0
TSM,gdelt_news,dailypolitical.com,"Trace Wealth Advisors LLC Takes $454 , 000 Position in Taiwan Semiconductor Manufacturing Company Ltd . $TSM",https://www.dailypolitical.com/2026/02/07/trace-wealth-advisors-llc-takes-454000-position-in-taiwan-semiconductor-manufacturing-company-ltd-tsm.html,20260207T103000Z,,6,neutral,0,0,0,0,1,0,0,0,1,0,0,0
TSM,reddit_post,stocks,TSMC Quarterly Revenue US $36 billion (up 41% YoY),https://www.reddit.com/r/stocks/comments/1smuyhq/tsmc_quarterly_revenue_us_36_billion_up_41_yoy/,2026-04-16T05:59:06+00:00,293.0,4,positive,3,0,8,0,0,0,1,0,0,0,0,0
TSM,reddit_post,stocks,"TSM earnings tomorrow, any thoughts?",https://www.reddit.com/r/stocks/comments/1smat3p/tsm_earnings_tomorrow_any_thoughts/,2026-04-15T16:18:37+00:00,77.0,4,positive,2,1,4,0,0,0,0,0,0,0,0,0
TSM,reddit_post,stocks,Why the lack of interest in TSM and SK on this sub? Why essentially 0 interest in small to midcaps?,https://www.reddit.com/r/stocks/comments/1slsqyd/why_the_lack_of_interest_in_tsm_and_sk_on_this/,2026-04-15T02:06:00+00:00,60.0,4,neutral,2,2,2,2,1,1,2,2,1,0,0,2
TSM,reddit_post,stocks,TSMC hits $2 Trillion market cap,https://www.reddit.com/r/stocks/comments/1re4qfz/tsmc_hits_2_trillion_market_cap/,2026-02-25T05:37:54+00:00,198.0,4,positive,1,0,0,2,0,0,1,0,0,0,0,0
TSM,reddit_post,stocks,"Tim Apple Warned by CIA That China Could Move on Taiwan by 2027 (AAPL +2.25%, TSM +4.25%)",https://www.reddit.com/r/stocks/comments/1rdtn70/tim_apple_warned_by_cia_that_china_could_move_on/,2026-02-24T21:39:33+00:00,2307.0,4,neutral,0,0,0,0,0,0,1,0,2,0,0,0
TSM,reddit_post,stocks,TSMC January revenue rises 37% on AI chip demand,https://www.reddit.com/r/stocks/comments/1r1pjfj/tsmc_january_revenue_rises_37_on_ai_chip_demand/,2026-02-11T06:07:54+00:00,249.0,6,positive,4,1,5,2,1,0,1,2,2,1,0,0
TSM,reddit_post,stocks,2026 global semiconductor sales projected to reach $1 trillion (26.3% YoY growth),https://www.reddit.com/r/stocks/comments/1qyofnb/2026_global_semiconductor_sales_projected_to/,2026-02-07T20:27:15+00:00,212.0,3,positive,1,0,2,3,0,0,2,0,0,0,0,1
TSM,reddit_post,stocks,Capex and TSM drop,https://www.reddit.com/r/stocks/comments/1qwymfr/capex_and_tsm_drop/,2026-02-05T21:42:45+00:00,54.0,4,neutral,0,0,0,0,0,0,1,1,0,0,0,0
TSM,reddit_post,investing,"The U.S. just drafted global AI chip export controls, here's the actual portfolio implication most people are getting wrong",https://www.reddit.com/r/investing/comments/1ro0xjv/the_us_just_drafted_global_ai_chip_export/,2026-03-08T09:53:30+00:00,90.0,3,neutral,1,1,5,5,6,0,3,2,1,0,0,0
TSM,reddit_post,investing,"TSM Slips 5.5% on Macro Tension, A Reminder of How Fast Sentiment Can Flip",https://www.reddit.com/r/investing/comments/1rkc2rc/tsm_slips_55_on_macro_tension_a_reminder_of_how/,2026-03-04T04:38:57+00:00,10.0,4,negative,0,2,3,1,1,0,0,0,2,0,0,1
TSM,reddit_post,wallstreetbets,"Thank you granny Intel, and thank you TSMC",https://www.reddit.com/r/wallstreetbets/comments/1sujoye/thank_you_granny_intel_and_thank_you_tsmc/,2026-04-24T15:54:33+00:00,15.0,4,neutral,0,0,0,0,0,0,0,0,0,0,0,0
TSM,reddit_post,wallstreetbets,DD: Semiconductors &amp; Shoes and Their Downstream Effects on $AAPL,https://www.reddit.com/r/wallstreetbets/comments/1snggkv/dd_semiconductors_shoes_and_their_downstream/,2026-04-16T21:06:25+00:00,29.0,3,positive,2,0,2,1,0,0,1,0,0,0,0,0
TSM,reddit_post,wallstreetbets,Taiwan Semiconductor Manufacturing Company Q1 Earnings Call Live Transcript,https://www.reddit.com/r/wallstreetbets/comments/1smtwrz/taiwan_semiconductor_manufacturing_company_q1/,2026-04-16T05:02:12+00:00,8.0,6,neutral,0,0,2,0,1,0,0,0,1,0,0,0
TSM,reddit_post,ValueInvesting,Tsmc stock,https://www.reddit.com/r/ValueInvesting/comments/1so5y8v/tsmc_stock/,2026-04-17T16:28:24+00:00,16.0,4,negative,1,2,1,0,0,0,0,1,1,0,0,0
TSM,reddit_post,ValueInvesting,TSM just dipped 5% amid Iran noise &amp; AI profit-taking – is this the oversold entry we’ve been waiting for?,https://www.reddit.com/r/ValueInvesting/comments/1rkjswq/tsm_just_dipped_5_amid_iran_noise_ai_profittaking/,2026-03-04T12:10:46+00:00,36.0,4,negative,3,6,4,3,7,0,5,1,3,1,0,2
TSM,reddit_post,ValueInvesting,At What Point Does TSMc Become Overvalued ?,https://www.reddit.com/r/ValueInvesting/comments/1rj9e0c/at_what_point_does_tsmc_become_overvalued/,2026-03-02T23:46:14+00:00,21.0,4,positive,3,2,7,1,0,0,0,1,3,0,0,2
