ticker,source_type,source,title,url,published_at,engagement,relevance_score,tone,positive_hits,negative_hits,robotic_surgery_platform,da_vinci_5_adoption,earnings_growth,procedure_volume_utilization,installed_base_systems,margin_cashflow,valuation,competition,regulatory_safety,hospital_capex_macro,international_china,innovation_pipeline
ISRG,gdelt_news,finance.yahoo.com,"Intuitive Surgical Shareholders Approve All Proposals at 2026 Annual Meeting , Elect 10 Directors",https://finance.yahoo.com/markets/stocks/articles/intuitive-surgical-shareholders-approve-proposals-232113311.html,2026-04-30 23:45:00+00:00,,3,neutral,0,0,0,0,0,0,0,0,0,0,0,0,0,0
ISRG,finnhub_news,Yahoo,"Intuitive Surgical Shareholders Approve All Proposals at 2026 Annual Meeting, Elect 10 Directors",https://finnhub.io/api/news?id=a0d97b7e1cc7fe4bd1667dd61d8e387d4d397a9c91259fc64a176570593a3222,2026-04-30 23:21:13+00:00,,6,neutral,0,0,0,0,0,0,0,0,0,0,0,0,0,0
ISRG,finnhub_news,Yahoo,Is ISRG's International Weakness a Temporary Drag or Structural Risk?,https://finnhub.io/api/news?id=ff3bf7568faf668b483de91e954d014e299f4acc24e08d850e2e3533bedafa2d,2026-04-29 12:31:00+00:00,,8,neutral,2,2,0,0,1,0,0,0,0,0,0,0,3,0
ISRG,gdelt_news,wrdw.com,Routine robotic surgery turns nightmare : Metro woman sues hospital,https://www.wrdw.com/2026/04/27/routine-robotic-surgery-turns-nightmare-metro-woman-sues-hospital/,2026-04-28 23:45:00+00:00,,5,neutral,0,0,1,0,0,1,0,0,0,0,0,1,0,0
ISRG,finnhub_news,Benzinga,Here's How Much You Would Have Made Owning Intuitive Surgical Stock In The Last 15 Years,https://finnhub.io/api/news?id=80b5b6785f9c1d90cf14562953fadb8a4e6cc34c3fbd9040663ffb47719b3880,2026-04-28 18:30:38+00:00,,3,neutral,0,0,0,0,0,0,0,0,0,0,0,0,0,0
ISRG,finnhub_news,Yahoo,5 Revealing Analyst Questions From Intuitive Surgical’s Q1 Earnings Call,https://finnhub.io/api/news?id=30a5f85b63e4ae74853ccd45b749bf02d879e2f2098fe0489ea8af5d396c2ce8,2026-04-28 16:52:55+00:00,,15,positive,4,0,2,1,4,2,0,0,1,0,0,0,0,1
ISRG,finnhub_news,Yahoo,How Strong Q1 2026 Results and Completed Buyback Will Impact Intuitive Surgical (ISRG) Investors,https://finnhub.io/api/news?id=e4cbea41f36b8d73dec8acc5471e720d6b621e7b68384cbf92ac6c097ebfba9c,2026-04-28 13:06:43+00:00,,7,positive,2,0,0,0,4,0,0,0,0,0,0,0,0,0
ISRG,finnhub_news,Yahoo,Medical Robotics Market Size to Grow USD 102.75 Billion by 2035 | Research by SNS Insider,https://finnhub.io/api/news?id=7b887ce24adfe4cd904acebfa0e9a925f02098fe44cb2126f23b64593e847ab5,2026-04-28 12:10:00+00:00,,4,neutral,0,0,0,0,0,0,0,0,0,2,0,0,0,0
ISRG,finnhub_news,ChartMill,Intuitive Surgical Inc (NASDAQ:ISRG) Screens as a Strong Growth Stock with a Promising Technical Breakout Setup,https://finnhub.io/api/news?id=b0e8478479cc0326e35f430c0c6449f35ff0895b2a36ad1c3f174e658a531d35,2026-04-28 09:10:34+00:00,,10,positive,2,0,0,0,1,0,0,0,0,0,0,0,0,0
ISRG,gdelt_news,atlantanewsfirst.com,"Metro Atlanta woman sues hospital , doctor after routine robotic surgery leads to months in ICU",https://www.atlantanewsfirst.com/2026/04/27/metro-atlanta-woman-sues-hospital-doctor-after-routine-robotic-surgery-leads-months-icu/,2026-04-27 20:45:00+00:00,,5,neutral,0,0,1,0,0,1,0,0,0,0,0,1,0,0
ISRG,finnhub_news,Yahoo,Why Intuitive Surgical Is a Strong Buy as Robotic Surgery Adoption Accelerates,https://finnhub.io/api/news?id=7f999e4813254853e2e5ee1e03f8af1aac5712c6da63a9fe9e14c6f3df92f843,2026-04-27 13:30:05+00:00,,19,positive,5,1,2,2,2,2,0,0,1,0,0,0,0,0
ISRG,finnhub_news,Yahoo,"Is Trending Stock Intuitive Surgical, Inc. (ISRG) a Buy Now?",https://finnhub.io/api/news?id=d13deaba07cea22c6095028306e009e318c41ce1eb7a8190f64cac450b92517e,2026-04-27 13:00:10+00:00,,6,positive,1,0,0,0,0,0,0,0,0,0,0,0,0,0
ISRG,gdelt_news,dailypolitical.com,"State of Michigan Retirement System Decreases Stake in Intuitive Surgical , Inc . $ISRG",https://www.dailypolitical.com/2026/04/27/state-of-michigan-retirement-system-decreases-stake-in-intuitive-surgical-inc-isrg.html,2026-04-27 12:30:00+00:00,,6,neutral,0,0,0,0,0,0,0,0,0,0,0,0,0,0
ISRG,gdelt_news,dailypolitical.com,"Impax Asset Management Group plc Has $113 Million Stock Position in Intuitive Surgical , Inc . $ISRG",https://www.dailypolitical.com/2026/04/25/impax-asset-management-group-plc-has-113-million-stock-position-in-intuitive-surgical-inc-isrg.html,2026-04-25 14:15:00+00:00,,6,neutral,0,0,0,0,0,0,0,0,0,0,0,0,0,0
ISRG,gdelt_news,finance.yahoo.com,Does Intuitive Surgical Have More Room to Run After Q1 Beat ? ,https://finance.yahoo.com/markets/stocks/articles/does-intuitive-surgical-more-room-154220838.html,2026-04-24 23:00:00+00:00,,4,positive,1,0,0,0,2,0,0,0,0,0,0,0,0,0
ISRG,finnhub_news,Yahoo,Intuitive Surgical vs Boston Scientific: Which Stock Is the Better Buy Post Q1?,https://finnhub.io/api/news?id=f07186dbe1068b16754d72b3f8a9f44981c855b0dcaa5ab81097d9f6cad75f2c,2026-04-24 18:19:00+00:00,,5,positive,4,0,0,0,3,1,0,0,0,0,0,0,0,0
ISRG,finnhub_news,Yahoo,3 Reasons Why Intuitive Surgical (ISRG) Is a Great Growth Stock,https://finnhub.io/api/news?id=0d44cdb9fc35432d66fbc2ec900f51538797adf545bb76c4c7e62ff40ad61c8e,2026-04-24 16:45:01+00:00,,7,positive,2,0,0,0,1,0,0,0,0,0,0,0,0,0
ISRG,finnhub_news,Yahoo,Wall Street Bulls Look Optimistic About Intuitive Surgical (ISRG): Should You Buy?,https://finnhub.io/api/news?id=829c786675e516234e467d26b43dfe0f18ee4ece3bdb0c5179c9c057afaad1c7,2026-04-24 13:30:05+00:00,,6,positive,1,0,0,0,0,0,0,0,0,0,0,0,0,0
ISRG,finnhub_news,Yahoo,Intuitive Surgical Recalls Put da Vinci Revenue Reliability Under Scrutiny,https://finnhub.io/api/news?id=5a75279494da3896670e3c9b49026b359e6932df2c0e7e5fc32fac94daa7e7e3,2026-04-24 13:06:16+00:00,,14,neutral,0,0,1,0,1,0,0,0,1,0,2,1,1,1
ISRG,finnhub_news,Benzinga,5 Early Q1 Earnings Winners Beating Expectations,https://finnhub.io/api/news?id=652a7b9476ba29ebfe54aa3bd1bf17d9b2ee7925468c8e5e962fcbc93096a6ef,2026-04-24 12:28:25+00:00,,4,positive,1,0,0,0,2,0,0,0,0,0,0,0,0,0
ISRG,reddit_post,ValueInvesting,ISRG: Intuitive Surgical - what valuation is it worth adding?,https://www.reddit.com/r/ValueInvesting/comments/1sud68a/isrg_intuitive_surgical_what_valuation_is_it/,2026-04-24 11:36:09+00:00,50.0,11,positive,3,1,0,0,7,0,0,2,1,0,1,0,0,0
ISRG,finnhub_news,Yahoo,J&J lands CE mark for surgical stapler that works with Ottava robot,https://finnhub.io/api/news?id=f16faceee3f2d21aaf7ac1f3a19152c418f17a9ae1085e8b651b6eea7663aee3,2026-04-24 11:00:00+00:00,,5,neutral,0,0,0,0,0,0,1,0,0,3,0,0,0,0
ISRG,gdelt_news,finance.yahoo.com,How ISRG Just Secured The U . S . Market,https://finance.yahoo.com/sectors/healthcare/articles/isrg-just-secured-u-market-152824520.html,2026-04-24 03:45:00+00:00,,3,neutral,0,0,0,0,0,0,0,0,0,0,0,0,0,0
ISRG,gdelt_news,finance.yahoo.com,"Intuitive Surgical Tops Q1 Expectations , Shares Move Higher",https://finance.yahoo.com/sectors/healthcare/articles/intuitive-surgical-tops-q1-expectations-123431344.html,2026-04-23 21:15:00+00:00,,4,positive,1,0,0,0,1,0,0,0,0,0,0,0,0,0
ISRG,gdelt_news,forbes.com,The Biggest Takeaway From ISRG Earnings,https://www.forbes.com/sites/greatspeculations/2026/04/23/the-biggest-takeaway-from-isrg-earnings/,2026-04-23 16:30:00+00:00,,4,neutral,0,0,0,0,1,0,0,0,0,0,0,0,0,0
ISRG,finnhub_news,Yahoo,Does Intuitive Surgical Have More Room to Run After Q1 Beat?,https://finnhub.io/api/news?id=9f3f8936f46dcfe638784ba9333cdfecb8c0201bfb64548ff814c3c6b471ba9d,2026-04-23 15:42:20+00:00,,7,positive,3,0,0,0,3,0,0,0,0,0,0,0,0,0
ISRG,finnhub_news,Yahoo,Is Innovation-Led Growth Driving ISRG's Revenues Above Procedures?,https://finnhub.io/api/news?id=6d9ff3b60d1f0513d94ef3b7818633b21cf34c499d5ec75ed96c1b4f5c80b2af,2026-04-23 13:10:00+00:00,,13,positive,1,0,1,1,2,1,0,0,0,0,0,0,0,0
ISRG,finnhub_news,Benzinga,"Barclays Maintains Overweight on Intuitive Surgical, Lowers Price Target to $651",https://finnhub.io/api/news?id=218c730a8d10bc1424f4be5ccbf9b1833787672c5aa47321220495e6b7164c50,2026-04-23 11:19:28+00:00,,7,neutral,0,0,0,0,0,0,0,0,2,0,0,0,0,0
ISRG,gdelt_news,dailypolitical.com,Intuitive Surgical ( NASDAQ : ISRG ) Given New $610 . 00 Price Target at Robert W . Baird,https://www.dailypolitical.com/2026/04/23/intuitive-surgical-nasdaqisrg-given-new-610-00-price-target-at-robert-w-baird.html,2026-04-23 10:15:00+00:00,,7,neutral,0,0,0,0,0,0,0,0,1,0,0,0,0,0
ISRG,gdelt_news,dailypolitical.com,Intuitive Surgical ( NASDAQ : ISRG ) Price Target Lowered to $577 . 00 at Raymond James Financial,https://www.dailypolitical.com/2026/04/23/intuitive-surgical-nasdaqisrg-price-target-lowered-to-577-00-at-raymond-james-financial.html,2026-04-23 10:15:00+00:00,,7,neutral,0,0,0,0,0,0,0,0,1,0,0,0,0,0
ISRG,gdelt_news,finance.yahoo.com,Why Intuitive Surgical ( ISRG ) Stock Is Up Today,https://finance.yahoo.com/markets/stocks/articles/why-intuitive-surgical-isrg-stock-023723068.html,2026-04-23 03:15:00+00:00,,6,neutral,0,0,0,0,0,0,0,0,0,0,0,0,0,0
ISRG,finnhub_news,Yahoo,Why Intuitive Surgical (ISRG) Stock Is Up Today,https://finnhub.io/api/news?id=99d11965ec7f8063136deb1b7da40eaf0fcb1fc8fb6e50aa7372d226e2562cf3,2026-04-23 02:37:23+00:00,,8,positive,1,0,0,0,1,0,0,0,1,0,0,0,0,0
ISRG,reddit_post,ValueInvesting,"Healthcare/Med tech companies; ABT MDT Abbvie BSX, ISGR",https://www.reddit.com/r/ValueInvesting/comments/1st4ocb/healthcaremed_tech_companies_abt_mdt_abbvie_bsx/,2026-04-23 01:32:04+00:00,16.0,8,positive,1,0,0,0,1,0,0,0,0,0,0,0,0,0
ISRG,finnhub_news,SeekingAlpha,Intuitive Surgical: Forget The 40x P/E. Focus On The 10-Year Potential (Upgrade),https://finnhub.io/api/news?id=49cc91532f83362a901884e8c1ad1557fef4c49d61decd16d658124cab7c939f,2026-04-23 00:46:50+00:00,,9,positive,4,0,0,0,3,0,0,1,1,0,0,0,0,0
ISRG,finnhub_news,Yahoo,Could This Healthcare Stock Help You Build a Real Fortune Over the Next 20 Years?,https://finnhub.io/api/news?id=a8ea91cbc50e430e1e5b8582cd940ebc241a71cb483cb5a15ce01478f7fe4d61,2026-04-23 00:35:00+00:00,,4,neutral,0,0,0,0,0,0,1,0,0,0,0,0,0,0
ISRG,finnhub_news,SeekingAlpha,Intuitive Surgical Is A Buy Despite Soaring Post-Earnings,https://finnhub.io/api/news?id=721a575b975bb8a5ac9de65415a84859035a4641bb666cadb3376fbaa59a6ff5,2026-04-22 23:10:50+00:00,,13,positive,3,0,1,0,2,1,0,2,0,0,0,0,0,0
ISRG,finnhub_news,Yahoo,Buy UnitedHealth or Intuitive Surgical Stock After Strong Q1 Results?,https://finnhub.io/api/news?id=4cdfd35b0bcdb24e489906c40fd9987187537ed8ec5a42fe353abf2e3fbba92c,2026-04-22 23:09:00+00:00,,6,positive,3,0,0,1,1,1,0,0,0,0,0,0,0,0
ISRG,finnhub_news,Yahoo,Intuitive Surgical Balances Growth In AI Surgery With Cybersecurity Lessons,https://finnhub.io/api/news?id=52d3026c409e528c2afc4faea712101199fe6691957467df27136c62f2b332f0,2026-04-22 21:07:12+00:00,,14,positive,3,0,1,0,3,2,0,0,0,0,1,0,0,2
ISRG,finnhub_news,Yahoo,Intuitive Surgical Reports Another Blowout Quarter: Time to Buy the Stock?,https://finnhub.io/api/news?id=cb9284b6de89a0ca51193a0d18dbd42e9a42e0bd94390b7802ca03041ae46af3,2026-04-22 19:20:00+00:00,,7,positive,1,0,1,0,1,0,0,0,0,0,0,0,0,0
ISRG,gdelt_news,proactiveinvestors.com,Intuitive Surgical Q1 results top estimates as robotic surgery demand accelerates,https://www.proactiveinvestors.com/companies/news/1091016/intuitive-surgical-q1-results-top-estimates-as-robotic-surgery-demand-accelerates-1091016.html,2026-04-22 18:30:00+00:00,,8,neutral,0,0,1,0,1,2,0,0,0,0,0,0,0,0
ISRG,finnhub_news,Yahoo,Why Intuitive Surgical Stock Soared Today,https://finnhub.io/api/news?id=02e74e1721da41420773587cf9a088006f64affd0f70a1ed8f6e804c745aa97f,2026-04-22 17:21:59+00:00,,4,neutral,0,0,0,0,2,0,0,0,0,0,0,0,0,0
ISRG,finnhub_news,Yahoo,Intuitive Surgical Jumps 7% on Earnings Beat and Raised Full-Year Outlook,https://finnhub.io/api/news?id=a989b04844d5318058c10dcb6d2aa6b59cf2b3904ee09fcd5329e9fa899df693,2026-04-22 17:13:27+00:00,,5,positive,4,0,0,0,3,1,0,0,0,0,0,0,0,0
ISRG,finnhub_news,Yahoo,Intuitive Surgical Q1 results top estimates as robotic surgery demand accelerates,https://finnhub.io/api/news?id=2a183f2c1d42452127ca29ed40461e3c01dc25f44c71802c1c8211c5cc23d025,2026-04-22 16:47:00+00:00,,15,positive,2,0,1,1,2,2,0,0,0,0,0,0,0,0
ISRG,gdelt_news,marketscreener.com,Intuitive Surgical raises guidance on strong commercial momentum,https://www.marketscreener.com/news/intuitive-surgical-raises-guidance-on-strong-commercial-momentum-ce7f59d8d18df525,2026-04-22 16:45:00+00:00,,4,positive,2,0,0,0,1,0,0,0,0,0,0,0,0,0
ISRG,finnhub_news,Yahoo,"Why Robotic Surgery's Titan, Intuitive Surgical, Just Made A Bullish Move",https://finnhub.io/api/news?id=06a27e1c04fa043004bfe7f7cd7e7729d4e31010d054df75f840497f06687b21,2026-04-22 16:43:04+00:00,,8,positive,2,0,1,0,4,1,0,0,0,0,0,0,0,0
ISRG,finnhub_news,Yahoo,ISRG Stock Up as Q1 Earnings & Sales Beat Estimates on Procedure Growth,https://finnhub.io/api/news?id=479ce9682355996e5b638a4738b7d5cc6152c0424c59f926ec275ff4dbad724f,2026-04-22 15:43:00+00:00,,16,positive,2,0,1,2,6,1,0,0,0,0,0,0,0,1
ISRG,finnhub_news,Yahoo,How ISRG Just Secured The U.S. Market,https://finnhub.io/api/news?id=36cb20970f3d7c6c7dd986023d9a08c91a8c992c21778f80be26c0d011cb9716,2026-04-22 15:28:24+00:00,,7,positive,2,0,0,0,5,0,0,0,0,0,0,0,0,0
ISRG,gdelt_news,seekingalpha.com,Intuitive Surgical stock rises after Q1 beat ( ISRG : NASDAQ ) ,https://seekingalpha.com/news/4577864-intuitive-surgical-rises-as-analysts-cheer-q1-beat-guidance-raise,2026-04-22 15:15:00+00:00,,7,positive,1,0,0,0,2,0,0,0,0,0,0,0,0,0
ISRG,gdelt_news,dailypolitical.com,Jefferies Financial Group Issues Pessimistic Forecast for Intuitive Surgical ( NASDAQ : ISRG ) Stock Price,https://www.dailypolitical.com/2026/04/22/jefferies-financial-group-issues-pessimistic-forecast-for-intuitive-surgical-nasdaqisrg-stock-price.html,2026-04-22 15:15:00+00:00,,6,neutral,0,0,0,0,0,0,0,0,0,0,0,0,0,0
ISRG,gdelt_news,fool.com,ISRG Q3 2024 Earnings Transcript | The Motley Fool,https://www.fool.com/earnings/call-transcripts/2026/04/22/isrg-q3-2024-earnings-transcript/?source=iedfolrf0000001,2026-04-22 15:00:00+00:00,,4,neutral,0,0,0,0,1,0,0,0,0,0,0,0,0,0
ISRG,finnhub_news,Yahoo,ISRG Q3 2024 Earnings Transcript,https://finnhub.io/api/news?id=d10463d199f122f82e4cc888843c0ea997ecae0d255d2ea6a89c94540c41d15c,2026-04-22 13:54:32+00:00,,6,positive,2,0,0,1,3,1,0,0,0,0,0,0,0,0
ISRG,finnhub_news,Yahoo,ISRG Q1 Deep Dive: Broader Platform Adoption and Innovation-Led Revenue Growth,https://finnhub.io/api/news?id=b499bb71733985ad2f50f42342fd51cd12a648fda7f7533075264713be27be82,2026-04-22 13:17:23+00:00,,8,positive,3,0,0,1,5,0,0,0,0,0,0,0,0,0
ISRG,gdelt_news,benzinga.com,What Going On With Intuitive Surgical Stock Wednesday ? - Intuitive Surgical ( NASDAQ : ISRG ) ,https://www.benzinga.com/markets/large-cap/26/04/51964068/whats-going-on-with-intuitive-surgical-stock-wednesday-3,2026-04-22 13:15:00+00:00,,6,neutral,0,0,0,0,0,0,0,0,0,0,0,0,0,0
ISRG,finnhub_news,SeekingAlpha,"Intuitive Surgical: Strong Quarter, Mispriced Stock",https://finnhub.io/api/news?id=9d42460c5380603285e9eef2a4d5cbefdbf09a99301fb4e242901e35b1dd0824,2026-04-22 13:13:33+00:00,,9,positive,4,0,0,0,4,1,0,1,0,0,0,0,0,0
ISRG,finnhub_news,Yahoo,"Intuitive Surgical Tops Q1 Expectations, Shares Move Higher",https://finnhub.io/api/news?id=92c6b22d5a91ece8f82cc4d6a354b1152fdb616f1753f11d86002810907206ea,2026-04-22 12:34:31+00:00,,8,positive,1,0,0,0,4,0,1,0,0,0,0,0,0,0
ISRG,finnhub_news,Finnhub,Intuitive Surgical raises guidance on strong commercial momentum,https://finnhub.io/api/news?id=39fd1d3d466927bd49feee08858b207def802b60c4d1fcc44256f8b40c7dd34e,2026-04-22 12:30:12+00:00,,8,positive,3,0,1,0,3,1,0,0,0,0,0,0,0,0
ISRG,finnhub_news,Yahoo,"Intuitive Surgical, Inc. Q1 2026 Earnings Call Summary",https://finnhub.io/api/news?id=b61c65e414b5e66e5344bed10c6074a1c26f54df0f1618140d92c83ac2b88277,2026-04-22 12:30:00+00:00,,4,neutral,0,0,0,0,2,0,0,0,0,0,0,0,0,0
ISRG,finnhub_news,Finnhub,Intuitive Surgical Shares Rise After 1Q Beat,https://finnhub.io/api/news?id=3e9da46dc1c600eff5bccc4a7093f49f672271a56461b41b74f48297d3968620,2026-04-22 11:48:25+00:00,,9,positive,1,0,1,0,3,1,1,0,0,0,0,0,0,0
ISRG,finnhub_news,Yahoo,Intuitive Surgical lifts 2026 outlook for da Vinci robot procedure growth,https://finnhub.io/api/news?id=bdaba31dfb8bb2796166be5c1013d15a3f0900d452d50fb27f229d446af5980b,2026-04-22 11:14:59+00:00,,10,positive,1,0,1,0,2,1,1,0,0,0,0,0,0,0
ISRG,finnhub_news,Benzinga,Intuitive Surgical's Q1 Beat Shows Robotic Surgery Growth Is Holding Up,https://finnhub.io/api/news?id=63b7b0c151f1c486686af205cedd9ea4b6151ca662e3744c7b70c2df39ea6328,2026-04-22 10:46:48+00:00,,9,positive,4,0,1,0,3,2,0,0,1,0,0,0,0,0
ISRG,reddit_post,ValueInvesting,13 Investment write-ups to look at,https://www.reddit.com/r/ValueInvesting/comments/1sshhcl/13_investment_writeups_to_look_at/,2026-04-22 10:26:29+00:00,31.0,14,positive,5,4,1,0,7,1,0,4,3,0,0,0,3,2
ISRG,finnhub_news,Yahoo,Intuitive Surgical Raises 2026 Procedure Growth Outlook Following First-Quarter Beat,https://finnhub.io/api/news?id=75fc9d348b6bb86a8ae505f79d42dd36d20d22bb94584dc5d5b75a293694a4fa,2026-04-22 10:23:13+00:00,,8,positive,2,0,0,0,3,1,0,0,0,0,0,0,0,0
ISRG,finnhub_news,Benzinga,Intuitive Surgical shares are trading higher after the company reported better-than-expected Q1 financial results.,https://finnhub.io/api/news?id=d08bec2c986ad84c660e7b6cf19364768850055926e7b5b30c3a247ae5aa2883,2026-04-22 10:12:03+00:00,,4,positive,1,0,0,0,1,0,0,0,0,0,0,0,0,0
ISRG,finnhub_news,Benzinga,Intuitive Surgical Analysts Boost Their Forecasts After Upbeat Q1 Earnings,https://finnhub.io/api/news?id=41166cb97181d3cc33303026a8fa51bcb92ad7f2f981ea8a56d316ba399b21c7,2026-04-22 10:10:25+00:00,,7,positive,1,0,0,0,3,0,0,0,0,0,0,0,0,0
ISRG,finnhub_news,Benzinga,"Leerink Partners Maintains Outperform on Intuitive Surgical, Lowers Price Target to $573",https://finnhub.io/api/news?id=c5b2be844f8da824e4f86109ba8695fb1f6f1453d9bdfd265803bc8bab4dfc79,2026-04-22 10:03:51+00:00,,7,positive,1,0,0,0,0,0,0,0,2,0,0,0,0,0
ISRG,finnhub_news,Benzinga,"GE Vernova, Boston Scientific, Intuitive Surgical And Other Big Stocks Moving Higher On Wednesday",https://finnhub.io/api/news?id=6baf185eac68d0e31cbf5f368665af08cf2fe1c357c93ef37e067580063fc961,2026-04-22 09:56:35+00:00,,4,positive,1,0,0,0,2,0,0,0,0,0,0,0,0,0
ISRG,finnhub_news,Benzinga,"Piper Sandler Maintains Overweight on Intuitive Surgical, Lowers Price Target to $580",https://finnhub.io/api/news?id=cfbedf081a800553c2e8fe67c0e0fe3a09a3ae861e5c055aef48ac2fccb6182c,2026-04-22 09:01:05+00:00,,7,neutral,0,0,0,0,0,0,0,0,2,0,0,0,0,0
ISRG,finnhub_news,Benzinga,What's Going On With Intuitive Surgical Stock Wednesday?,https://finnhub.io/api/news?id=90f137db506b8af6ab03251c6915039dfab2f27efda455d39aab22f6ef3a9849,2026-04-22 07:57:29+00:00,,5,positive,2,0,0,0,4,1,0,0,0,0,0,0,0,0
ISRG,finnhub_news,SeekingAlpha,Intuitive Surgical Q1 Earnings Review: Don't Overpay For Quality,https://finnhub.io/api/news?id=c87b7911247954a503ee6fb4ae9c66c11808915160f26b74fd331c553b34a710,2026-04-22 07:30:20+00:00,,7,positive,1,0,0,0,5,0,0,0,0,0,0,0,0,0
ISRG,finnhub_news,Yahoo,Intuitive Surgical Inc (ISRG) Q1 2026 Earnings Call Highlights: Robust Revenue Growth and ...,https://finnhub.io/api/news?id=22dde387b7eafc4371068008bf6be45d6c7fa311b719ab523ae2f43ff6acb7e4,2026-04-22 07:04:09+00:00,,12,positive,1,0,0,0,4,0,0,0,0,0,0,0,1,1
ISRG,finnhub_news,Benzinga,"BTIG Reiterates Buy on Intuitive Surgical, Maintains $574 Price Target",https://finnhub.io/api/news?id=5f47bb66ad9a87d337f8dba4463dc9c14ff36df02012bdf0a2a1bf0363e1054d,2026-04-22 05:52:04+00:00,,7,positive,1,0,0,0,0,0,0,0,2,0,0,0,0,0
ISRG,gdelt_news,fool.com,ISRG Q1 2026 Earnings Transcript | The Motley Fool,https://www.fool.com/earnings/call-transcripts/2026/04/21/isrg-q1-2026-earnings-transcript/?source=iedfolrf0000001,2026-04-22 03:15:00+00:00,,4,neutral,0,0,0,0,2,0,0,0,0,0,0,0,0,0
ISRG,finnhub_news,Yahoo,ISRG Q1 2026 Earnings Transcript,https://finnhub.io/api/news?id=b15fbc355a60cd14d7028fc9b2001c9470257dcd10be003dcedd8b67d92cd7dc,2026-04-22 02:21:15+00:00,,15,positive,2,0,2,1,3,3,0,0,0,0,0,0,0,1
ISRG,finnhub_news,Yahoo,Intuitive Surgical (ISRG) Q1 Earnings: Taking a Look at Key Metrics Versus Estimates,https://finnhub.io/api/news?id=d86262a9c2d6860c1b52e8a902166e212c7edbbeb83fbf301f1f69ced650d635,2026-04-22 00:00:02+00:00,,7,neutral,0,0,0,0,3,0,0,0,0,0,0,0,0,0
ISRG,finnhub_news,Yahoo,Intuitive Surgical Q1 Earnings Call Highlights,https://finnhub.io/api/news?id=d81c8e3f944551179a57d86eb1fe1b6c6a0d433b38f080f2a8a1aa167287e229,2026-04-21 22:35:19+00:00,,16,positive,2,0,1,0,5,1,1,0,0,0,0,0,0,1
ISRG,gdelt_news,benzinga.com,Intuitive Surgical Delivers Q1 Double Beat : ISRG Earnings Highlights - Intuitive Surgical ( NASDAQ : ISRG ) ,https://www.benzinga.com/markets/earnings/26/04/51956177/intuitive-surgical-delivers-q1-double-beat-isrg-earnings-highlights,2026-04-21 21:45:00+00:00,,7,positive,1,0,0,0,3,0,0,0,0,0,0,0,0,0
ISRG,gdelt_news,finanznachrichten.de,Intuitive Surgical Inc . Bottom Line Rises In Q1,https://www.finanznachrichten.de/nachrichten-2026-04/68260276-intuitive-surgical-inc-bottom-line-rises-in-q1-020.htm,2026-04-21 21:45:00+00:00,,7,neutral,0,0,0,0,1,0,0,0,0,0,0,0,0,0
ISRG,gdelt_news,el-balad.com,Isrg Stock : The Hidden Cost of a Dominant Healthcare Giant Next Move,https://www.el-balad.com/16920226,2026-04-21 21:45:00+00:00,,3,neutral,0,0,0,0,0,0,0,0,0,0,0,0,0,0
ISRG,finnhub_news,SeekingAlpha,"Intuitive Surgical, Inc. (ISRG) Q1 2026 Earnings Call Transcript",https://finnhub.io/api/news?id=b670cf39ffbb231d090d6c0df9a9a2d430061a8e6e6aa8f5474f0761de0c0e9f,2026-04-21 21:40:36+00:00,,7,neutral,0,0,0,0,2,0,0,0,0,0,0,0,0,0
ISRG,finnhub_news,Yahoo,"Intuitive Surgical, Inc. (ISRG) Q1 Earnings and Revenues Surpass Estimates",https://finnhub.io/api/news?id=5321f87a3838a651495c487f9add1492e3bf650f846785f7792eec968b5cd1b7,2026-04-21 21:35:02+00:00,,7,neutral,0,0,0,0,4,0,0,0,0,0,0,0,0,0
ISRG,finnhub_news,Yahoo,Why Robotics Giant Intuitive Surgical Dropped Despite Its Beat And Raise,https://finnhub.io/api/news?id=3dba67c16f6f630c6a2f67cb070f0ca3233cfef7f3c03246d7712122d461075c,2026-04-21 21:30:21+00:00,,8,positive,3,1,1,0,3,1,0,0,0,0,0,0,0,0
ISRG,finnhub_news,Benzinga,"Intuitive Surgical, Faraday Future, Capital One, United Airlines And Opendoor Technologies: Why These 5 Stocks Are On Investors' Radars Today",https://finnhub.io/api/news?id=1d1d23bf61ddad30b9407bd6c689655e183b6edaf52882ab5e58def4fa6f61fe,2026-04-21 21:17:34+00:00,,6,neutral,0,0,0,0,0,0,0,0,0,0,0,0,0,0
ISRG,finnhub_news,Yahoo,Intuitive Surgical Earnings Show Big Beats Don’t Always Spark Stock Rallies,https://finnhub.io/api/news?id=47ba2e74170e4958e274de0278bec07c1527474c4072136285f711d04c48d93f,2026-04-21 21:14:00+00:00,,6,positive,3,0,0,0,5,0,1,1,0,0,0,0,0,0
ISRG,gdelt_news,markets.financialcontent.com,FinancialContent - Intuitive Surgical ( NASDAQ : ISRG ) Beats Expectations in Strong Q1 CY2026,https://markets.financialcontent.com/stocks/article/stockstory-2026-4-21-intuitive-surgical-nasdaqisrg-beats-expectations-in-strong-q1-cy2026,2026-04-21 20:45:00+00:00,,7,positive,2,0,0,0,1,0,0,0,0,0,0,0,0,0
ISRG,gdelt_news,finance.yahoo.com,Intuitive Surgical ( NASDAQ : ISRG ) Beats Expectations in Strong Q1 CY2026,https://finance.yahoo.com/markets/stocks/articles/intuitive-surgical-nasdaq-isrg-beats-202010272.html,2026-04-21 20:45:00+00:00,,7,positive,2,0,0,0,1,0,0,0,0,0,0,0,0,0
ISRG,finnhub_news,Yahoo,Intuitive Announces First Quarter Earnings,https://finnhub.io/api/news?id=9b770311197f5ab0bc3389bafc3b383f79070ed826f0c0e258f08bd53bb5f43f,2026-04-21 20:38:00+00:00,,15,neutral,0,0,2,0,3,2,1,0,0,0,0,0,0,1
ISRG,finnhub_news,Yahoo,Intuitive Surgical (NASDAQ:ISRG) Beats Expectations in Strong Q1 CY2026,https://finnhub.io/api/news?id=afbf7a4a5e7087473757f56e4a337245b0b1d12b9a2c5905d0dbaccfb122eab3,2026-04-21 20:20:10+00:00,,7,positive,3,0,0,0,4,0,0,0,0,0,0,0,0,0
ISRG,finnhub_news,Benzinga,Intuitive Surgical Reports Q1 2026 Results: Full Earnings Call Transcript,https://finnhub.io/api/news?id=88fe96f9136e4c19f8d5e2cde28838dfccfe90e312b72b475a1f003359e66f40,2026-04-21 17:54:52+00:00,,4,neutral,0,0,0,0,2,0,0,0,0,0,0,0,0,0
ISRG,finnhub_news,Finnhub,"Transcript : Intuitive Surgical, Inc., Q1 2026 Earnings Call, Apr 21, 2026",https://finnhub.io/api/news?id=53f9ab964b350840ef67a8239b021a31621219b5dcba788f7d8a53cb0e975371,2026-04-21 17:47:22+00:00,,4,neutral,0,0,0,0,3,0,0,0,0,0,0,0,0,0
ISRG,finnhub_news,Finnhub,Intuitive Surgical beats quarterly expectations on surgical robot demand,https://finnhub.io/api/news?id=76d4b9cf0b23c3575f0d7ee25f34812dee52d76504398a04812d737ff5d42496,2026-04-21 17:15:52+00:00,,9,positive,3,0,1,0,3,1,2,0,0,0,0,0,0,0
ISRG,finnhub_news,Finnhub,"Intuitive Surgical Posts Higher 1Q Sales, Profit",https://finnhub.io/api/news?id=2791ade330da86c4636e350e0672e2117674a190a0f0bfe0f3b5e2cde1c1b16a,2026-04-21 16:55:14+00:00,,12,positive,2,0,2,0,4,1,2,0,0,0,0,0,0,0
ISRG,finnhub_news,Finnhub,Intuitive Surgical : Q1 2026 Financial Data Tables,https://finnhub.io/api/news?id=6b61b23b82cae706d85c3d81a95d7be054a4ad796f13787a5a8f8126aa0e40ae,2026-04-21 16:52:56+00:00,,4,neutral,0,0,0,0,1,0,0,0,0,0,0,0,0,0
ISRG,finnhub_news,Benzinga,Intuitive Surgical Delivers Q1 Double Beat: ISRG Earnings Highlights,https://finnhub.io/api/news?id=4ea8a00e44440b3c17ea61944033b19ec117f7fa3dc89772537ea8aa5c1cb399,2026-04-21 16:39:29+00:00,,10,positive,1,0,0,0,4,0,0,0,0,0,0,0,0,0
ISRG,finnhub_news,Benzinga,"Intuitive Surgical Q1 Adj. EPS $2.50 Beats $2.10 Estimate, Sales $2.771B Beat $2.615B Estimate",https://finnhub.io/api/news?id=fa27aa36719b80d8e9c4eebe2fd8b454c9699b4532d2cc00deb14e7d0c80f34f,2026-04-21 16:23:43+00:00,,8,positive,2,0,0,0,5,0,0,0,1,0,0,0,0,0
ISRG,gdelt_news,dailypolitical.com,"Warm Springs Advisors Inc . Cuts Stock Holdings in Intuitive Surgical , Inc . $ISRG",https://www.dailypolitical.com/2026/04/21/warm-springs-advisors-inc-cuts-stock-holdings-in-intuitive-surgical-inc-isrg.html,2026-04-21 13:45:00+00:00,,6,neutral,0,0,0,0,0,0,0,0,0,0,0,0,0,0
ISRG,gdelt_news,insidermonkey.com,"Mizuho , BTIG , and Evercore Cut Intuitive Surgical ( ISRG ) Price Targets",https://www.insidermonkey.com/blog/mizuho-btig-and-evercore-cut-intuitive-surgical-isrg-price-targets-1742660/,2026-04-21 12:15:00+00:00,,6,neutral,0,0,0,0,0,0,0,0,0,0,0,0,0,0
ISRG,gdelt_news,dailypolitical.com,"Intuitive Surgical , Inc . $ISRG Shares Sold by Purus Wealth Management LLC",https://www.dailypolitical.com/2026/04/21/intuitive-surgical-inc-isrg-shares-sold-by-purus-wealth-management-llc.html,2026-04-21 11:30:00+00:00,,6,neutral,0,0,0,0,0,0,0,0,0,0,0,0,0,0
ISRG,gdelt_news,finance.yahoo.com,"Mizuho , BTIG , and Evercore Cut Intuitive Surgical ( ISRG ) Price Targets",https://finance.yahoo.com/markets/stocks/articles/mizuho-btig-evercore-cut-intuitive-105340048.html,2026-04-21 11:30:00+00:00,,6,neutral,0,0,0,0,0,0,0,0,0,0,0,0,0,0
ISRG,gdelt_news,benzinga.com,Top Wall Street Forecasters Revamp Intuitive Surgical Expectations Ahead Of Q1 Earnings - Intuitive Surgi,https://www.benzinga.com/analyst-stock-ratings/price-target/26/04/51932464/top-wall-street-forecasters-revamp-intuitive-surgical-expectations-ahead-of-q1,2026-04-21 11:30:00+00:00,,4,neutral,0,0,0,0,2,0,0,0,0,0,0,0,0,0
ISRG,finnhub_news,Yahoo,"Mizuho, BTIG, and Evercore Cut Intuitive Surgical (ISRG) Price Targets",https://finnhub.io/api/news?id=43ee2a6ac3e117a3fe5df984ae239320a8bf8f7bac4512cb556b93341a5fccd3,2026-04-21 10:53:40+00:00,,7,neutral,0,0,0,0,0,0,0,0,1,0,0,0,0,0
ISRG,finnhub_news,Benzinga,Top Wall Street Forecasters Revamp Intuitive Surgical Expectations Ahead Of Q1 Earnings,https://finnhub.io/api/news?id=2d48776a26358d8a5c3c49c100ccee8d489648d06b77aa1429d4173e481d203c,2026-04-21 06:26:06+00:00,,8,neutral,0,0,0,0,4,0,0,0,0,0,1,0,0,0
ISRG,gdelt_news,insidermonkey.com,Truist Maintains Buy Rating on Intuitive Surgical ( ISRG ) ,https://www.insidermonkey.com/blog/truist-maintains-buy-rating-on-intuitive-surgical-isrg-1741888/,2026-04-20 14:00:00+00:00,,6,positive,1,0,0,0,0,0,0,0,0,0,0,0,0,0
ISRG,finnhub_news,Yahoo,Truist Maintains Buy Rating on Intuitive Surgical (ISRG),https://finnhub.io/api/news?id=bbeb08d127faf5f4973234dd62ebdbf4d60b86de0bc5cde44519f80bfe544ee0,2026-04-20 13:11:29+00:00,,8,positive,1,0,0,0,1,0,0,0,1,0,0,0,0,0
ISRG,gdelt_news,finance.yahoo.com,Intuitive Surgical ( ISRG ) Q1 Earnings : What To Expect,https://finance.yahoo.com/markets/stocks/articles/intuitive-surgical-isrg-q1-earnings-062132333.html,2026-04-20 06:45:00+00:00,,7,neutral,0,0,0,0,2,0,0,0,0,0,0,0,0,0
ISRG,finnhub_news,Yahoo,Intuitive Surgical (ISRG) Q1 Earnings: What To Expect,https://finnhub.io/api/news?id=4446e3eaed2ba2c8cb2a44b8323c474f206ca65e9fa4826193eff1268b4fc125,2026-04-20 06:21:32+00:00,,7,neutral,0,0,0,0,2,0,0,0,0,0,0,0,0,0
ISRG,reddit_post,options,ISRG BUY PUTS,https://www.reddit.com/r/options/comments/1sqdapi/isrg_buy_puts/,2026-04-20 03:02:23+00:00,14.0,15,positive,1,0,1,1,0,1,0,0,0,2,0,1,0,0
ISRG,finnhub_news,Yahoo,Is It Time To Reassess Intuitive Surgical (ISRG) After Recent Robotic Surgery Headlines?,https://finnhub.io/api/news?id=4521bad6c1e115ebbf877344039db35d75154c13c53fea24b6b48b0f2bbd9730,2026-04-20 01:09:46+00:00,,12,neutral,1,1,1,1,0,1,0,0,1,0,0,0,0,0
ISRG,finnhub_news,Yahoo,Could This Healthcare Stock Help Make You Rich Over the Next Decade?,https://finnhub.io/api/news?id=ebcaab7ba70ba0f3b7aca8467e6a3625f4cd736bcb78d931b1c1783e75009915,2026-04-19 16:05:00+00:00,,3,neutral,0,0,0,0,0,0,0,0,0,0,0,0,0,0
ISRG,gdelt_news,themarketsdaily.com,"VCI Wealth Management LLC Boosts Stake in Intuitive Surgical , Inc . $ISRG",https://www.themarketsdaily.com/2026/04/19/vci-wealth-management-llc-boosts-stake-in-intuitive-surgical-inc-isrg.html,2026-04-19 14:30:00+00:00,,6,neutral,0,0,0,0,0,0,0,0,0,0,0,0,0,0
ISRG,gdelt_news,themarketsdaily.com,"Merit Financial Group LLC Increases Stake in Intuitive Surgical , Inc . $ISRG",https://www.themarketsdaily.com/2026/04/19/merit-financial-group-llc-increases-stake-in-intuitive-surgical-inc-isrg.html,2026-04-19 10:30:00+00:00,,6,neutral,0,0,0,0,0,0,0,0,0,0,0,0,0,0
ISRG,finnhub_news,Yahoo,FDA Stapler Safety Scrutiny Puts Intuitive Surgical Q1 2026 In Focus,https://finnhub.io/api/news?id=1501f2e98f747f11020a627eef8199432139db03c2d6ee8af5f17d6be8c3083b,2026-04-19 08:03:18+00:00,,9,negative,0,2,0,0,1,0,0,0,0,1,3,0,0,0
ISRG,finnhub_news,Yahoo,ISRG's Rising Procedure TAM With Low Penetration Backs Sustained Growth,https://finnhub.io/api/news?id=09d3235b76f5e2ae3d65eb3a614be9714f43313b3234582c8259e432bad37044,2026-04-17 17:50:00+00:00,,9,positive,2,0,1,1,1,3,0,0,0,0,0,0,0,0
ISRG,finnhub_news,Yahoo,Intuitive Surgical Is Jumping 2.7% Ahead of Earnings. Is the Robotics Stock Ready to Recover?,https://finnhub.io/api/news?id=5c9b8805f963e7d2ab2c9f1dce66ccffc89fdf3865584c8c80c24ba51b6779f4,2026-04-17 17:24:55+00:00,,7,positive,1,0,0,0,3,0,0,0,0,0,0,0,0,0
ISRG,finnhub_news,Yahoo,"Intuitive Surgical, Inc. (ISRG) Price Target Lowered at BITG Amid CMS FY27 Payment Rule Impact",https://finnhub.io/api/news?id=2cbb6cd34a4848ddbe94fd735474c9d51f00ad68f20ac0dfc615d99c36bb0639,2026-04-17 13:40:28+00:00,,7,positive,1,0,0,0,0,0,0,0,2,0,0,0,0,0
ISRG,finnhub_news,Yahoo,"Intuitive Surgical, Inc. (ISRG) Stock Sinks As Market Gains: Here's Why",https://finnhub.io/api/news?id=5cda8f3c267eea88adcf5a358890982b6b72f337603feca96e3072aed8d2c89f,2026-04-16 21:50:03+00:00,,6,neutral,0,0,0,0,0,0,0,0,0,0,0,0,0,0
ISRG,finnhub_news,Yahoo,"Intuitive Surgical Pre-Q1 Analysis: Buy, Hold or Sell the Stock Now?",https://finnhub.io/api/news?id=5feefe229986839a39e7bab1efac5535143376d8a646777392d05b9b1e0c4165,2026-04-16 16:52:00+00:00,,14,positive,4,3,1,2,3,1,0,0,1,0,0,0,0,0
ISRG,finnhub_news,Yahoo,Seeking Clues to Intuitive Surgical (ISRG) Q1 Earnings? A Peek Into Wall Street Projections for Key Metrics,https://finnhub.io/api/news?id=24efd1bab289f0e87f08a5ad5e269e2756028130103260dac8ec63f5fe779a2e,2026-04-16 13:15:03+00:00,,7,neutral,0,0,0,0,3,0,0,0,0,0,0,0,0,0
ISRG,gdelt_news,fool.com,The Silver Tsunami Is Here -- and Intuitive Surgical Could Be the Biggest Winner,https://www.fool.com/investing/2026/04/15/silver-tsunami-here-intuitive-surgical-stock-win/?source=iedfolrf0000001,2026-04-15 16:15:00+00:00,,3,neutral,0,0,0,0,0,0,0,0,0,0,0,0,0,0
ISRG,finnhub_news,Yahoo,The Silver Tsunami Is Here -- and Intuitive Surgical Could Be the Biggest Winner,https://finnhub.io/api/news?id=435051044d7b0e8b44a97f34cc66b8c59acd3319ce4ea7b61d9664dcc0994720,2026-04-15 14:35:00+00:00,,4,neutral,0,0,0,0,0,1,0,0,0,0,0,0,0,0
ISRG,gdelt_news,dailypolitical.com,Intuitive Surgical ( NASDAQ : ISRG ) Price Target Cut to $580 . 00 by Analysts at Truist Financial,https://www.dailypolitical.com/2026/04/15/intuitive-surgical-nasdaqisrg-price-target-cut-to-580-00-by-analysts-at-truist-financial.html,2026-04-15 14:30:00+00:00,,7,neutral,0,0,0,0,0,0,0,0,1,0,0,0,0,0
ISRG,finnhub_news,Benzinga,"Truist Securities Maintains Buy on Intuitive Surgical, Lowers Price Target to $580",https://finnhub.io/api/news?id=e9c863059f414e2ec954e43850511c6b78297cf68dbeb4da3569b231115b16c6,2026-04-15 10:20:57+00:00,,7,positive,1,0,0,0,0,0,0,0,2,0,0,0,0,0
ISRG,finnhub_news,Yahoo,"Why Intuitive Surgical, Inc. (ISRG) Outpaced the Stock Market Today",https://finnhub.io/api/news?id=b7c6eebb90da4ba87f7055e503b49a160359a3a880a4fb2f9014070e314e2db7,2026-04-14 22:00:04+00:00,,6,neutral,0,0,0,0,0,0,0,0,0,0,0,0,0,0
ISRG,finnhub_news,Yahoo,Assessing Intuitive Surgical (ISRG) Valuation After Strong Earnings And Growing Recurring Revenue,https://finnhub.io/api/news?id=56f2265d99cf7b88bc6b2bbd44395a460b347d3e53fac511cb8270a223f79802,2026-04-14 17:04:08+00:00,,8,positive,4,1,0,0,5,0,0,0,1,0,0,0,0,0
ISRG,gdelt_news,themarketsdaily.com,"Patten Group Inc . Increases Holdings in Intuitive Surgical , Inc . $ISRG",https://www.themarketsdaily.com/2026/04/14/patten-group-inc-increases-holdings-in-intuitive-surgical-inc-isrg.html,2026-04-14 12:00:00+00:00,,6,neutral,0,0,0,0,0,0,0,0,0,0,0,0,0,0
ISRG,gdelt_news,themarketsdaily.com,"Third View Private Wealth LLC Buys New Position in Intuitive Surgical , Inc . $ISRG",https://www.themarketsdaily.com/2026/04/14/third-view-private-wealth-llc-buys-new-position-in-intuitive-surgical-inc-isrg.html,2026-04-14 11:15:00+00:00,,6,neutral,0,0,0,0,0,0,0,0,0,0,0,0,0,0
ISRG,finnhub_news,Benzinga,"Mizuho Maintains Neutral on Intuitive Surgical, Lowers Price Target to $525",https://finnhub.io/api/news?id=a315688674fc430a553200db9dfb99caa4fd1310ce9f4e62aed1e260d8c9e78a,2026-04-13 13:28:10+00:00,,7,neutral,0,0,0,0,0,0,0,0,2,0,0,0,0,0
ISRG,finnhub_news,Yahoo,"These 3 Stocks Have Crushed the Market, and the Next 10 Years Could Be Even Better",https://finnhub.io/api/news?id=3bfa0799e54df081d9a9ccfa40a22eceb6919a414af0e982f1723962533cd14b,2026-04-13 08:01:00+00:00,,3,neutral,0,0,0,0,0,0,0,0,0,0,0,0,0,0
ISRG,gdelt_news,themarketsdaily.com,"Gibbs Wealth Management Purchases 1 , 698 Shares of Intuitive Surgical , Inc . $ISRG",https://www.themarketsdaily.com/2026/04/11/gibbs-wealth-management-purchases-1698-shares-of-intuitive-surgical-inc-isrg.html,2026-04-11 12:15:00+00:00,,6,neutral,0,0,0,0,0,0,0,0,0,0,0,0,0,0
ISRG,gdelt_news,finance.yahoo.com,Intuitive Surgical Inc . ( ISRG ): Israel Englander Is Loading Up on This Stock,https://finance.yahoo.com/markets/stocks/articles/intuitive-surgical-inc-isrg-israel-143237782.html,2026-04-10 15:15:00+00:00,,9,neutral,0,0,0,0,0,0,0,0,0,0,0,0,0,0
ISRG,finnhub_news,Yahoo,Intuitive Surgical Inc. (ISRG): Israel Englander Is Loading Up on This Stock,https://finnhub.io/api/news?id=51c11aadea3b628f9e983c608dffe133a2a40128bda0f0c311d173d00b93a869,2026-04-10 14:32:37+00:00,,10,neutral,0,0,0,0,1,0,0,0,0,0,0,0,0,0
ISRG,finnhub_news,Yahoo,"ISRG Stock Down Nearly 20% YTD: Should You Buy, Hold or Sell?",https://finnhub.io/api/news?id=bf255ec632ed73547cb06f944af8cb99869bc1eb8819b4eb0730b844b07c2ff9,2026-04-10 14:01:00+00:00,,6,positive,3,2,0,0,1,1,0,0,1,0,0,0,0,0
ISRG,finnhub_news,Benzinga,"If You Invested $1000 In Intuitive Surgical Stock 10 Years Ago, You Would Have This Much Today",https://finnhub.io/api/news?id=bfd4af6b2436bad59615bc02073bdcd43211af02121c865b257b578431648a54,2026-04-10 11:15:32+00:00,,3,neutral,0,0,0,0,0,0,0,0,0,0,0,0,0,0
ISRG,finnhub_news,Yahoo,Reaffirmed da Vinci Growth Guidance and New Platforms Could Be A Game Changer For Intuitive Surgical (ISRG),https://finnhub.io/api/news?id=03a357955bf7d8098375428a066a7acd64f4cc771093d6132ce8d57f00c762f2,2026-04-10 09:17:44+00:00,,15,positive,1,0,1,0,4,2,0,0,0,0,0,0,0,2
ISRG,finnhub_news,Benzinga,"BTIG Reiterates Buy on Intuitive Surgical, Maintains $616 Price Target",https://finnhub.io/api/news?id=98a5101eb6be0111789cbfe25acc52951d6d3732f0ca05e67923134fccafb0d3,2026-04-10 06:23:12+00:00,,7,positive,1,0,0,0,0,0,0,0,2,0,0,0,0,0
ISRG,finnhub_news,Yahoo,"Citi Cuts Medtronic (MDT) Target, Stifel Lowers Outlook after MiniMed IPO",https://finnhub.io/api/news?id=127ee87aece9183f2d385b09d993839b7f90edd979fc1789c8d598ca31ef9f44,2026-04-10 04:01:46+00:00,,3,positive,1,0,0,0,1,0,0,0,2,1,0,0,0,0
ISRG,finnhub_news,Yahoo,Can 13-15% Procedure Growth in 2026 Sustain ISRG's Premium Valuation?,https://finnhub.io/api/news?id=17f47784e6574136e976003b893f89bc83ab9b3bdbdff81f2206cd5af36c618c,2026-04-09 16:09:00+00:00,,9,positive,2,0,0,0,1,2,0,0,2,0,0,0,0,0
ISRG,finnhub_news,Benzinga,"Goldman Sachs Maintains Buy on Intuitive Surgical, Lowers Price Target to $609",https://finnhub.io/api/news?id=4a005814b4830b71aedbd456e2b992dee886b81489a90338e8de6e483e4f3e50,2026-04-09 13:45:19+00:00,,7,positive,1,0,0,0,0,0,0,0,2,0,0,0,0,0
ISRG,gdelt_news,tickerreport.com,"V Square Quantitative Management LLC Makes New Investment in Intuitive Surgical , Inc . $ISRG",https://www.tickerreport.com/banking-finance/13402473/v-square-quantitative-management-llc-makes-new-investment-in-intuitive-surgical-inc-isrg.html,2026-04-09 12:15:00+00:00,,6,neutral,0,0,0,0,0,0,0,0,0,0,0,0,0,0
ISRG,gdelt_news,dailypolitical.com,"OFI Invest Asset Management Has $90 . 06 Million Stock Position in Intuitive Surgical , Inc . $ISRG",https://www.dailypolitical.com/2026/04/09/ofi-invest-asset-management-has-90-06-million-stock-position-in-intuitive-surgical-inc-isrg.html,2026-04-09 12:15:00+00:00,,6,neutral,0,0,0,0,0,0,0,0,0,0,0,0,0,0
ISRG,finnhub_news,Yahoo,"Intuitive Surgical, Inc. (ISRG) Advances But Underperforms Market: Key Facts",https://finnhub.io/api/news?id=e3964bd0af2186b1f7fbfe15d18cbf8e23af15a5828af9209088eeca2bd10a4d,2026-04-08 22:00:05+00:00,,6,neutral,0,0,0,0,0,0,0,0,0,0,0,0,0,0
ISRG,finnhub_news,Yahoo,Tired of AI and Oil? Buy the Robot.,https://finnhub.io/api/news?id=5e6768a8446177d16438b196d5cc68e6992fb3c59e06e7f279a5308b07f18657,2026-04-08 13:31:57+00:00,,9,positive,1,0,0,0,0,0,1,0,1,0,0,0,0,1
ISRG,gdelt_news,themarketsdaily.com,"Greenleaf Trust Sells 2 , 063 Shares of Intuitive Surgical , Inc . $ISRG",https://www.themarketsdaily.com/2026/04/08/greenleaf-trust-sells-2063-shares-of-intuitive-surgical-inc-isrg.html,2026-04-08 12:00:00+00:00,,6,neutral,0,0,0,0,0,0,0,0,0,0,0,0,0,0
ISRG,gdelt_news,finance.yahoo.com,Intuitive Surgical Q1 2026 Earnings : What to Expect,https://finance.yahoo.com/sectors/healthcare/articles/intuitive-surgicals-q1-2026-earnings-134348331.html,2026-04-08 01:15:00+00:00,,4,neutral,0,0,0,0,2,0,0,0,0,0,0,0,0,0
ISRG,finnhub_news,Yahoo,Intuitive Surgical’s AI Push Tests Valuation And Da Vinci Growth Story,https://finnhub.io/api/news?id=2a14fd8423100057a879bd6b0690a3f8a6a465e9251f8c1854c2e059608efab7,2026-04-08 00:22:11+00:00,,16,positive,2,0,2,0,1,1,1,0,1,0,0,0,0,1
ISRG,finnhub_news,Yahoo,"Global Lung Cancer Surgery Market | Rise at 5.9% CAGR | Medtronic, Ethicon, Intuitive Surgical Drive Precision Oncology Advancements",https://finnhub.io/api/news?id=5d875c9c4afca9f7ca402a3db01a791b07a239db4a083d3ebf44093c213ec89f,2026-04-07 14:16:00+00:00,,10,positive,3,0,1,1,1,1,0,0,0,1,0,0,0,0
ISRG,finnhub_news,Yahoo,Intuitive Surgical's Q1 2026 Earnings: What to Expect,https://finnhub.io/api/news?id=2d1966224c4277eb0e4cb28e3d5805173e851ca1e2488cf50b880b22cfbf813b,2026-04-06 13:43:48+00:00,,4,neutral,0,0,0,0,3,0,0,0,0,0,0,0,0,0
ISRG,finnhub_news,Benzinga,"Evercore ISI Group Maintains In-Line on Intuitive Surgical, Lowers Price Target to $480",https://finnhub.io/api/news?id=67bb6fbad4aa8217fe592a43f984e36e504cc95ce2d3f09cbea15da2eb724f9d,2026-04-06 13:33:21+00:00,,7,neutral,0,0,0,0,0,0,0,0,2,0,0,0,0,0
ISRG,finnhub_news,Yahoo,"Intuitive Surgical, Inc. (ISRG) is Attracting Investor Attention: Here is What You Should Know",https://finnhub.io/api/news?id=81991da25ac2f7b515135f2fea3b7f89b77b4341dafb1f5a7e2540b4ebe1edb9,2026-04-06 13:00:03+00:00,,6,neutral,0,0,0,0,0,0,0,0,0,0,0,0,0,0
ISRG,finnhub_news,Yahoo,Is It Too Late To Consider Intuitive Surgical (ISRG) After Recent Share Price Weakness,https://finnhub.io/api/news?id=e4bb6caaba67c2f4db1f52f0989eaf075455b23c63e556957f84060a10bf2f21,2026-04-05 21:07:55+00:00,,6,negative,0,1,0,0,0,0,0,0,0,0,0,0,0,0
ISRG,finnhub_news,Yahoo,Intuitive Surgical (ISRG) is Improving Surgical Precision Through AI,https://finnhub.io/api/news?id=ca44e259f653104b526636743963a57c62d89e46b1a477ce19a64366dc05d40b,2026-04-03 12:39:13+00:00,,8,positive,1,0,0,0,2,0,0,0,0,0,0,0,0,1
ISRG,finnhub_news,Yahoo,Restore Robotics cleared to remanufacture 2 more da Vinci Xi instruments,https://finnhub.io/api/news?id=9f4173ed819903c1e762d314048ca616443eb7ffa84707455f78b8840ff42151,2026-04-03 11:38:48+00:00,,8,neutral,0,0,1,0,0,0,0,0,0,0,0,0,0,1
ISRG,finnhub_news,Yahoo,Intuitive Surgical Under Pressure in China: Can It Defend Its Position?,https://finnhub.io/api/news?id=6afd6887bb22041cb438b7187e1df019d6d5e90451bb673b79f6582b6df81427,2026-04-02 17:56:00+00:00,,7,negative,0,1,0,0,0,0,0,0,0,0,0,0,1,0
ISRG,finnhub_news,MarketWatch,Intuitive Surgical Inc. stock underperforms Thursday when compared to competitors,https://finnhub.io/api/news?id=ce33a5d21e00c6d6b2ef1b554b8a8aa0a51a90f098860422db556ccddb971849,2026-04-02 16:34:00+00:00,,6,neutral,0,0,0,0,0,0,0,0,0,0,0,0,0,0
ISRG,finnhub_news,Yahoo,Should You Continue to Retain Bruker Stock in Your Portfolio?,https://finnhub.io/api/news?id=3d82949ab2a91a865fd13cf2af6d6feccc5b8f7c90a42a7aa786a5744db8e37b,2026-04-02 12:03:00+00:00,,4,positive,2,0,0,0,1,1,0,0,0,0,0,0,1,1
ISRG,finnhub_news,Yahoo,"The Zacks Analyst Blog  American Express, Intuitive Surgical, Shopify and Utah Medical Products",https://finnhub.io/api/news?id=d701f77b26c688d4de3c92705134ff34aacc6b08b903bced34c9dcf915a08903,2026-04-02 08:17:00+00:00,,6,positive,2,0,0,0,1,0,0,0,1,0,0,0,0,1
ISRG,finnhub_news,Yahoo,"Top Research Reports for American Express, Intuitive Surgical & Shopify",https://finnhub.io/api/news?id=2477ff010adc0f466919cdd92fc2c7905c706e0919ddd36bed54d912e5c7c9d4,2026-04-01 21:37:00+00:00,,5,positive,3,0,0,0,1,0,0,0,0,0,0,0,0,1
ISRG,finnhub_news,Yahoo,"Intuitive Surgical, Inc. (ISRG) Maintains Edge Despite Security Breach",https://finnhub.io/api/news?id=6a8588902a467d1324ebbcde0c13051daffbcaeb793207f8933e4da8e7ce6c11,2026-04-01 19:10:27+00:00,,10,positive,1,0,0,0,1,0,0,0,0,0,0,0,0,0
ISRG,finnhub_news,Yahoo,"Intuitive Surgical, Inc. (ISRG) Rises But Trails Market: What Investors Should Know",https://finnhub.io/api/news?id=e4ea6de701e7147ef360daa32902a57af1bfd850180cf57c22cafe3f5e8ed49c,2026-03-31 21:50:03+00:00,,6,neutral,0,0,0,0,0,0,0,0,0,0,0,0,0,0
ISRG,finnhub_news,MarketWatch,"Intuitive Surgical Inc. stock rises Tuesday, still underperforms market",https://finnhub.io/api/news?id=00cc0a4e05307feead3e77956949898f5ce1b2b3f270b6e3d8bcd52bc787a652,2026-03-31 16:36:00+00:00,,6,neutral,0,0,0,0,0,0,0,0,0,0,0,0,0,0
ISRG,finnhub_news,Benzinga,"If You Invested $1000 In Intuitive Surgical Stock 10 Years Ago, You Would Have This Much Today",https://finnhub.io/api/news?id=adf780ce40ee12056523b7e4506e1b5dd555c7dbff731b574d57218b2b19282f,2026-03-31 11:45:21+00:00,,3,neutral,0,0,0,0,0,0,0,0,0,0,0,0,0,0
ISRG,finnhub_news,Yahoo,"Down 10.1% in 4 Weeks, Here's Why Intuitive Surgical (ISRG) Looks Ripe for a Turnaround",https://finnhub.io/api/news?id=5c1bd9db955048c82180d41e765f535a50848c280914318e1182692c6a49b941,2026-03-30 13:35:04+00:00,,7,positive,2,1,0,0,1,0,0,0,0,0,0,0,0,0
ISRG,finnhub_news,Yahoo,A Look At Intuitive Surgical’s Valuation After Recent Share Price Weakness,https://finnhub.io/api/news?id=dbfc8c02ed01d97ac1377ecbaa4d54392ab92091b528eab346cd32fdbed1c35b,2026-03-29 07:05:17+00:00,,11,negative,0,2,1,0,1,0,0,0,1,0,0,0,0,0
ISRG,finnhub_news,Yahoo,Intuitive Surgical (ISRG) Stock Up After Jim Cramer Said To Just Go Buy It,https://finnhub.io/api/news?id=038de65f57d59c41a6c3800b09a209a2a906b2e3f07787add4362613f65036f7,2026-03-28 13:49:20+00:00,,7,positive,1,0,0,0,0,0,0,0,0,0,0,0,0,1
ISRG,finnhub_news,Yahoo,Is Intuitive Surgical a Buy Right Now?,https://finnhub.io/api/news?id=60301df56f65b82ecb5cfde0d335a3af1b90bcd83c37fba845dcd83684da17af,2026-03-27 21:35:00+00:00,,3,positive,1,0,0,0,0,0,0,0,0,0,0,0,0,0
ISRG,finnhub_news,Yahoo,"Artivion, Intuitive Surgical, GE HealthCare, LeMaitre, and Globus Medical Shares Plummet, What You Need To Know",https://finnhub.io/api/news?id=cb4effb3b125cc004c1ba57d714e0404a22be02df6bea40430ea863953026cea,2026-03-27 18:49:08+00:00,,3,negative,0,1,0,0,0,0,0,0,0,0,0,0,0,0
ISRG,finnhub_news,MarketWatch,Intuitive Surgical Inc. stock underperforms Friday when compared to competitors,https://finnhub.io/api/news?id=9def180c13c505b9ae5ce95be8603b85acb54d116c5970810df2adc8fdcdace6,2026-03-27 16:35:00+00:00,,6,neutral,0,0,0,0,0,0,0,0,0,0,0,0,0,0
ISRG,finnhub_news,Yahoo,What Makes Intuitive Surgical (ISRG) a Clear Leader in Robotic-Assisted Surgery?,https://finnhub.io/api/news?id=906190fd7cacef2a32383e94b9a910c9a6c1d793d06274a092266a58b8d2ca30,2026-03-27 13:33:57+00:00,,8,positive,1,0,0,0,2,1,0,0,0,0,0,0,0,0
ISRG,finnhub_news,Yahoo,Reasons to Add Cooper Companies Stock to Your Portfolio Now,https://finnhub.io/api/news?id=e10867adc9a6ca667e636816de9cf5ae1dc69eb773e8a4abfb051920d8c9df17,2026-03-27 12:51:00+00:00,,3,positive,2,0,0,0,1,0,0,1,1,0,0,0,0,0
ISRG,finnhub_news,Yahoo,Is Intuitive Surgical Inc. (ISRG) the best pure-play robotics stock to buy now?,https://finnhub.io/api/news?id=032d565b19c8ca4287a9509761d9e293d12728067b5bcab00b03d961d1eaad6c,2026-03-26 19:41:51+00:00,,17,positive,1,0,1,1,0,1,2,0,0,0,0,0,0,0
ISRG,finnhub_news,Yahoo,Here's Why You Should Retain Integer Holdings Stock in Your Portfolio,https://finnhub.io/api/news?id=452373584c7dcec512b770aedeef64101bb6b378f1dd78c6148dc11ad52db95a,2026-03-26 13:08:00+00:00,,3,positive,4,1,0,1,2,0,0,1,0,0,0,0,0,0
ISRG,finnhub_news,Yahoo,Reasons to Retain Fresenius Medical Stock in Your Portfolio for Now,https://finnhub.io/api/news?id=e7936217e72d2529f09b1265939c0a100687a3ff69b753cf55e2e1504c02aa2e,2026-03-25 15:13:00+00:00,,3,positive,2,0,0,0,1,0,0,0,0,0,1,0,1,0
ISRG,finnhub_news,Yahoo,Reasons to Retain TransMedics Stock in Your Portfolio for Now,https://finnhub.io/api/news?id=0745a4780ad8ba3e2faaaec6e8417882917a10831e46cb52cf22d61d0be2346f,2026-03-25 14:35:00+00:00,,3,positive,2,1,0,1,1,0,0,1,0,0,0,0,0,0
ISRG,finnhub_news,Yahoo,MDT Expands Agreement With Merit to Offer ViaVerte: Stock to Gain?,https://finnhub.io/api/news?id=58488fecdf834f385f7f65d1d2b7893d622af7334fa6b98c5386b74ffacc6a3e,2026-03-25 13:43:00+00:00,,5,neutral,0,0,1,0,0,1,0,0,0,1,0,0,0,0
ISRG,finnhub_news,Yahoo,Wall Street Analysts Think Intuitive Surgical (ISRG) Is a Good Investment: Is It?,https://finnhub.io/api/news?id=1ee2acc0abca614b69c697c638b3ec507d4c60524d961c4bf04a09c2b2f609e5,2026-03-25 13:30:03+00:00,,6,neutral,0,0,0,0,0,0,0,0,0,0,0,0,0,0
ISRG,finnhub_news,Yahoo,Intuitive Surgical Extends Southern Europe Reach As Stock Trades Below Targets,https://finnhub.io/api/news?id=de844cc954eeafc2d6f2a7f186a9335ebff35ad818494f49a876977de961e676,2026-03-25 07:05:37+00:00,,16,negative,0,1,1,0,1,1,0,0,0,0,0,1,1,1
ISRG,finnhub_news,Yahoo,"Intuitive Surgical, Inc. (ISRG) Suffers a Larger Drop Than the General Market: Key Insights",https://finnhub.io/api/news?id=e644a3f124ea3f6682f89be541303af7e7e9f3e0fa3020872301c9948082525a,2026-03-24 21:50:03+00:00,,6,negative,0,1,0,0,0,0,0,0,0,0,0,0,0,0
ISRG,finnhub_news,Yahoo,ISRG's Margins Contract in Q4: Will Tariffs Continue to Hurt in 2026?,https://finnhub.io/api/news?id=f334712ca3349baef97ce68961741ad1c64ed67e7b12dcdda526d5e944805c35,2026-03-24 14:16:00+00:00,,6,negative,0,1,0,0,1,0,0,1,0,0,0,0,1,0
ISRG,finnhub_news,ChartMill,Intuitive Surgical Inc (NASDAQ:ISRG) Combines Strong Fundamentals with Technical Breakout Setup,https://finnhub.io/api/news?id=93b4da0544c1da5f7305a1c129cf68f510d193a87f7fb7d7100d75e42bf9481f,2026-03-24 13:42:05+00:00,,10,positive,2,0,0,0,1,0,0,0,0,0,0,0,0,0
ISRG,finnhub_news,Yahoo,"Intuitive Surgical, Inc. (ISRG) Is a Trending Stock: Facts to Know Before Betting on It",https://finnhub.io/api/news?id=c911a8258ca85d6d5786170b5384033b2742d709c6f3540e6e762491401b7bc7,2026-03-24 13:00:03+00:00,,6,neutral,0,0,0,0,0,0,0,0,0,0,0,0,0,0
ISRG,finnhub_news,Yahoo,Intuitive Surgical vs. Stryker: Which Surgical Tech Stock Leads?,https://finnhub.io/api/news?id=e26d3202ab25f414128b81d8ea3d33bdee2046f5fb6042b2baa6e3fe2be6c526,2026-03-23 15:26:00+00:00,,12,positive,1,0,1,0,2,1,0,0,0,1,0,0,0,0
ISRG,finnhub_news,Yahoo,"ISRG- Not Cheap, But Delivering on Growth Expectations",https://finnhub.io/api/news?id=15c59d9322dea57ca98d2b8ac8308d411180a65da18c24e0dcc310c09ad61dde,2026-03-23 05:01:00+00:00,,14,positive,3,0,1,0,2,0,0,0,0,0,0,0,0,0
ISRG,finnhub_news,Yahoo,"Is Intuitive Surgical, Inc. (ISRG) A Good Stock To Buy Now?",https://finnhub.io/api/news?id=e983aea765fe598167d0551b04c5145198fc587fad9740b7ff3766cac5ac02c4,2026-03-21 21:10:51+00:00,,6,positive,2,0,0,0,0,0,0,0,0,0,0,0,0,0
ISRG,finnhub_news,Yahoo,Jim Cramer on Intuitive Surgical: “It’s Just Gotten Too Expensive Per Share”,https://finnhub.io/api/news?id=f746c9bb051f60b7d269feb03b96e0468944399685e621119a96f0de28577067,2026-03-21 16:31:30+00:00,,13,neutral,1,1,0,1,1,2,1,0,1,0,0,2,0,0
ISRG,finnhub_news,Benzinga,Robotics Is Booming — But Intuitive Surgical Stock Just Flashed A Death Cross,https://finnhub.io/api/news?id=d7b677beedc851c42a83b21430a91f2d837d0092f0f32aa1e253edcd23643e84,2026-03-20 12:46:23+00:00,,4,positive,1,0,0,0,0,1,0,0,0,0,0,0,0,0
ISRG,finnhub_news,Benzinga,FDA Flags Safety Concern Over Intuitive Surgical Stapler,https://finnhub.io/api/news?id=06995c23d608910cbb9bf7ef82da94073b3fd2d650c7ea3939f34b87a7f23faa,2026-03-19 13:23:25+00:00,,4,negative,0,1,0,0,0,0,0,0,0,0,2,0,0,0
ISRG,finnhub_news,Yahoo,Intuitive Surgical and Lennar have been highlighted as Zacks Bull and Bear of the Day,https://finnhub.io/api/news?id=66aedee4cd4bac2c54c4e6f0ccfddb578ec6d8f7e12ff1525d5b7bb0a855aec1,2026-03-19 13:03:00+00:00,,4,positive,2,0,0,0,3,0,0,0,0,0,0,0,0,0
ISRG,finnhub_news,Yahoo,Bull of the Day: Intuitive Surgical (ISRG),https://finnhub.io/api/news?id=476b65fe1b2a59291458ad7e697b3e5732e241c9f5509e6a41236d8ac569955b,2026-03-19 10:10:00+00:00,,7,positive,1,0,0,0,1,0,0,0,0,0,0,0,0,0
ISRG,finnhub_news,MarketWatch,Intuitive Surgical Inc. stock outperforms competitors despite losses on the day,https://finnhub.io/api/news?id=00eecc4a7f4cc667171e8c1e912dcf6321ed91a79c7c9e3b7826b427ef09a375,2026-03-18 16:35:00+00:00,,6,neutral,0,0,0,0,0,0,0,0,0,0,0,0,0,0
ISRG,finnhub_news,Yahoo,Ambulatory Surgery Centers: A Long-Term Growth Opportunity for ISRG?,https://finnhub.io/api/news?id=a7d93bfbc0856afcd66f2ec769fb25f6ae5de0e4cc493433a258da1493b927cb,2026-03-18 14:02:00+00:00,,11,positive,2,0,1,0,1,2,1,0,0,0,0,1,0,0
ISRG,finnhub_news,Yahoo,Here's Why You Should Hold Stryker Stock in Your Portfolio for Now,https://finnhub.io/api/news?id=8f400e21bdf2331e15fe6c2fd0bd78f29ac84e4ca6249c813189e38bc07e92c4,2026-03-18 14:02:00+00:00,,4,positive,1,0,0,0,1,1,0,0,0,1,0,0,1,0
ISRG,finnhub_news,Benzinga,"FDA Is Aware That Intuitive Surgical Issued Letter To Affected Customers Recommending Some Curved-Tip Staplers Be Removed From Where They Are Used/Sold; As Of Feb 23, Intuitive Surgical Reported Four Serious Injuries & One Death Associated With Surgical Stapler Issue",https://finnhub.io/api/news?id=3f4078c47781aa5f929342944eb30876fc32806586c2ba4f816f84356c216961,2026-03-18 10:07:11+00:00,,4,neutral,0,0,0,0,0,0,0,0,0,0,1,0,0,0
ISRG,finnhub_news,Yahoo,"[Latest] Global Surgical Stapling Devices Market Size/Share Worth USD 10.14 Billion by 2035 at a 7.2% CAGR: Healthcare Foresights (Analysis, Outlook, Leaders, Report, Trends, Forecast, Segmentation, Growth Rate, Value, SWOT Analysis)",https://finnhub.io/api/news?id=e005fef1b586015fabdd6b9c619d753ae883c8c38a3d96b677e9d955b49c7175,2026-03-18 03:30:00+00:00,,3,positive,1,0,0,0,3,1,0,0,0,1,0,0,0,0
ISRG,finnhub_news,Benzinga,"UBS Maintains Neutral on Intuitive Surgical, Lowers Price Target to $550",https://finnhub.io/api/news?id=31cbcfe3253ed83c87be581fc8612b3fd5d79e60761e4577de6c6e0710b09056,2026-03-17 12:10:50+00:00,,7,neutral,0,0,0,0,0,0,0,0,2,0,0,0,0,0
ISRG,finnhub_news,MarketWatch,Intuitive Surgical Inc. stock outperforms competitors on strong trading day,https://finnhub.io/api/news?id=d764283e6571a415e1d18793d6882adb0eede38f23f3c51557f329cda260fe0d,2026-03-16 16:35:00+00:00,,6,positive,1,0,0,0,0,0,0,0,0,0,0,0,0,0
ISRG,reddit_post,stocks,What am I missing?,https://www.reddit.com/r/stocks/comments/1rtuiya/what_am_i_missing/,2026-03-14 20:49:56+00:00,30.0,4,negative,0,1,0,0,0,0,0,0,0,0,0,0,0,0
ISRG,finnhub_news,Yahoo,Strong Analyst Confidence in Intuitive Surgical (ISRG) Amid Company’s Continued Push to Expand Footprint,https://finnhub.io/api/news?id=ec221936714d170d49559aba280af43431470f73efb120999488b47a337b58ac,2026-03-14 07:15:38+00:00,,8,positive,4,0,0,0,1,0,0,0,2,0,0,0,0,0
ISRG,finnhub_news,Yahoo,How Investors May Respond To Intuitive Surgical (ISRG) Cyber Breach Exposing Data But Sparing Surgical Robots,https://finnhub.io/api/news?id=ace9f2180a33d95742fe83a552b28d7eca47416552f99c10b96ae3531f733a40,2026-03-14 07:06:56+00:00,,16,neutral,0,0,1,0,0,1,1,0,0,0,0,1,0,1
ISRG,finnhub_news,Yahoo,"Why Intuitive Surgical, Inc. (ISRG) Dipped More Than Broader Market Today",https://finnhub.io/api/news?id=1c6a4e3fde126ff7a51bc6b12550d5f73116e5311a633d8e0bcd0e7786810360,2026-03-13 21:50:04+00:00,,6,neutral,0,0,0,0,0,0,0,0,0,0,0,0,0,0
ISRG,finnhub_news,Yahoo,Intuitive Surgical Stock Falls After Cybersecurity Breach Hits Internal Systems,https://finnhub.io/api/news?id=8ceb8666997c21f8f4ba6c4d26502883a7bfdac7de116c6971f5014d2e5257ab,2026-03-13 18:38:57+00:00,,4,negative,0,2,0,0,0,0,1,0,0,0,0,0,0,0
ISRG,finnhub_news,MarketWatch,Intuitive Surgical Inc. stock underperforms Friday when compared to competitors,https://finnhub.io/api/news?id=22df9cfc7103a891be9d22830e0446de21aef899251baf5f3a8527a2b04f8a30,2026-03-13 16:35:00+00:00,,6,neutral,0,0,0,0,0,0,0,0,0,0,0,0,0,0
ISRG,finnhub_news,Yahoo,Intuitive Surgical hit by cybersecurity phishing incident,https://finnhub.io/api/news?id=1b52dff4124063df98535596581cf0b6314d2d5377d54ea9a57b189c75ec97f7,2026-03-13 15:47:00+00:00,,6,neutral,0,0,1,0,0,0,0,0,0,0,0,0,0,0
ISRG,finnhub_news,Yahoo,Wall Street Analysts Think Intuitive Surgical (ISRG) Could Surge 29.72%: Read This Before Placing a Bet,https://finnhub.io/api/news?id=00030b4e7b2bda470f5ee4126ef4b69704daeb39ee0c065f4220848b5fd76a5d,2026-03-13 13:55:02+00:00,,7,positive,1,0,0,0,1,0,0,0,0,0,0,0,0,0
ISRG,finnhub_news,Yahoo,Intuitive Surgical Expands Direct Southern Europe Operations To Shape Growth Story,https://finnhub.io/api/news?id=5a2e5dd032850cfc843ed9071f901178db72d51ed421f2690057d514b162f9d5,2026-03-13 13:09:03+00:00,,15,positive,1,0,1,0,1,0,0,0,0,0,0,0,1,1
ISRG,finnhub_news,Benzinga,Intuitive Surgical Reveals Cyber Breach,https://finnhub.io/api/news?id=bc30097daf961c3fc3b9a3b027c2f959ffda5db508246594f1d9511a05d85f11,2026-03-13 13:05:55+00:00,,4,neutral,0,0,0,0,0,0,0,0,0,1,0,0,0,0
ISRG,finnhub_news,Yahoo,"Investors Heavily Search Intuitive Surgical, Inc. (ISRG): Here is What You Need to Know",https://finnhub.io/api/news?id=7b14c5651aa59456e12c3955a0a3d27b1768bf759108cce8f84baeb003d38fc5,2026-03-13 13:00:03+00:00,,6,neutral,0,0,0,0,0,0,0,0,0,0,0,0,0,0
ISRG,finnhub_news,Benzinga,"UPDATE: Intuitive Surgical Reports Cyber Breach, Calls Products Secure",https://finnhub.io/api/news?id=0169b51ea5fccf23b97e7a966ab5dc3ad9ff4d5710d37910d02fb913b57c8e38,2026-03-13 11:40:54+00:00,,3,neutral,0,0,0,0,0,0,0,0,0,0,0,0,0,0
ISRG,finnhub_news,Yahoo,"Intuitive Surgical, Inc. (ISRG) Suffers a Larger Drop Than the General Market: Key Insights",https://finnhub.io/api/news?id=874772b1c9c9a812758aaac1125dd0621a6d877b0959f8f2c9fad420f5d2be32,2026-03-12 22:00:04+00:00,,6,negative,0,1,0,0,0,0,0,0,0,0,0,0,0,0
ISRG,finnhub_news,Yahoo,Intuituve (ISRG) Boosting Southern Europe Presence with Purchase of Distributors,https://finnhub.io/api/news?id=f684ad48119f07e9e6fcd898a042e86bfbda0088e2d2b68abf0888ccc9762a65,2026-03-12 18:22:47+00:00,,18,positive,1,0,1,0,0,0,1,0,0,0,0,0,1,1
ISRG,finnhub_news,MarketWatch,Intuitive Surgical Inc. stock underperforms Thursday when compared to competitors,https://finnhub.io/api/news?id=06c9ad0b21315ac8dfe8a3edcc7fc79cf7c90f7d474d9bc7a72be2b24c9ec010,2026-03-12 16:35:00+00:00,,6,neutral,0,0,0,0,0,0,0,0,0,0,0,0,0,0
ISRG,finnhub_news,Yahoo,ISRG's da Vinci Gains FDA Nod for Cardiac Surgery: TAM Growth Ahead?,https://finnhub.io/api/news?id=3b7a96d5db43665c3d5723796e688501d4135db17cec44ddcbbac259fcaf24b7,2026-03-12 16:18:00+00:00,,14,positive,1,0,1,1,1,2,0,0,0,0,2,0,0,0
ISRG,finnhub_news,Yahoo,"Intuitive Surgical (ISRG): Buy, Sell, or Hold Post Q4 Earnings?",https://finnhub.io/api/news?id=d03297220bf39ec33f077e3d9367910bae98555d59224b5c54dae3ec65720ba2,2026-03-12 16:16:47+00:00,,7,neutral,1,1,0,0,1,0,0,0,0,0,0,0,0,0
ISRG,finnhub_news,Yahoo,"Intuitive Surgical Stock: Buy, Sell, or Hold?",https://finnhub.io/api/news?id=602af3be171f928e1d350c3647210dcbbb2e401909aa3ef3c0e05080bbd5401a,2026-03-12 04:23:00+00:00,,4,positive,2,1,0,0,0,0,0,0,1,0,0,0,0,0
ISRG,finnhub_news,SeekingAlpha,Intuitive Surgical: The Robotic Surgery Leader Still Has Massive Growth Ahead,https://finnhub.io/api/news?id=2cc60b09da960384e6d1678e7a866633f304aff94f847ddaf4d6cffc3f5e3c08,2026-03-12 02:45:17+00:00,,8,positive,1,0,1,0,1,1,0,0,0,0,0,0,0,0
ISRG,finnhub_news,Yahoo,Assessing Intuitive Surgical (ISRG) Valuation As Shares Tread Water Despite Growth,https://finnhub.io/api/news?id=967518beac1e60da4808c729813fa5c48322113878384256c35fb3eea2ef54d8,2026-03-12 02:08:37+00:00,,8,positive,2,1,0,0,1,0,0,0,1,0,0,0,0,0
ISRG,finnhub_news,MarketWatch,Intuitive Surgical Inc. stock outperforms competitors on strong trading day,https://finnhub.io/api/news?id=b98e2e7d4652d3e6aab00d37afa8332f7d905e16b507d8b0e4a3c88ebd51ef49,2026-03-11 16:35:00+00:00,,6,positive,1,0,0,0,0,0,0,0,0,0,0,0,0,0
ISRG,finnhub_news,Yahoo,Intuitive Surgical Upgraded to Buy by Citi — Plus Key Moves on Stryker and Abbott,https://finnhub.io/api/news?id=7895dfdda664c217c75c83ca61d63b29fbce563a433a1fea115eaf72ed055e8b,2026-03-11 14:25:02+00:00,,7,positive,1,0,0,0,0,0,0,0,0,1,0,0,0,0
ISRG,finnhub_news,Yahoo,Intuitive Surgical Poised for Growth in 2026 on da Vinci 5 Momentum,https://finnhub.io/api/news?id=b577c00498fc425b2d4cd0ec141d1472f41e4491134a7832b7e1d63428948c00,2026-03-11 12:21:00+00:00,,19,positive,4,0,1,2,2,1,0,0,0,0,0,0,0,2
ISRG,finnhub_news,SeekingAlpha,"Intuitive Surgical - Strong Moat But Valuation Remains Elevated, Hold",https://finnhub.io/api/news?id=0913d14d6db0571e87ababf8fc2f2b337a351ed1a76596c2bdf014fce51fd7e8,2026-03-11 11:57:33+00:00,,9,positive,1,0,0,0,1,2,0,0,1,0,0,0,0,0
ISRG,finnhub_news,Yahoo,"Here Are Wednesday’s Top Wall Street Analyst Research Calls: CrowdStrike, Harley-Davidson, Intuitive Surgical, Medline, Nike, Oracle, Planet Fitness, Vici Properties, and More",https://finnhub.io/api/news?id=df15a4cb3db9fc42d32ba2ce3d458159444b58ac8639f6eae5e156cb48d84276,2026-03-11 11:45:54+00:00,,4,positive,1,0,0,0,0,0,0,0,1,0,0,0,0,0
ISRG,finnhub_news,Benzinga,"Citigroup Upgrades Intuitive Surgical to Buy, Maintains Price Target to $590",https://finnhub.io/api/news?id=3dfd6880b56fb5d99ef8cbcc354f0e74bbae7a8ec4cec1c936b30b33fd273c53,2026-03-11 09:58:37+00:00,,7,positive,1,0,0,0,0,0,0,0,2,0,0,0,0,0
ISRG,finnhub_news,MarketWatch,Intuitive Surgical Inc. stock outperforms competitors despite losses on the day,https://finnhub.io/api/news?id=c92885f55a526d294c06581dc12ee5ee9e6ea14155aa72df14138f73b2bb023e,2026-03-10 16:35:00+00:00,,6,neutral,0,0,0,0,0,0,0,0,0,0,0,0,0,0
ISRG,finnhub_news,Yahoo,5 Medical Instruments Stocks to Buy Amid Huge Short-Term Price Upside,https://finnhub.io/api/news?id=f189f0aedd4a66306eec3ab8a13ed8f212456c8a39d7ef149bee2a285d825ce8,2026-03-10 13:34:00+00:00,,5,positive,3,0,0,0,1,0,0,0,0,0,0,0,0,2
ISRG,finnhub_news,Benzinga,$100 Invested In Intuitive Surgical 10 Years Ago Would Be Worth This Much Today,https://finnhub.io/api/news?id=1b1e1d8d47ccef51cd4b1e8276a1f957883f6685a9ef77d38b4f7ae1c26dcff5,2026-03-10 12:15:24+00:00,,3,neutral,0,0,0,0,0,0,0,0,0,0,0,0,0,0
ISRG,finnhub_news,Yahoo,"Intuitive Surgical, Inc. (ISRG) Announces the Completion of its Acquisition of the da Vinci and Ion Distribution Business",https://finnhub.io/api/news?id=2e18d6c4443132cf5a35cdbfb4bf455550594d15acf52aa2b4873cd675f4ed00,2026-03-10 09:36:00+00:00,,13,neutral,0,0,1,0,0,0,0,0,0,0,0,0,0,1
ISRG,finnhub_news,Yahoo,SS Innovations raises $18.6M as surgical robot nears US market,https://finnhub.io/api/news?id=b91f91152a10e136191b886da03af42c8fb8d63ffd5508702cb304ae6a49391c,2026-03-10 06:48:36+00:00,,5,neutral,0,0,1,1,0,0,1,0,0,0,0,0,0,0
ISRG,finnhub_news,Yahoo,Intuitive Surgical (ISRG) Is Considered a Good Investment by Brokers: Is That True?,https://finnhub.io/api/news?id=86f6c510fcb8dd4b0f72436ef6b84b78b2d79ed087bced1963bc94b51ae9d668,2026-03-09 13:30:04+00:00,,6,positive,1,0,0,0,0,0,0,0,0,0,0,0,0,0
ISRG,finnhub_news,Yahoo,UFP Technologies Extends Intuitive Deal As Concentration Risk And Upside Grow,https://finnhub.io/api/news?id=191bf47bc326b1518aa6bd022cf93b61b965d8bbaf92ec35cc1edc2da85de487,2026-03-08 13:05:16+00:00,,4,negative,0,2,0,0,0,0,1,0,0,0,0,0,0,0
ISRG,finnhub_news,Yahoo,"Intuitive Surgical, Inc. (ISRG) Stock Moves -1.32%: What You Should Know",https://finnhub.io/api/news?id=a872084cd8078fef0c00232d5defe2d4de9025884ea2b542f91d00a1385ec338,2026-03-06 22:50:02+00:00,,6,neutral,0,0,0,0,0,0,0,0,0,0,0,0,0,0
ISRG,finnhub_news,Yahoo,Intuitive Surgical’s European Push And Cardiac Clearance Tested By Lofty Valuation,https://finnhub.io/api/news?id=1d22e1296ba7235cf19d550f6dd587ae2b4d8b86b593b89e8899f7b04251fdda,2026-03-05 04:29:55+00:00,,19,neutral,0,0,1,1,0,1,0,0,1,0,2,0,1,1
ISRG,finnhub_news,Yahoo,Intuitive Surgical Expands Direct Operational Presence in Europe,https://finnhub.io/api/news?id=d4253dcd97a287f1538497ce9b14e194a639fddafb6abdb67791a7ea007778b9,2026-03-04 12:52:00+00:00,,14,neutral,0,0,1,0,0,0,0,0,0,0,0,0,1,1
ISRG,finnhub_news,Benzinga,What's Driving the Market Sentiment Around Intuitive Surgical Inc?,https://finnhub.io/api/news?id=e2112c8e90cbca0a8ced63027a201386ba6d399ed26171a61a799d4600c7436f,2026-03-03 16:00:51+00:00,,6,neutral,0,0,0,0,0,0,0,0,0,0,0,0,0,0
ISRG,finnhub_news,Yahoo,Can Digital Subscriptions Become ISRG's New Revenue Stream in 2026?,https://finnhub.io/api/news?id=540dbcd65fb3f272a2f15efab24d265c6817554b4d05e775820429aae0df0be0,2026-03-03 13:15:00+00:00,,8,neutral,0,0,0,0,1,0,0,0,0,0,0,0,0,1
ISRG,finnhub_news,Yahoo,A Look Back at Surgical Equipment & Consumables - Specialty Stocks’ Q4 Earnings: Intuitive Surgical (NASDAQ:ISRG) Vs The Rest Of The Pack,https://finnhub.io/api/news?id=d0fd28ea71d50c71397b65758b4109aca9cedd5f144929a26661f52c608ef6fc,2026-03-02 20:20:36+00:00,,7,neutral,0,0,0,0,1,0,0,0,0,0,0,0,0,0
ISRG,finnhub_news,Yahoo,Intuitive Surgical Expands Southern Europe Reach And Raises Questions For Growth,https://finnhub.io/api/news?id=ae7348dd32a87b1e19715f931134b9de85a3ab96d7b6e8429352a887d2e8d72d,2026-03-02 20:14:50+00:00,,10,positive,1,0,0,0,1,1,0,0,0,0,0,1,1,0
ISRG,finnhub_news,Yahoo,5 Stocks Racing Ahead as AI Supercharges Robotics,https://finnhub.io/api/news?id=e282a4a361fc6edff5545f96ce31785e221710b5f04a8d50dd235a111fe18929,2026-03-02 17:13:00+00:00,,3,positive,1,0,0,1,0,1,0,0,0,0,0,0,0,1
ISRG,finnhub_news,Yahoo,"Here is What to Know Beyond Why Intuitive Surgical, Inc. (ISRG) is a Trending Stock",https://finnhub.io/api/news?id=c4be607a4a891625ff78a496835c5c0e499cd30d1047bfe7ce94ca3f7a673cbf,2026-03-02 14:00:03+00:00,,6,neutral,0,0,0,0,0,0,0,0,0,0,0,0,0,0
ISRG,finnhub_news,Yahoo,Intuitive Expands Investment and Footprint in Europe,https://finnhub.io/api/news?id=03673d8ba3e9aafffe08d360ea5ecdd777b540161ea4d9015e343e7acd4fdcc1,2026-03-02 12:00:00+00:00,,14,positive,1,0,2,0,0,1,0,0,0,0,0,0,1,1
ISRG,finnhub_news,Yahoo,Intuitive expands in Europe with purchase of distributor operations,https://finnhub.io/api/news?id=c2e61eb67e3724566ba77295ea82970189f4c6c348efff9706c226400159b278,2026-03-02 11:27:09+00:00,,4,neutral,0,0,1,0,0,0,0,0,0,0,0,0,1,0
ISRG,finnhub_news,Benzinga,"Intuitive Completes Acquisition Of Da Vinci And Ion Distribution Business Operated By Ab Medica, Abex, Excelencia Robótica, And Their Affiliates; Terms Undisclosed",https://finnhub.io/api/news?id=fefa90f7b55828d62d054dc0152dc5d84bf1c2b5a3729787d3e8c719865cdccf,2026-03-02 08:10:07+00:00,,13,neutral,0,0,2,0,0,1,0,0,0,0,0,0,0,1
ISRG,finnhub_news,Benzinga,"Intuitive Strengthens Direct Operations In Italy, Spain And Portugal With da Vinci And Ion Business Integration",https://finnhub.io/api/news?id=6a4505f16e660e44c5bae9972eacaf39e3ff86f081b826d5c9a84ecdbc1d82d4,2026-03-02 08:09:20+00:00,,7,neutral,0,0,1,0,0,0,0,0,0,0,0,0,0,1
ISRG,finnhub_news,Yahoo,The Sleeper Stock That Could Surge Before Wall Street Notices,https://finnhub.io/api/news?id=2decd695a1aaa666dd6e94811a9b082b4afa142dcf3918a5ca515aaa72372c68,2026-03-01 16:35:00+00:00,,7,positive,1,0,1,0,0,0,1,0,0,0,0,0,0,0
ISRG,finnhub_news,Yahoo,Medtronic: The Only Medical Device Stock I'd Consider a Lifetime Hold,https://finnhub.io/api/news?id=41a520337259026a07b5e25cb99bd86e07f229e867ff5c6eefc9bfb5b70341e2,2026-02-28 14:50:00+00:00,,5,neutral,0,0,1,0,0,1,0,0,0,1,0,0,0,0
ISRG,finnhub_news,Yahoo,Is It Too Late To Consider Intuitive Surgical (ISRG) After Recent Share Price Weakness?,https://finnhub.io/api/news?id=d860495107927af0d19675b911f28824fbcfd80530dd936b0865e64cb404413a,2026-02-27 03:15:48+00:00,,6,negative,0,1,0,0,0,0,0,0,0,0,0,0,0,0
ISRG,finnhub_news,Yahoo,Intuitive Surgical or Abbott: Which MedTech Stock Is a Better Bet Now?,https://finnhub.io/api/news?id=e3a419bfe91f9c82ced0704b07452a9c3531e31cbadc693ab4fbf383a6f14505,2026-02-26 16:21:00+00:00,,8,positive,2,0,0,0,1,1,0,0,0,0,0,0,0,0
ISRG,finnhub_news,Yahoo,"Got $10,000? This Under‑the‑Radar Medical Device Giant Could Be a Millionaire Maker by 2036.",https://finnhub.io/api/news?id=1796c0c82b14c9a3ac2c7e8c7fb738e2e2aa5f8e454051d583fdd5bf7d9701bf,2026-02-26 14:25:00+00:00,,5,positive,1,0,0,0,1,0,0,0,0,1,0,0,0,0
ISRG,finnhub_news,Benzinga,Unpacking the Latest Options Trading Trends in Intuitive Surgical,https://finnhub.io/api/news?id=9ed63e0adeba102f2e4db139c356fbb8f8382ace8657cb8afadba2aec623e19a,2026-02-26 12:01:08+00:00,,3,neutral,0,0,0,0,0,0,0,0,0,0,0,0,0,0
ISRG,finnhub_news,MarketWatch,Intuitive Surgical Inc. stock outperforms competitors on strong trading day,https://finnhub.io/api/news?id=09e60d7b954bb6615b621f3cb3abe5778091aa5ba421f094fe49037ed09e55f0,2026-02-25 16:36:00+00:00,,6,positive,1,0,0,0,0,0,0,0,0,0,0,0,0,0
ISRG,finnhub_news,Yahoo,Is Intuitive Surgical Stock Underperforming the Dow?,https://finnhub.io/api/news?id=33b997b0c8af938b47360ea52542bf892c95b0f98f95e1eb14a43f4da9717341,2026-02-25 14:09:21+00:00,,3,positive,1,0,0,0,0,0,0,0,0,0,0,0,0,0
ISRG,finnhub_news,Yahoo,Top Robotics Stocks Worth Investing Now for Solid Returns,https://finnhub.io/api/news?id=dc3fc7e3eae55acf1a9a1e89851500486c39b3b41d60e3f753c0a438df6bb419,2026-02-25 13:17:00+00:00,,3,positive,2,0,0,1,1,0,0,0,0,0,0,0,0,1
ISRG,finnhub_news,Yahoo,Assessing Intuitive Surgical (ISRG) Valuation After Recent 12% Year To Date Share Price Decline,https://finnhub.io/api/news?id=91aec7d14088725fd81f09c696368f34a4017aa3c989db98fb826ca5d506ff04,2026-02-24 23:15:46+00:00,,7,negative,0,1,0,0,0,0,0,0,1,0,0,0,0,0
ISRG,finnhub_news,Benzinga,"UBS Maintains Neutral on Intuitive Surgical, Lowers Price Target to $570",https://finnhub.io/api/news?id=ff73610dfa1df43cedfebe3fc643dfb8bd3c4452060ec7cd6e756bde767ba42d,2026-02-24 15:19:15+00:00,,7,neutral,0,0,0,0,0,0,0,0,2,0,0,0,0,0
ISRG,finnhub_news,Yahoo,"The Zacks Analyst Blog Highlights Oracle, Intuitive Surgical, Analog Devices and Moving iMage Technologies",https://finnhub.io/api/news?id=a722597c73fca48ebfbdb05dd4e01c2f1d21ca06e4d1e30674e1a25e7a490041,2026-02-24 15:11:00+00:00,,8,positive,2,0,0,0,1,0,0,1,1,0,0,0,1,1
ISRG,finnhub_news,Yahoo,"Zacks Industry Outlook Highlights Intuitive Surgical, Edwards Lifesciences and Electromed",https://finnhub.io/api/news?id=cf59634cd861e5fd06bbdec636c9bf41eceb0947217d866d5f9bef4216d3a157,2026-02-24 13:46:00+00:00,,4,neutral,0,0,0,0,0,0,0,0,0,0,0,0,0,1
ISRG,finnhub_news,ChartMill,Intuitive Surgical Inc (NASDAQ:ISRG) Presents a Compelling Mix of Strong Fundamentals and a Bullish Technical Setup,https://finnhub.io/api/news?id=e88a2eba42d51d134b1f932218738493be89b60aabb8b38bd238e46b504f1755,2026-02-24 12:11:10+00:00,,10,positive,3,0,0,0,1,0,0,0,0,0,0,0,0,0
ISRG,finnhub_news,Yahoo,"Top Research Reports for Oracle, Intuitive Surgical & Analog Devices",https://finnhub.io/api/news?id=77aec168ccdc766dbe50222a9d710c11713331e861887c6790b332c6ab25d8ce,2026-02-23 21:11:00+00:00,,7,positive,2,1,0,0,2,0,0,1,0,1,0,0,0,1
ISRG,finnhub_news,Yahoo,"Da Vinci 5 Sparks Optimism Around Intuitive Surgical, Inc. (ISRG)",https://finnhub.io/api/news?id=ab51b8afd7c3758b38983341a969301293c9c895302e15a51ad1c6f097328a3a,2026-02-23 20:37:11+00:00,,15,positive,1,0,1,1,0,0,0,0,1,0,0,0,0,0
ISRG,finnhub_news,MarketWatch,Intuitive Surgical Inc. stock underperforms Monday when compared to competitors,https://finnhub.io/api/news?id=31c19dcb2b42c273dc83d827572265fdb5016ea3a79aa34a5a171b58f5e55334,2026-02-23 16:36:00+00:00,,6,neutral,0,0,0,0,0,0,0,0,0,0,0,0,0,0
ISRG,reddit_post,options,"Cheap Calls, Puts and Earnings Plays for this week",https://www.reddit.com/r/options/comments/1rcju85/cheap_calls_puts_and_earnings_plays_for_this_week/,2026-02-23 15:05:15+00:00,9.0,6,negative,3,4,0,0,1,0,0,0,2,0,0,0,0,0
ISRG,finnhub_news,Yahoo,"How The Intuitive Surgical (ISRG) Story Is Shifting With Dv5, FDA Clears, And Valuation Jitters",https://finnhub.io/api/news?id=0694db9d2e3efebbff9cbd65afc97321a40b2bdabbbc9b8b680af2b04e469a7f,2026-02-23 07:09:03+00:00,,10,negative,0,1,0,1,0,1,0,0,2,0,1,0,0,0
ISRG,finnhub_news,Yahoo,Intuitive Surgical: This Robotic-Surgery Leader Could Keep Compounding for Another Decade,https://finnhub.io/api/news?id=629555ce89ac884c8e44b39d29f3b658b2ddfb6e2adc8c4f8ac1d341531e5bd5,2026-02-22 17:50:00+00:00,,4,neutral,0,0,0,0,0,1,0,0,0,0,0,0,0,0
ISRG,finnhub_news,Yahoo,ISRG's International Growth Outpaces US With 35% Procedure Volume,https://finnhub.io/api/news?id=aca6573e88180904b91aa2ac1d500945b15ab2ee04547bf74baff91b2910f19b,2026-02-19 16:01:00+00:00,,12,positive,2,0,1,0,1,3,0,0,0,0,0,0,1,0
ISRG,finnhub_news,Yahoo,Is It Worth Investing in Intuitive Surgical (ISRG) Based on Wall Street's Bullish Views?,https://finnhub.io/api/news?id=888b1edee85d6bbc076b4a1e59b577ed31a6b2515a8983e09239b72048424a33,2026-02-19 14:30:03+00:00,,6,positive,1,0,0,0,0,0,0,0,0,0,0,0,0,0
ISRG,finnhub_news,Yahoo,Intuitive Surgical’s AI And Da Vinci 5 Put Valuation In Focus,https://finnhub.io/api/news?id=1c039e686e3f4ba587ebbea1e21b1fb17f9a0ba797412ed5ab5e081f894d67fb,2026-02-19 14:09:52+00:00,,21,neutral,0,0,2,1,0,1,1,0,1,0,0,0,0,2
ISRG,finnhub_news,Yahoo,Could Intuitive Surgical Be the One Medtech Stock to Hold Through Any Market Crash?,https://finnhub.io/api/news?id=a6d729987c1d9d771f2dfb26880663df1ec7359e7ea0846ab0c0671e04923c36,2026-02-19 09:35:00+00:00,,3,neutral,0,0,0,0,0,0,0,0,0,0,0,0,0,0
ISRG,finnhub_news,Benzinga,"If You Invested $100 In Intuitive Surgical Stock 5 Years Ago, You Would Have This Much Today",https://finnhub.io/api/news?id=4f079626bb3e99dffabe295af6b8d6b51f01c4d42e31c9ed81e1775228f195db,2026-02-18 16:45:25+00:00,,3,neutral,0,0,0,0,0,0,0,0,0,0,0,0,0,0
ISRG,finnhub_news,MarketWatch,Intuitive Surgical Inc. stock underperforms Wednesday when compared to competitors despite daily gains,https://finnhub.io/api/news?id=3bc62cf87ff21a89b40ca72013b6f640bb4003b7c50e4be8d24392575e856710,2026-02-18 16:35:00+00:00,,6,neutral,0,0,0,0,0,0,0,0,0,0,0,0,0,0
ISRG,finnhub_news,Yahoo,Does Strong da Vinci Growth and 2026 Guidance Change The Bull Case For Intuitive Surgical (ISRG)?,https://finnhub.io/api/news?id=de74e4b119af34829a56bfd4800a68aa21b19b1be71a6861b36034722229d1ff,2026-02-18 05:11:30+00:00,,19,positive,5,0,1,3,4,1,1,1,0,0,0,0,0,2
ISRG,finnhub_news,Yahoo,Intuitive Surgical Revenue Growth And AI Push Shape Robotic Surgery Outlook,https://finnhub.io/api/news?id=31e210e46d690faf53581fdf6d2a136b0a9b7749da7658b31287c4bef4fe3b21,2026-02-18 04:37:07+00:00,,18,positive,2,0,3,1,2,2,1,0,0,0,0,0,0,1
ISRG,reddit_post,ValueInvesting,Olympus (7733.T),https://www.reddit.com/r/ValueInvesting/comments/1r7eh28/olympus_7733t/,2026-02-17 18:33:37+00:00,41.0,11,positive,4,1,0,2,8,1,1,4,2,2,3,1,2,1
ISRG,finnhub_news,Yahoo,"Intuitive Surgical, Inc. (ISRG) is Attracting Investor Attention: Here is What You Should Know",https://finnhub.io/api/news?id=ecf92ea0b42612cde1af0597d071ac176201768a7bbb553b8b03c61d573dcfcb,2026-02-17 14:00:03+00:00,,6,neutral,0,0,0,0,0,0,0,0,0,0,0,0,0,0
ISRG,finnhub_news,Yahoo,What Are Wall Street Analysts' Target Price for Intuitive Surgical Stock?,https://finnhub.io/api/news?id=7549860379b1d2e1514f3378dc2f3e23b34d7b44aabb495cad46e1bc66786eda,2026-02-17 08:33:17+00:00,,5,positive,2,0,0,0,1,0,0,0,1,0,0,0,0,0
ISRG,finnhub_news,Yahoo,Intuitive Surgical AI Push And Global Expansion Tested By Rich Valuation,https://finnhub.io/api/news?id=e1c20329a874902eec4ef0c213e4a66719caf3f878bf57f175069fcbd5868376,2026-02-16 21:10:59+00:00,,15,positive,4,0,2,1,1,2,2,0,1,0,0,0,0,1
ISRG,finnhub_news,Yahoo,Will ISRG's R&D Focus Following Solid Earnings Growth Drive Demand?,https://finnhub.io/api/news?id=356837e3fa7e8d6b11b6d817ce0c9941b7d5d70aa79ae548e7ad68e8216d0ed1,2026-02-13 14:38:00+00:00,,9,positive,2,1,0,0,3,1,0,1,0,0,0,0,0,0
ISRG,reddit_post,stocks,My AI-Heavy Allocation Plan,https://www.reddit.com/r/stocks/comments/1r3204h/my_aiheavy_allocation_plan/,2026-02-12 18:55:24+00:00,40.0,9,positive,4,3,0,0,1,1,1,1,0,1,1,1,0,1
ISRG,finnhub_news,Yahoo,Is Intuitive Surgical (ISRG) Still Priced For Perfection After Recent Share Price Pullback,https://finnhub.io/api/news?id=07f8268bf01517ceabbd9735ef32d4ee344e2630723737473424cdf073235637,2026-02-11 19:08:40+00:00,,6,negative,0,1,0,0,0,0,0,0,0,0,0,0,0,0
ISRG,finnhub_news,Yahoo,Should You Buy ISRG Stock Despite a 13% Fall in Three Months?,https://finnhub.io/api/news?id=93268816836bfd59f611cac98d19c5a4b833452af2d362343a346657330a2f9b,2026-02-11 16:14:00+00:00,,12,positive,4,1,1,2,0,1,0,0,0,0,0,0,0,0
ISRG,finnhub_news,Yahoo,Should You Buy Intuitive Surgical Stock While It's Under $500?,https://finnhub.io/api/news?id=c2d9cf05e280236f805559d8e14e7b1d572a0229f8be3dd0ac30255e9defa018,2026-02-09 17:05:00+00:00,,3,positive,1,0,0,0,0,0,0,0,0,0,0,0,0,0
ISRG,finnhub_news,Yahoo,Intuitive Surgical’s Cardiac Approval Expands Da Vinci 5 Growth Story,https://finnhub.io/api/news?id=9a67ce2f3f31953c2065d0837cfdbd44870a13deab4a6c2e352723ad501a1ee8,2026-02-08 20:05:52+00:00,,19,positive,2,0,2,1,1,3,1,0,0,0,3,0,0,0
ISRG,finnhub_news,Yahoo,1 Reason I'd Buy Intuitive Surgical Stock and Never Sell,https://finnhub.io/api/news?id=5d18da403b07873341bf406512480b66919306cfa1e00af25503c91168e25ecf,2026-02-08 12:30:00+00:00,,4,neutral,1,1,0,0,0,1,0,0,0,0,0,0,0,0
ISRG,finnhub_news,Yahoo,Why This Stock's January Slump Could Be a Gift for Patient Investors,https://finnhub.io/api/news?id=9ff45f15bf44312a75ca0476a9d5b279b1d7e59f082f69b832fa6c1dc569286c,2026-02-07 16:13:00+00:00,,4,positive,1,0,0,0,1,0,0,0,0,0,0,0,0,0
ISRG,finnhub_news,MarketWatch,Intuitive Surgical Inc. stock outperforms competitors on strong trading day,https://finnhub.io/api/news?id=04e60105888b3f2d828914ff4dab985216e54309049999d16d10d6b6d50f6611,2026-02-06 16:36:00+00:00,,6,positive,1,0,0,0,0,0,0,0,0,0,0,0,0,0
ISRG,finnhub_news,Yahoo,"Intuitive Surgical, Inc. (ISRG) Is a Trending Stock: Facts to Know Before Betting on It",https://finnhub.io/api/news?id=2ec6c839ef7a5b008093187ba5725805491175a78f4fe13334a76a2a38a901f7,2026-02-06 14:00:04+00:00,,6,neutral,0,0,0,0,0,0,0,0,0,0,0,0,0,0
ISRG,finnhub_news,Yahoo,Assessing Intuitive Surgical (ISRG) Valuation After Recent Share Price Weakness,https://finnhub.io/api/news?id=156a1d39f0970050da0fae38a8b7b09531f1c65ed12e37d75c2e046f5d0898d9,2026-02-05 18:13:27+00:00,,7,neutral,1,1,0,0,0,0,0,0,1,0,0,0,0,0
ISRG,finnhub_news,Yahoo,Can Intuitive Surgical Sustain Robust Top-line Growth in 2026?,https://finnhub.io/api/news?id=e14dc7f28b39f40a38a379cb32141bf046c4460ab272776f7c0112cf91e9c86a,2026-02-05 15:42:00+00:00,,16,positive,3,0,1,2,2,1,0,0,0,0,0,0,0,0
ISRG,finnhub_news,SeekingAlpha,Intuitive Surgical: Buy The January Selloff,https://finnhub.io/api/news?id=73adeafe98a59899fcdf832a6a79f5e8c18284e2593415f4a25dcefaeac5da6b,2026-02-04 18:11:21+00:00,,13,positive,3,0,1,2,0,0,0,0,1,0,1,0,0,0
ISRG,finnhub_news,Yahoo,"Intuitive Surgical, Inc. (ISRG): A Bull Case Theory",https://finnhub.io/api/news?id=067e7204241d4f22ee8597b2f885765e5ae63c746ec5a702ada2ddb19cbb911e,2026-02-04 03:27:56+00:00,,6,positive,1,0,0,0,0,0,0,0,0,0,0,0,0,0
ISRG,finnhub_news,Benzinga,"If You Invested $1000 In Intuitive Surgical Stock 15 Years Ago, You Would Have This Much Today",https://finnhub.io/api/news?id=bd1e177aa13f2577512486ffdb20f4a3cdef4dc0b08d29a832648a5685b86ff9,2026-02-03 16:00:27+00:00,,3,neutral,0,0,0,0,0,0,0,0,0,0,0,0,0,0
ISRG,finnhub_news,Yahoo,Is Intuitive Surgical (ISRG) a Buy as Wall Street Analysts Look Optimistic?,https://finnhub.io/api/news?id=558254e0b62783fc9c40411b723f71c3ce69aaed98b1d04d3d906b698924344e,2026-02-03 14:30:03+00:00,,6,positive,1,0,0,0,0,0,0,0,0,0,0,0,0,0
ISRG,reddit_post,options,"Cheap Calls, Puts and Earnings Plays for this week",https://www.reddit.com/r/options/comments/1qtxgk8/cheap_calls_puts_and_earnings_plays_for_this_week/,2026-02-02 15:05:14+00:00,20.0,6,negative,3,4,0,0,1,0,0,0,2,0,0,0,0,0
ISRG,finnhub_news,Yahoo,FDA Cardiac Clearance Expands Intuitive Surgical da Vinci 5 Opportunity,https://finnhub.io/api/news?id=f09242876ca25898dfaa9be9cc3ec2a5eb6bfcbd4880b85e7ad1f1385c324fd9,2026-02-02 07:08:28+00:00,,19,neutral,0,0,2,1,0,2,1,0,0,0,2,2,0,0
